ISO-10303-21;
HEADER;
FILE_DESCRIPTION(('Open CASCADE Model'),'2;1');
FILE_NAME('Open CASCADE Shape Model','2026-09-20T02:34:19',('Author'),(
    'Open CASCADE'),'Open CASCADE STEP processor 7.8','Open CASCADE 7.8'
  ,'Unknown');
FILE_SCHEMA(('AUTOMOTIVE_DESIGN { 1 0 10303 214 1 1 1 1 }'));
ENDSEC;
DATA;
#1 = APPLICATION_PROTOCOL_DEFINITION('international standard',
  'automotive_design',2000,#2);
#2 = APPLICATION_CONTEXT(
  'core data for automotive mechanical design processes');
#3 = SHAPE_DEFINITION_REPRESENTATION(#4,#10);
#4 = PRODUCT_DEFINITION_SHAPE('','',#5);
#5 = PRODUCT_DEFINITION('design','',#6,#9);
#6 = PRODUCT_DEFINITION_FORMATION('','',#7);
#7 = PRODUCT('002-Tampa(1)-1','002-Tampa(1)-1','',(#8));
#8 = PRODUCT_CONTEXT('',#2,'mechanical');
#9 = PRODUCT_DEFINITION_CONTEXT('part definition',#2,'design');
#10 = SHAPE_REPRESENTATION('',(#11,#15),#19);
#11 = AXIS2_PLACEMENT_3D('',#12,#13,#14);
#12 = CARTESIAN_POINT('',(0.,0.,0.));
#13 = DIRECTION('',(0.,0.,1.));
#14 = DIRECTION('',(1.,0.,-0.));
#15 = AXIS2_PLACEMENT_3D('',#16,#17,#18);
#16 = CARTESIAN_POINT('',(0.,-26.22,0.));
#17 = DIRECTION('',(0.,0.,1.));
#18 = DIRECTION('',(1.,0.,0.));
#19 = ( GEOMETRIC_REPRESENTATION_CONTEXT(3) 
GLOBAL_UNCERTAINTY_ASSIGNED_CONTEXT((#23)) GLOBAL_UNIT_ASSIGNED_CONTEXT(
(#20,#21,#22)) REPRESENTATION_CONTEXT('Context #1',
  '3D Context with UNIT and UNCERTAINTY') );
#20 = ( LENGTH_UNIT() NAMED_UNIT(*) SI_UNIT(.MILLI.,.METRE.) );
#21 = ( NAMED_UNIT(*) PLANE_ANGLE_UNIT() SI_UNIT($,.RADIAN.) );
#22 = ( NAMED_UNIT(*) SI_UNIT($,.STERADIAN.) SOLID_ANGLE_UNIT() );
#23 = UNCERTAINTY_MEASURE_WITH_UNIT(LENGTH_MEASURE(2.E-03),#20,
  'distance_accuracy_value','confusion accuracy');
#24 = PRODUCT_RELATED_PRODUCT_CATEGORY('part',$,(#7));
#25 = SHAPE_DEFINITION_REPRESENTATION(#26,#32);
#26 = PRODUCT_DEFINITION_SHAPE('','',#27);
#27 = PRODUCT_DEFINITION('design','',#28,#31);
#28 = PRODUCT_DEFINITION_FORMATION('','',#29);
#29 = PRODUCT('Tampa','Tampa','',(#30));
#30 = PRODUCT_CONTEXT('',#2,'mechanical');
#31 = PRODUCT_DEFINITION_CONTEXT('part definition',#2,'design');
#32 = ADVANCED_BREP_SHAPE_REPRESENTATION('',(#11,#33),#10726);
#33 = MANIFOLD_SOLID_BREP('',#34);
#34 = CLOSED_SHELL('',(#35,#69,#141,#216,#285,#354,#426,#498,#567,#639,
    #706,#753,#799,#845,#890,#936,#981,#1027,#1073,#1118,#1163,#1197,
    #1269,#1344,#1413,#1482,#1554,#1626,#1695,#1767,#1834,#1881,#1927,
    #1973,#2018,#2064,#2109,#2155,#2201,#2246,#2291,#2325,#2397,#2472,
    #2541,#2610,#2682,#2754,#2823,#2895,#2962,#3009,#3055,#3101,#3146,
    #3192,#3237,#3283,#3329,#3374,#3419,#3453,#3525,#3600,#3669,#3738,
    #3810,#3882,#3951,#4023,#4090,#4137,#4183,#4229,#4274,#4320,#4365,
    #4411,#4457,#4502,#4547,#4584,#5062,#5167,#5563,#5590,#5602,#5639,
    #6117,#6222,#6618,#6645,#6657,#6694,#7172,#7277,#7673,#7733,#7745,
    #8165,#8188,#8222,#8259,#8737,#8842,#9238,#9257,#9269,#9311,#9335,
    #9373,#9412,#9482,#9501,#9532,#9556,#9580,#9597,#9622,#9647,#9672,
    #9697,#9722,#9747,#9772,#9797,#9822,#9847,#9872,#9897,#9922,#9947,
    #9972,#9997,#10022,#10047,#10072,#10097,#10122,#10147,#10172,#10197,
    #10222,#10247,#10272,#10297,#10322,#10347,#10387,#10411,#10427,
    #10451,#10474,#10506,#10530,#10548,#10573,#10697,#10714));
#35 = ADVANCED_FACE('',(#36),#64,.F.);
#36 = FACE_BOUND('',#37,.F.);
#37 = EDGE_LOOP('',(#38,#49,#58));
#38 = ORIENTED_EDGE('',*,*,#39,.F.);
#39 = EDGE_CURVE('',#40,#42,#44,.T.);
#40 = VERTEX_POINT('',#41);
#41 = CARTESIAN_POINT('',(71.558189618209,46.05411767968,-60.40909518885
    ));
#42 = VERTEX_POINT('',#43);
#43 = CARTESIAN_POINT('',(71.088156221458,46.084469909705,
    -60.49842898814));
#44 = B_SPLINE_CURVE_WITH_KNOTS('',3,(#45,#46,#47,#48),.UNSPECIFIED.,.F.
  ,.F.,(4,4),(-60.78268714045,-60.40126976898),
  .PIECEWISE_BEZIER_KNOTS.);
#45 = CARTESIAN_POINT('',(71.559214537567,46.05411767968,-60.41115274118
    ));
#46 = CARTESIAN_POINT('',(71.410547689883,46.064235089688,
    -60.47045691507));
#47 = CARTESIAN_POINT('',(71.249475187405,46.074352499697,
    -60.49916670828));
#48 = CARTESIAN_POINT('',(71.088156221458,46.084469909705,
    -60.49842898814));
#49 = ORIENTED_EDGE('',*,*,#50,.T.);
#50 = EDGE_CURVE('',#40,#51,#53,.T.);
#51 = VERTEX_POINT('',#52);
#52 = CARTESIAN_POINT('',(71.087496742066,46.05411767968,-60.49996472472
    ));
#53 = CIRCLE('',#54,1.2645);
#54 = AXIS2_PLACEMENT_3D('',#55,#56,#57);
#55 = CARTESIAN_POINT('',(71.087496742066,46.05411767968,-59.23546472472
    ));
#56 = DIRECTION('',(0.,1.,-2.22044604925E-16));
#57 = DIRECTION('',(0.,2.22044604925E-16,1.));
#58 = ORIENTED_EDGE('',*,*,#59,.F.);
#59 = EDGE_CURVE('',#42,#51,#60,.T.);
#60 = LINE('',#61,#62);
#61 = CARTESIAN_POINT('',(71.087496742066,43.697065711105,
    -60.49996472472));
#62 = VECTOR('',#63,1.);
#63 = DIRECTION('',(0.,-1.,2.22044604925E-16));
#64 = CYLINDRICAL_SURFACE('',#65,1.2645);
#65 = AXIS2_PLACEMENT_3D('',#66,#67,#68);
#66 = CARTESIAN_POINT('',(71.087496742066,43.697065711105,
    -59.23546472472));
#67 = DIRECTION('',(0.,-1.,2.22044604925E-16));
#68 = DIRECTION('',(0.,2.22044604925E-16,1.));
#69 = ADVANCED_FACE('',(#70),#136,.F.);
#70 = FACE_BOUND('',#71,.F.);
#71 = EDGE_LOOP('',(#72,#99,#100,#109,#130));
#72 = ORIENTED_EDGE('',*,*,#73,.F.);
#73 = EDGE_CURVE('',#42,#74,#76,.T.);
#74 = VERTEX_POINT('',#75);
#75 = CARTESIAN_POINT('',(71.08639188929,46.584469909705,-60.49934227046
    ));
#76 = B_SPLINE_CURVE_WITH_KNOTS('',3,(#77,#78,#79,#80,#81,#82,#83,#84,
    #85,#86,#87,#88,#89,#90,#91,#92,#93,#94,#95,#96,#97,#98),
  .UNSPECIFIED.,.F.,.F.,(4,3,3,3,3,3,3,4),(-60.40126976898,
    -59.81262822115,-58.81575108413,-57.81887394711,-56.82199681009,
    -55.82511967307,-54.82824253605,-54.1180844618),.UNSPECIFIED.);
#77 = CARTESIAN_POINT('',(71.088156221458,46.084469909705,
    -60.49842898814));
#78 = CARTESIAN_POINT('',(70.839192611212,46.100084111713,
    -60.49729046442));
#79 = CARTESIAN_POINT('',(70.589641980228,46.115698313721,
    -60.42601456461));
#80 = CARTESIAN_POINT('',(70.384199028126,46.131312515729,
    -60.28881693838));
#81 = CARTESIAN_POINT('',(70.036276964748,46.157755503064,
    -60.05646980396));
#82 = CARTESIAN_POINT('',(69.814856394214,46.184198490399,
    -59.63505815707));
#83 = CARTESIAN_POINT('',(69.821030419935,46.210641477734,
    -59.21686141517));
#84 = CARTESIAN_POINT('',(69.827204445656,46.23708446507,-58.79866467326
    ));
#85 = CARTESIAN_POINT('',(70.060973067632,46.263527452405,
    -58.38368283634));
#86 = CARTESIAN_POINT('',(70.415541671139,46.28997043974,-58.16175486394
    ));
#87 = CARTESIAN_POINT('',(70.770110274645,46.316413427076,
    -57.93982689154));
#88 = CARTESIAN_POINT('',(71.245478859681,46.342856414411,
    -57.91095278366));
#89 = CARTESIAN_POINT('',(71.624343094227,46.369299401746,
    -58.08825160929));
#90 = CARTESIAN_POINT('',(72.003207328773,46.395742389082,
    -58.26555043491));
#91 = CARTESIAN_POINT('',(72.285567212828,46.422185376417,
    -58.64902219403));
#92 = CARTESIAN_POINT('',(72.34237658067,46.448628363752,-59.06343046292
    ));
#93 = CARTESIAN_POINT('',(72.399185948511,46.475071351088,-59.4778387318
    ));
#94 = CARTESIAN_POINT('',(72.230444800138,46.501514338423,
    -59.92318351045));
#95 = CARTESIAN_POINT('',(71.913273893916,46.527957325758,
    -60.19589154872));
#96 = CARTESIAN_POINT('',(71.687326812169,46.546794853741,-60.3901640504
    ));
#97 = CARTESIAN_POINT('',(71.386053234385,46.565632381723,
    -60.49682527435));
#98 = CARTESIAN_POINT('',(71.08639188929,46.584469909705,-60.49934227046
    ));
#99 = ORIENTED_EDGE('',*,*,#59,.T.);
#100 = ORIENTED_EDGE('',*,*,#101,.T.);
#101 = EDGE_CURVE('',#51,#102,#104,.T.);
#102 = VERTEX_POINT('',#103);
#103 = CARTESIAN_POINT('',(69.857060854012,46.05411767968,
    -59.52699135367));
#104 = CIRCLE('',#105,1.2645);
#105 = AXIS2_PLACEMENT_3D('',#106,#107,#108);
#106 = CARTESIAN_POINT('',(71.087496742066,46.05411767968,
    -59.23546472472));
#107 = DIRECTION('',(0.,1.,-2.22044604925E-16));
#108 = DIRECTION('',(0.,2.22044604925E-16,1.));
#109 = ORIENTED_EDGE('',*,*,#110,.F.);
#110 = EDGE_CURVE('',#111,#102,#113,.T.);
#111 = VERTEX_POINT('',#112);
#112 = CARTESIAN_POINT('',(71.08718827134,46.447630562466,
    -60.50201195571));
#113 = B_SPLINE_CURVE_WITH_KNOTS('',3,(#114,#115,#116,#117,#118,#119,
    #120,#121,#122,#123,#124,#125,#126,#127,#128,#129),.UNSPECIFIED.,.F.
  ,.F.,(4,3,3,3,3,4),(57.858230905594,58.815751084131,59.81262822115,
    60.809505358169,61.806382495189,62.803259632208),.UNSPECIFIED.);
#114 = CARTESIAN_POINT('',(71.08718827134,46.447630562466,
    -60.50201195571));
#115 = CARTESIAN_POINT('',(71.48904748058,46.422231550879,
    -60.50068421795));
#116 = CARTESIAN_POINT('',(71.892078878191,46.396832539291,
    -60.29293436911));
#117 = CARTESIAN_POINT('',(72.123307600291,46.371433527704,
    -59.96442214848));
#118 = CARTESIAN_POINT('',(72.364040518146,46.344990540368,
    -59.62240708779));
#119 = CARTESIAN_POINT('',(72.418557294121,46.318547553033,
    -59.14949823925));
#120 = CARTESIAN_POINT('',(72.262036599924,46.292104565698,
    -58.76150825282));
#121 = CARTESIAN_POINT('',(72.105515905727,46.265661578362,
    -58.3735182664));
#122 = CARTESIAN_POINT('',(71.737957741356,46.239218591027,
    -58.07044714209));
#123 = CARTESIAN_POINT('',(71.327169617786,46.212775603692,
    -57.99152651709));
#124 = CARTESIAN_POINT('',(70.916381494215,46.186332616357,
    -57.91260589209));
#125 = CARTESIAN_POINT('',(70.462363411445,46.159889629021,
    -58.0578357664));
#126 = CARTESIAN_POINT('',(70.173315232124,46.133446641686,
    -58.35921601468));
#127 = CARTESIAN_POINT('',(69.884267052804,46.107003654351,
    -58.66059626296));
#128 = CARTESIAN_POINT('',(69.760188776934,46.080560667015,
    -59.11812688521));
#129 = CARTESIAN_POINT('',(69.857060854012,46.05411767968,
    -59.52699135367));
#130 = ORIENTED_EDGE('',*,*,#131,.F.);
#131 = EDGE_CURVE('',#74,#111,#132,.T.);
#132 = LINE('',#133,#134);
#133 = CARTESIAN_POINT('',(71.087496742066,43.697065711105,
    -60.49996472472));
#134 = VECTOR('',#135,1.);
#135 = DIRECTION('',(0.,-1.,2.22044604925E-16));
#136 = CYLINDRICAL_SURFACE('',#137,1.2645);
#137 = AXIS2_PLACEMENT_3D('',#138,#139,#140);
#138 = CARTESIAN_POINT('',(71.087496742066,43.697065711105,
    -59.23546472472));
#139 = DIRECTION('',(0.,-1.,2.22044604925E-16));
#140 = DIRECTION('',(0.,2.22044604925E-16,1.));
#141 = ADVANCED_FACE('',(#142),#211,.F.);
#142 = FACE_BOUND('',#143,.F.);
#143 = EDGE_LOOP('',(#144,#174,#175,#205));
#144 = ORIENTED_EDGE('',*,*,#145,.F.);
#145 = EDGE_CURVE('',#74,#146,#148,.T.);
#146 = VERTEX_POINT('',#147);
#147 = CARTESIAN_POINT('',(71.08761534079,47.084469909705,
    -60.50206899684));
#148 = B_SPLINE_CURVE_WITH_KNOTS('',3,(#149,#150,#151,#152,#153,#154,
    #155,#156,#157,#158,#159,#160,#161,#162,#163,#164,#165,#166,#167,
    #168,#169,#170,#171,#172,#173),.UNSPECIFIED.,.F.,.F.,(4,3,3,3,3,3,3,
    3,4),(-54.1180844618,-53.83136539903,-52.83448826201,-51.83761112499
    ,-50.84073398797,-49.84385685095,-48.84697971393,-47.85010257692,
    -47.83489915462),.UNSPECIFIED.);
#149 = CARTESIAN_POINT('',(71.08639188929,46.584469909705,
    -60.49934227046));
#150 = CARTESIAN_POINT('',(70.965406684545,46.592075369058,
    -60.50035848192));
#151 = CARTESIAN_POINT('',(70.844684283092,46.599680828411,
    -60.48439857938));
#152 = CARTESIAN_POINT('',(70.729288171048,46.607286287764,
    -60.45037449754));
#153 = CARTESIAN_POINT('',(70.328074018471,46.6337292751,-60.33207811022
    ));
#154 = CARTESIAN_POINT('',(69.991246377388,46.660172262435,
    -59.9954140377));
#155 = CARTESIAN_POINT('',(69.872758462476,46.68661524977,
    -59.59425787506));
#156 = CARTESIAN_POINT('',(69.754270547564,46.713058237105,
    -59.19310171242));
#157 = CARTESIAN_POINT('',(69.854122358823,46.739501224441,
    -58.72745345966));
#158 = CARTESIAN_POINT('',(70.126675077026,46.765944211776,
    -58.41015022766));
#159 = CARTESIAN_POINT('',(70.399227795229,46.792387199111,
    -58.09284699565));
#160 = CARTESIAN_POINT('',(70.844481420376,46.818830186447,
    -57.9238887844));
#161 = CARTESIAN_POINT('',(71.25892241021,46.845273173782,
    -57.98050074322));
#162 = CARTESIAN_POINT('',(71.673363400044,46.871716161117,
    -58.03711270204));
#163 = CARTESIAN_POINT('',(72.056991754564,46.898159148453,
    -58.31929483093));
#164 = CARTESIAN_POINT('',(72.234461653741,46.924602135788,
    -58.69806991716));
#165 = CARTESIAN_POINT('',(72.411931552918,46.951045123123,
    -59.07684500339));
#166 = CARTESIAN_POINT('',(72.383242996751,46.977488110459,
    -59.55221304695));
#167 = CARTESIAN_POINT('',(72.16150865683,47.003931097794,-59.9068961352
    ));
#168 = CARTESIAN_POINT('',(71.939774316909,47.030374085129,
    -60.26157922344));
#169 = CARTESIAN_POINT('',(71.524994193235,47.056817072465,
    -60.49557735637));
#170 = CARTESIAN_POINT('',(71.106752926622,47.0832600598,-60.50193652863
    ));
#171 = CARTESIAN_POINT('',(71.100374308474,47.083663343101,
    -60.50203351268));
#172 = CARTESIAN_POINT('',(71.093994885284,47.084066626403,
    -60.50207754915));
#173 = CARTESIAN_POINT('',(71.08761534079,47.084469909705,
    -60.50206899684));
#174 = ORIENTED_EDGE('',*,*,#131,.T.);
#175 = ORIENTED_EDGE('',*,*,#176,.F.);
#176 = EDGE_CURVE('',#177,#111,#179,.T.);
#177 = VERTEX_POINT('',#178);
#178 = CARTESIAN_POINT('',(71.088637963163,46.947630562466,
    -60.49963330034));
#179 = B_SPLINE_CURVE_WITH_KNOTS('',3,(#180,#181,#182,#183,#184,#185,
    #186,#187,#188,#189,#190,#191,#192,#193,#194,#195,#196,#197,#198,
    #199,#200,#201,#202,#203,#204),.UNSPECIFIED.,.F.,.F.,(4,3,3,3,3,3,3,
    3,4),(51.575045598414,51.837611124997,52.834488262016,
    53.831365399035,54.828242536054,55.825119673074,56.821996810093,
    57.818873947112,57.858230905594),.UNSPECIFIED.);
#180 = CARTESIAN_POINT('',(71.088637963163,46.947630562466,
    -60.49963330034));
#181 = CARTESIAN_POINT('',(71.199366210393,46.940665795559,
    -60.50061275905));
#182 = CARTESIAN_POINT('',(71.309862231975,46.933701028652,
    -60.48726906656));
#183 = CARTESIAN_POINT('',(71.416258824899,46.926736261745,
    -60.45867272727));
#184 = CARTESIAN_POINT('',(71.820212581977,46.90029327441,
    -60.35010159379));
#185 = CARTESIAN_POINT('',(72.16507399818,46.873850287075,-60.0216669919
    ));
#186 = CARTESIAN_POINT('',(72.293215797331,46.84740729974,-59.6234894739
    ));
#187 = CARTESIAN_POINT('',(72.421357596483,46.820964312404,
    -59.2253119559));
#188 = CARTESIAN_POINT('',(72.332779778581,46.794521325069,
    -58.75739152178));
#189 = CARTESIAN_POINT('',(72.067970060085,46.768078337733,
    -58.43359737712));
#190 = CARTESIAN_POINT('',(71.80316034159,46.741635350398,
    -58.10980323246));
#191 = CARTESIAN_POINT('',(71.362118722499,46.715192363063,
    -57.93013537725));
#192 = CARTESIAN_POINT('',(70.946430674493,46.688749375728,
    -57.97672408965));
#193 = CARTESIAN_POINT('',(70.530742626487,46.662306388392,
    -58.02331280204));
#194 = CARTESIAN_POINT('',(70.140408149565,46.635863401057,
    -58.29615808205));
#195 = CARTESIAN_POINT('',(69.953843658575,46.609420413722,
    -58.67053117451));
#196 = CARTESIAN_POINT('',(69.767279167585,46.582977426386,
    -59.04490426697));
#197 = CARTESIAN_POINT('',(69.784484662527,46.556534439051,
    -59.5208051719));
#198 = CARTESIAN_POINT('',(69.997585144248,46.530091451716,
    -59.88075123737));
#199 = CARTESIAN_POINT('',(70.210685625969,46.50364846438,
    -60.24069730284));
#200 = CARTESIAN_POINT('',(70.61968109447,46.477205477045,
    -60.48468852886));
#201 = CARTESIAN_POINT('',(71.037653358586,46.45076248971,
    -60.50112350544));
#202 = CARTESIAN_POINT('',(71.054155008022,46.449718513962,
    -60.50177236242));
#203 = CARTESIAN_POINT('',(71.0706706495,46.448674538214,-60.50206652972
    ));
#204 = CARTESIAN_POINT('',(71.08718827134,46.447630562466,
    -60.50201195571));
#205 = ORIENTED_EDGE('',*,*,#206,.F.);
#206 = EDGE_CURVE('',#146,#177,#207,.T.);
#207 = LINE('',#208,#209);
#208 = CARTESIAN_POINT('',(71.087496742066,43.697065711105,
    -60.49996472472));
#209 = VECTOR('',#210,1.);
#210 = DIRECTION('',(0.,-1.,2.22044604925E-16));
#211 = CYLINDRICAL_SURFACE('',#212,1.2645);
#212 = AXIS2_PLACEMENT_3D('',#213,#214,#215);
#213 = CARTESIAN_POINT('',(71.087496742066,43.697065711105,
    -59.23546472472));
#214 = DIRECTION('',(0.,-1.,2.22044604925E-16));
#215 = DIRECTION('',(0.,2.22044604925E-16,1.));
#216 = ADVANCED_FACE('',(#217),#280,.F.);
#217 = FACE_BOUND('',#218,.F.);
#218 = EDGE_LOOP('',(#219,#246,#247,#274));
#219 = ORIENTED_EDGE('',*,*,#220,.F.);
#220 = EDGE_CURVE('',#146,#221,#223,.T.);
#221 = VERTEX_POINT('',#222);
#222 = CARTESIAN_POINT('',(71.088521888175,47.584469909705,
    -60.49899958899));
#223 = B_SPLINE_CURVE_WITH_KNOTS('',3,(#224,#225,#226,#227,#228,#229,
    #230,#231,#232,#233,#234,#235,#236,#237,#238,#239,#240,#241,#242,
    #243,#244,#245),.UNSPECIFIED.,.F.,.F.,(4,3,3,3,3,3,3,4),(
    -47.83489915462,-46.8532254399,-45.85634830288,-44.85947116586,
    -43.86259402884,-42.86571689182,-41.8688397548,-41.55171384744),
  .UNSPECIFIED.);
#224 = CARTESIAN_POINT('',(71.08761534079,47.084469909705,
    -60.50206899684));
#225 = CARTESIAN_POINT('',(70.675692878807,47.110509613739,
    -60.50151678023));
#226 = CARTESIAN_POINT('',(70.263264678125,47.136549317772,
    -60.28171193475));
#227 = CARTESIAN_POINT('',(70.034394268447,47.162589021806,
    -59.93923802179));
#228 = CARTESIAN_POINT('',(69.801979286436,47.189032009141,
    -59.59146013109));
#229 = CARTESIAN_POINT('',(69.758851731966,47.215474996477,
    -59.1171841381));
#230 = CARTESIAN_POINT('',(69.924724034671,47.241917983812,
    -58.73318859972));
#231 = CARTESIAN_POINT('',(70.090596337376,47.268360971147,
    -58.34919306133));
#232 = CARTESIAN_POINT('',(70.465468497257,47.294803958482,
    -58.05547797755));
#233 = CARTESIAN_POINT('',(70.877996741758,47.321246945818,
    -57.98629243316));
#234 = CARTESIAN_POINT('',(71.29052498626,47.347689933153,
    -57.91710688876));
#235 = CARTESIAN_POINT('',(71.740709315384,47.374132920488,
    -58.07245088374));
#236 = CARTESIAN_POINT('',(72.022782838979,47.400575907824,
    -58.38132095088));
#237 = CARTESIAN_POINT('',(72.304856362575,47.427018895159,
    -58.69019101802));
#238 = CARTESIAN_POINT('',(72.418819080642,47.453461882494,
    -59.15258715733));
#239 = CARTESIAN_POINT('',(72.312581763786,47.47990486983,
    -59.55716079047));
#240 = CARTESIAN_POINT('',(72.20634444693,47.506347857165,
    -59.96173442362));
#241 = CARTESIAN_POINT('',(71.87990709515,47.5327908445,-60.3084855506)
  );
#242 = CARTESIAN_POINT('',(71.482475256642,47.559233831836,
    -60.43892375647));
#243 = CARTESIAN_POINT('',(71.356044498307,47.567645857792,
    -60.4804186738));
#244 = CARTESIAN_POINT('',(71.222429103513,47.576057883748,
    -60.50002274057));
#245 = CARTESIAN_POINT('',(71.088521888175,47.584469909705,
    -60.49899958899));
#246 = ORIENTED_EDGE('',*,*,#206,.T.);
#247 = ORIENTED_EDGE('',*,*,#248,.F.);
#248 = EDGE_CURVE('',#249,#177,#251,.T.);
#249 = VERTEX_POINT('',#250);
#250 = CARTESIAN_POINT('',(71.087050907395,47.447630562466,
    -60.49809665571));
#251 = B_SPLINE_CURVE_WITH_KNOTS('',3,(#252,#253,#254,#255,#256,#257,
    #258,#259,#260,#261,#262,#263,#264,#265,#266,#267,#268,#269,#270,
    #271,#272,#273),.UNSPECIFIED.,.F.,.F.,(4,3,3,3,3,3,3,4),(
    45.291860291234,45.856348302882,46.853225439901,47.85010257692,
    48.846979713939,49.843856850959,50.840733987978,51.575045598414),
  .UNSPECIFIED.);
#252 = CARTESIAN_POINT('',(71.087050907395,47.447630562466,
    -60.49809665571));
#253 = CARTESIAN_POINT('',(71.325835688324,47.432657052904,
    -60.49733949816));
#254 = CARTESIAN_POINT('',(71.565002927322,47.417683543343,
    -60.4322988039));
#255 = CARTESIAN_POINT('',(71.765116366849,47.402710033781,
    -60.30558310721));
#256 = CARTESIAN_POINT('',(72.118513619861,47.376267046446,
    -60.08180513793));
#257 = CARTESIAN_POINT('',(72.350113725305,47.349824059111,
    -59.66568123885));
#258 = CARTESIAN_POINT('',(72.354058628377,47.323381071775,
    -59.24741024233));
#259 = CARTESIAN_POINT('',(72.358003531449,47.29693808444,
    -58.82913924581));
#260 = CARTESIAN_POINT('',(72.134293232149,47.270495097105,
    -58.40872115186));
#261 = CARTESIAN_POINT('',(71.785179579738,47.244052109769,
    -58.17831746799));
#262 = CARTESIAN_POINT('',(71.436065927326,47.217609122434,
    -57.94791378413));
#263 = CARTESIAN_POINT('',(70.961548921803,47.191166135099,
    -57.90752451036));
#264 = CARTESIAN_POINT('',(70.578517220877,47.164723147763,
    -58.0756105905));
#265 = CARTESIAN_POINT('',(70.195485519952,47.138280160428,
    -58.24369667064));
#266 = CARTESIAN_POINT('',(69.903939123624,47.111837173093,
    -58.6202581047));
#267 = CARTESIAN_POINT('',(69.837135949564,47.085394185757,
    -59.03317876375));
#268 = CARTESIAN_POINT('',(69.770332775503,47.058951198422,
    -59.44609942281));
#269 = CARTESIAN_POINT('',(69.928272823711,47.032508211087,
    -59.89537930686));
#270 = CARTESIAN_POINT('',(70.23876589679,47.006065223751,
    -60.17566541635));
#271 = CARTESIAN_POINT('',(70.467478804385,46.986587003323,
    -60.38212751363));
#272 = CARTESIAN_POINT('',(70.778966550459,46.967108782894,
    -60.49689406829));
#273 = CARTESIAN_POINT('',(71.088637963163,46.947630562466,
    -60.49963330034));
#274 = ORIENTED_EDGE('',*,*,#275,.F.);
#275 = EDGE_CURVE('',#221,#249,#276,.T.);
#276 = LINE('',#277,#278);
#277 = CARTESIAN_POINT('',(71.087496742066,43.697065711105,
    -60.49996472472));
#278 = VECTOR('',#279,1.);
#279 = DIRECTION('',(0.,-1.,2.22044604925E-16));
#280 = CYLINDRICAL_SURFACE('',#281,1.2645);
#281 = AXIS2_PLACEMENT_3D('',#282,#283,#284);
#282 = CARTESIAN_POINT('',(71.087496742066,43.697065711105,
    -59.23546472472));
#283 = DIRECTION('',(0.,-1.,2.22044604925E-16));
#284 = DIRECTION('',(0.,2.22044604925E-16,1.));
#285 = ADVANCED_FACE('',(#286),#349,.F.);
#286 = FACE_BOUND('',#287,.F.);
#287 = EDGE_LOOP('',(#288,#315,#316,#343));
#288 = ORIENTED_EDGE('',*,*,#289,.F.);
#289 = EDGE_CURVE('',#221,#290,#292,.T.);
#290 = VERTEX_POINT('',#291);
#291 = CARTESIAN_POINT('',(71.086730996779,48.084469909705,
    -60.49843331749));
#292 = B_SPLINE_CURVE_WITH_KNOTS('',3,(#293,#294,#295,#296,#297,#298,
    #299,#300,#301,#302,#303,#304,#305,#306,#307,#308,#309,#310,#311,
    #312,#313,#314),.UNSPECIFIED.,.F.,.F.,(4,3,3,3,3,3,3,4),(
    -41.55171384744,-40.87196261778,-39.87508548076,-38.87820834374,
    -37.88133120672,-36.8844540697,-35.88757693269,-35.26852854026),
  .UNSPECIFIED.);
#293 = CARTESIAN_POINT('',(71.088521888175,47.584469909705,
    -60.49899958899));
#294 = CARTESIAN_POINT('',(70.801495214622,47.602500871084,
    -60.49680648988));
#295 = CARTESIAN_POINT('',(70.513127776823,47.620531832463,
    -60.39984200654));
#296 = CARTESIAN_POINT('',(70.29130108835,47.638562793842,
    -60.22055058378));
#297 = CARTESIAN_POINT('',(69.965985083802,47.665005781177,
    -59.95761392046));
#298 = CARTESIAN_POINT('',(69.783779399942,47.691448768512,
    -59.51761530905));
#299 = CARTESIAN_POINT('',(69.82796525059,47.717891755848,
    -59.10166603035));
#300 = CARTESIAN_POINT('',(69.872151101239,47.744334743183,
    -58.68571675165));
#301 = CARTESIAN_POINT('',(70.142728486395,47.770777730518,
    -58.29381680566));
#302 = CARTESIAN_POINT('',(70.516023914819,47.797220717853,
    -58.10509289375));
#303 = CARTESIAN_POINT('',(70.889319343243,47.823663705189,
    -57.91636898185));
#304 = CARTESIAN_POINT('',(71.365332814933,47.850106692524,
    -57.93082110403));
#305 = CARTESIAN_POINT('',(71.726491646003,47.876549679859,
    -58.14184359227));
#306 = CARTESIAN_POINT('',(72.087650477073,47.902992667195,
    -58.3528660805));
#307 = CARTESIAN_POINT('',(72.333954667523,47.92943565453,-58.7604589348
    ));
#308 = CARTESIAN_POINT('',(72.352825336777,47.955878641865,
    -59.17832265619));
#309 = CARTESIAN_POINT('',(72.371696006031,47.982321629201,
    -59.59618637758));
#310 = CARTESIAN_POINT('',(72.163133154089,48.008764616536,
    -60.02432096607));
#311 = CARTESIAN_POINT('',(71.822465132276,48.035207603871,
    -60.26703786026));
#312 = CARTESIAN_POINT('',(71.610914497377,48.051628372482,
    -60.41776205443));
#313 = CARTESIAN_POINT('',(71.348420718674,48.068049141094,
    -60.49698442717));
#314 = CARTESIAN_POINT('',(71.086730996779,48.084469909705,
    -60.49843331749));
#315 = ORIENTED_EDGE('',*,*,#275,.T.);
#316 = ORIENTED_EDGE('',*,*,#317,.F.);
#317 = EDGE_CURVE('',#318,#249,#320,.T.);
#318 = VERTEX_POINT('',#319);
#319 = CARTESIAN_POINT('',(71.086616024526,47.947630562466,
    -60.50126065953));
#320 = B_SPLINE_CURVE_WITH_KNOTS('',3,(#321,#322,#323,#324,#325,#326,
    #327,#328,#329,#330,#331,#332,#333,#334,#335,#336,#337,#338,#339,
    #340,#341,#342),.UNSPECIFIED.,.F.,.F.,(4,3,3,3,3,3,3,4),(
    39.008674984055,39.875085480767,40.871962617786,41.868839754805,
    42.865716891824,43.862594028844,44.859471165863,45.291860291234),
  .UNSPECIFIED.);
#321 = CARTESIAN_POINT('',(71.086616024526,47.947630562466,
    -60.50126065953));
#322 = CARTESIAN_POINT('',(71.450786695532,47.92464831025,
    -60.49837015554));
#323 = CARTESIAN_POINT('',(71.817251854576,47.901666058033,
    -60.33270887903));
#324 = CARTESIAN_POINT('',(72.052671741895,47.878683805817,
    -60.05568355038));
#325 = CARTESIAN_POINT('',(72.323541848108,47.852240818481,
    -59.73694293314));
#326 = CARTESIAN_POINT('',(72.42092883725,47.825797831146,
    -59.27077400628));
#327 = CARTESIAN_POINT('',(72.300319791279,47.799354843811,-58.870249783
    ));
#328 = CARTESIAN_POINT('',(72.179710745308,47.772911856476,
    -58.46972555973));
#329 = CARTESIAN_POINT('',(71.841105664223,47.74646886914,
    -58.13484604003));
#330 = CARTESIAN_POINT('',(71.4392716308,47.720025881805,-58.01867545399
    ));
#331 = CARTESIAN_POINT('',(71.037437597377,47.69358289447,
    -57.90250486794));
#332 = CARTESIAN_POINT('',(70.572374611616,47.667139907134,
    -58.00504321554));
#333 = CARTESIAN_POINT('',(70.256650190655,47.640696919799,
    -58.27942303587));
#334 = CARTESIAN_POINT('',(69.940925769694,47.614253932464,
    -58.5538028562));
#335 = CARTESIAN_POINT('',(69.774539913534,47.587810945128,
    -59.00002414926));
#336 = CARTESIAN_POINT('',(69.833543028004,47.561367957793,
    -59.41413141464));
#337 = CARTESIAN_POINT('',(69.892546142474,47.534924970458,
    -59.82823868003));
#338 = CARTESIAN_POINT('',(70.176938227574,47.508481983122,
    -60.21023191773));
#339 = CARTESIAN_POINT('',(70.556731470415,47.482038995787,
    -60.38551251685));
#340 = CARTESIAN_POINT('',(70.721464376804,47.470569518013,
    -60.46153936322));
#341 = CARTESIAN_POINT('',(70.904145441827,47.45910004024,
    -60.49867662673));
#342 = CARTESIAN_POINT('',(71.087050907395,47.447630562466,
    -60.49809665571));
#343 = ORIENTED_EDGE('',*,*,#344,.F.);
#344 = EDGE_CURVE('',#290,#318,#345,.T.);
#345 = LINE('',#346,#347);
#346 = CARTESIAN_POINT('',(71.087496742066,43.697065711105,
    -60.49996472472));
#347 = VECTOR('',#348,1.);
#348 = DIRECTION('',(0.,-1.,2.22044604925E-16));
#349 = CYLINDRICAL_SURFACE('',#350,1.2645);
#350 = AXIS2_PLACEMENT_3D('',#351,#352,#353);
#351 = CARTESIAN_POINT('',(71.087496742066,43.697065711105,
    -59.23546472472));
#352 = DIRECTION('',(0.,-1.,2.22044604925E-16));
#353 = DIRECTION('',(0.,2.22044604925E-16,1.));
#354 = ADVANCED_FACE('',(#355),#421,.F.);
#355 = FACE_BOUND('',#356,.F.);
#356 = EDGE_LOOP('',(#357,#384,#385,#415));
#357 = ORIENTED_EDGE('',*,*,#358,.F.);
#358 = EDGE_CURVE('',#290,#359,#361,.T.);
#359 = VERTEX_POINT('',#360);
#360 = CARTESIAN_POINT('',(71.086933094031,48.584469909705,
    -60.50177249936));
#361 = B_SPLINE_CURVE_WITH_KNOTS('',3,(#362,#363,#364,#365,#366,#367,
    #368,#369,#370,#371,#372,#373,#374,#375,#376,#377,#378,#379,#380,
    #381,#382,#383),.UNSPECIFIED.,.F.,.F.,(4,3,3,3,3,3,3,4),(
    -35.26852854026,-34.89069979567,-33.89382265865,-32.89694552163,
    -31.90006838461,-30.90319124759,-29.90631411057,-28.98534323308),
  .UNSPECIFIED.);
#362 = CARTESIAN_POINT('',(71.086730996779,48.084469909705,
    -60.49843331749));
#363 = CARTESIAN_POINT('',(70.92701182085,48.094492128429,
    -60.49931763027));
#364 = CARTESIAN_POINT('',(70.767592166091,48.104514347153,
    -60.47123035271));
#365 = CARTESIAN_POINT('',(70.620237198143,48.114536565877,
    -60.41274556938));
#366 = CARTESIAN_POINT('',(70.231450477505,48.140979553213,
    -60.25843718443));
#367 = CARTESIAN_POINT('',(69.926650227914,48.167422540548,
    -59.89252121466));
#368 = CARTESIAN_POINT('',(69.845152271936,48.193865527883,
    -59.48224779975));
#369 = CARTESIAN_POINT('',(69.763654315959,48.220308515218,
    -59.07197438484));
#370 = CARTESIAN_POINT('',(69.905458653596,48.246751502554,
    -58.61734352479));
#371 = CARTESIAN_POINT('',(70.205750416853,48.273194489889,
    -58.32615449902));
#372 = CARTESIAN_POINT('',(70.50604218011,48.299637477224,
    -58.03496547325));
#373 = CARTESIAN_POINT('',(70.964821368988,48.32608046456,
    -57.90721828176));
#374 = CARTESIAN_POINT('',(71.372392616897,48.352523451895,
    -58.00130265712));
#375 = CARTESIAN_POINT('',(71.779963864805,48.37896643923,
    -58.09538703249));
#376 = CARTESIAN_POINT('',(72.136327171744,48.405409426566,
    -58.41130297471));
#377 = CARTESIAN_POINT('',(72.278598657843,48.431852413901,
    -58.80465398342));
#378 = CARTESIAN_POINT('',(72.420870143942,48.458295401236,
    -59.19800499213));
#379 = CARTESIAN_POINT('',(72.3490498092,48.484738388572,-59.66879106733
    ));
#380 = CARTESIAN_POINT('',(72.095964756041,48.511181375907,
    -60.00182882446));
#381 = CARTESIAN_POINT('',(71.862150623054,48.535610887173,
    -60.30950773898));
#382 = CARTESIAN_POINT('',(71.473625272521,48.560040398439,
    -60.49961711107));
#383 = CARTESIAN_POINT('',(71.086933094031,48.584469909705,
    -60.50177249936));
#384 = ORIENTED_EDGE('',*,*,#344,.T.);
#385 = ORIENTED_EDGE('',*,*,#386,.F.);
#386 = EDGE_CURVE('',#387,#318,#389,.T.);
#387 = VERTEX_POINT('',#388);
#388 = CARTESIAN_POINT('',(71.088541023567,48.447630562466,
    -60.50078293699));
#389 = B_SPLINE_CURVE_WITH_KNOTS('',3,(#390,#391,#392,#393,#394,#395,
    #396,#397,#398,#399,#400,#401,#402,#403,#404,#405,#406,#407,#408,
    #409,#410,#411,#412,#413,#414),.UNSPECIFIED.,.F.,.F.,(4,3,3,3,3,3,3,
    3,4),(32.725489676875,32.896945521633,33.893822658652,
    34.890699795671,35.88757693269,36.884454069709,37.881331206728,
    38.878208343748,39.008674984055),.UNSPECIFIED.);
#390 = CARTESIAN_POINT('',(71.088541023567,48.447630562466,
    -60.50078293699));
#391 = CARTESIAN_POINT('',(71.160678327569,48.44308255493,
    -60.50142445252));
#392 = CARTESIAN_POINT('',(71.232715379509,48.438534547394,
    -60.49578572569));
#393 = CARTESIAN_POINT('',(71.3036033771,48.433986539858,-60.48351104778
    ));
#394 = CARTESIAN_POINT('',(71.71575977916,48.407543552523,
    -60.41214371829));
#395 = CARTESIAN_POINT('',(72.089072600853,48.381100565188,
    -60.11644922901));
#396 = CARTESIAN_POINT('',(72.252910804645,48.354657577852,
    -59.73158140954));
#397 = CARTESIAN_POINT('',(72.416749008437,48.328214590517,
    -59.34671359008));
#398 = CARTESIAN_POINT('',(72.371112594327,48.301771603182,
    -58.87267244045));
#399 = CARTESIAN_POINT('',(72.136860713773,48.275328615846,
    -58.52612915032));
#400 = CARTESIAN_POINT('',(71.902608833218,48.248885628511,
    -58.17958586019));
#401 = CARTESIAN_POINT('',(71.479741486219,48.222442641176,
    -57.96054042957));
#402 = CARTESIAN_POINT('',(71.061539722785,48.195999653841,
    -57.96911250856));
#403 = CARTESIAN_POINT('',(70.643337959352,48.169556666505,
    -57.97768458756));
#404 = CARTESIAN_POINT('',(70.229801779485,48.14311367917,
    -58.21387417617));
#405 = CARTESIAN_POINT('',(70.009947212977,48.116670691835,
    -58.56972550056));
#406 = CARTESIAN_POINT('',(69.790092646469,48.090227704499,
    -58.92557682495));
#407 = CARTESIAN_POINT('',(69.76391969332,48.063784717164,
    -59.40108988511));
#408 = CARTESIAN_POINT('',(69.94339129157,48.037341729829,
    -59.77892072145));
#409 = CARTESIAN_POINT('',(70.12286288982,48.010898742493,
    -60.15675155779));
#410 = CARTESIAN_POINT('',(70.507979039468,47.984455755158,
    -60.43690017032));
#411 = CARTESIAN_POINT('',(70.922713725934,47.958012767823,
    -60.49131832278));
#412 = CARTESIAN_POINT('',(70.976992271557,47.954552032704,
    -60.49844031731));
#413 = CARTESIAN_POINT('',(71.031778134028,47.951091297585,
    -60.50169592012));
#414 = CARTESIAN_POINT('',(71.086616024526,47.947630562466,
    -60.50126065953));
#415 = ORIENTED_EDGE('',*,*,#416,.F.);
#416 = EDGE_CURVE('',#359,#387,#417,.T.);
#417 = LINE('',#418,#419);
#418 = CARTESIAN_POINT('',(71.087496742066,43.697065711105,
    -60.49996472472));
#419 = VECTOR('',#420,1.);
#420 = DIRECTION('',(0.,-1.,2.22044604925E-16));
#421 = CYLINDRICAL_SURFACE('',#422,1.2645);
#422 = AXIS2_PLACEMENT_3D('',#423,#424,#425);
#423 = CARTESIAN_POINT('',(71.087496742066,43.697065711105,
    -59.23546472472));
#424 = DIRECTION('',(0.,-1.,2.22044604925E-16));
#425 = DIRECTION('',(0.,2.22044604925E-16,1.));
#426 = ADVANCED_FACE('',(#427),#493,.F.);
#427 = FACE_BOUND('',#428,.F.);
#428 = EDGE_LOOP('',(#429,#459,#460,#487));
#429 = ORIENTED_EDGE('',*,*,#430,.F.);
#430 = EDGE_CURVE('',#359,#431,#433,.T.);
#431 = VERTEX_POINT('',#432);
#432 = CARTESIAN_POINT('',(71.088644241617,49.084469909705,
    -60.50009334581));
#433 = B_SPLINE_CURVE_WITH_KNOTS('',3,(#434,#435,#436,#437,#438,#439,
    #440,#441,#442,#443,#444,#445,#446,#447,#448,#449,#450,#451,#452,
    #453,#454,#455,#456,#457,#458),.UNSPECIFIED.,.F.,.F.,(4,3,3,3,3,3,3,
    3,4),(-28.98534323308,-28.90943697355,-27.91255983653,
    -26.91568269951,-25.91880556249,-24.92192842547,-23.92505128846,
    -22.92817415144,-22.7021579259),.UNSPECIFIED.);
#434 = CARTESIAN_POINT('',(71.086933094031,48.584469909705,
    -60.50177249936));
#435 = CARTESIAN_POINT('',(71.055061991939,48.586483385774,
    -60.50195014608));
#436 = CARTESIAN_POINT('',(71.023203342637,48.588496861844,
    -60.50085101619));
#437 = CARTESIAN_POINT('',(70.991444792221,48.590510337913,
    -60.49843570282));
#438 = CARTESIAN_POINT('',(70.574359653136,48.616953325248,
    -60.46671538496));
#439 = CARTESIAN_POINT('',(70.174539146542,48.643396312583,
    -60.20798531019));
#440 = CARTESIAN_POINT('',(69.974730244699,48.669839299919,
    -59.8405038895));
#441 = CARTESIAN_POINT('',(69.774921342855,48.696282287254,
    -59.47302246881));
#442 = CARTESIAN_POINT('',(69.775124045761,48.72272527459,-58.9967897022
    ));
#443 = CARTESIAN_POINT('',(69.975245703477,48.749168261925,
    -58.62947850727));
#444 = CARTESIAN_POINT('',(70.175367361193,48.77561124926,
    -58.26216731234));
#445 = CARTESIAN_POINT('',(70.575407973718,48.802054236596,
    -58.00377768909));
#446 = CARTESIAN_POINT('',(70.992519964442,48.828497223931,
    -57.97241243748));
#447 = CARTESIAN_POINT('',(71.409631955166,48.854940211266,
    -57.94104718587));
#448 = CARTESIAN_POINT('',(71.843815324089,48.881383198601,
    -58.13670630591));
#449 = CARTESIAN_POINT('',(72.096616778342,48.907826185937,
    -58.46995938771));
#450 = CARTESIAN_POINT('',(72.349418232595,48.934269173272,
    -58.80321246951));
#451 = CARTESIAN_POINT('',(72.420837772178,48.960712160607,
    -59.27405951307));
#452 = CARTESIAN_POINT('',(72.278231487212,48.987155147943,
    -59.6672892669));
#453 = CARTESIAN_POINT('',(72.135625202246,49.013598135278,
    -60.06051902073));
#454 = CARTESIAN_POINT('',(71.77899309273,49.040041122613,
    -60.37613148482));
#455 = CARTESIAN_POINT('',(71.371341900638,49.066484109949,
    -60.46986887028));
#456 = CARTESIAN_POINT('',(71.27891748809,49.072479376534,
    -60.49112140911));
#457 = CARTESIAN_POINT('',(71.183870496363,49.078474643119,
    -60.50096870635));
#458 = CARTESIAN_POINT('',(71.088644241617,49.084469909705,
    -60.50009334581));
#459 = ORIENTED_EDGE('',*,*,#416,.T.);
#460 = ORIENTED_EDGE('',*,*,#461,.F.);
#461 = EDGE_CURVE('',#462,#387,#464,.T.);
#462 = VERTEX_POINT('',#463);
#463 = CARTESIAN_POINT('',(71.087669651401,48.947630562466,
    -60.49796922025));
#464 = B_SPLINE_CURVE_WITH_KNOTS('',3,(#465,#466,#467,#468,#469,#470,
    #471,#472,#473,#474,#475,#476,#477,#478,#479,#480,#481,#482,#483,
    #484,#485,#486),.UNSPECIFIED.,.F.,.F.,(4,3,3,3,3,3,3,4),(
    26.442304369696,26.915682699518,27.912559836537,28.909436973556,
    29.906314110575,30.903191247594,31.900068384613,32.725489676875),
  .UNSPECIFIED.);
#465 = CARTESIAN_POINT('',(71.087669651401,48.947630562466,
    -60.49796922025));
#466 = CARTESIAN_POINT('',(71.287964486434,48.935073812275,
    -60.49821407046));
#467 = CARTESIAN_POINT('',(71.488155672972,48.922517062085,
    -60.45335134213));
#468 = CARTESIAN_POINT('',(71.664942548587,48.909960311894,
    -60.36279699284));
#469 = CARTESIAN_POINT('',(72.037234187901,48.883517324559,
    -60.17210055665));
#470 = CARTESIAN_POINT('',(72.305734184778,48.857074337224,
    -59.77877442542));
#471 = CARTESIAN_POINT('',(72.347718565152,48.830631349888,
    -59.36259717077));
#472 = CARTESIAN_POINT('',(72.389702945527,48.804188362553,
    -58.94641991613));
#473 = CARTESIAN_POINT('',(72.205171709398,48.777745375218,
    -58.50739153808));
#474 = CARTESIAN_POINT('',(71.878469016544,48.751302387882,
    -58.24617985006));
#475 = CARTESIAN_POINT('',(71.55176632369,48.724859400547,
    -57.98496816204));
#476 = CARTESIAN_POINT('',(71.082892174109,48.698416413212,
    -57.90157316404));
#477 = CARTESIAN_POINT('',(70.686156063665,48.671973425876,
    -58.03411241916));
#478 = CARTESIAN_POINT('',(70.289419953221,48.645530438541,
    -58.16665167427));
#479 = CARTESIAN_POINT('',(69.964821881912,48.619087451206,
    -58.51512518251));
#480 = CARTESIAN_POINT('',(69.860726712855,48.59264446387,
    -58.92025527427));
#481 = CARTESIAN_POINT('',(69.756631543798,48.566201476535,
    -59.32538536604));
#482 = CARTESIAN_POINT('',(69.873039276992,48.5397584892,-59.78717204135
    ));
#483 = CARTESIAN_POINT('',(70.156743134803,48.513315501864,
    -60.09454529416));
#484 = CARTESIAN_POINT('',(70.391651927709,48.491420522065,
    -60.34905251287));
#485 = CARTESIAN_POINT('',(70.741258218634,48.469525542266,
    -60.4976945583));
#486 = CARTESIAN_POINT('',(71.088541023567,48.447630562466,
    -60.50078293699));
#487 = ORIENTED_EDGE('',*,*,#488,.F.);
#488 = EDGE_CURVE('',#431,#462,#489,.T.);
#489 = LINE('',#490,#491);
#490 = CARTESIAN_POINT('',(71.087496742066,43.697065711105,
    -60.49996472472));
#491 = VECTOR('',#492,1.);
#492 = DIRECTION('',(0.,-1.,2.22044604925E-16));
#493 = CYLINDRICAL_SURFACE('',#494,1.2645);
#494 = AXIS2_PLACEMENT_3D('',#495,#496,#497);
#495 = CARTESIAN_POINT('',(71.087496742066,43.697065711105,
    -59.23546472472));
#496 = DIRECTION('',(0.,-1.,2.22044604925E-16));
#497 = DIRECTION('',(0.,2.22044604925E-16,1.));
#498 = ADVANCED_FACE('',(#499),#562,.F.);
#499 = FACE_BOUND('',#500,.F.);
#500 = EDGE_LOOP('',(#501,#528,#529,#556));
#501 = ORIENTED_EDGE('',*,*,#502,.F.);
#502 = EDGE_CURVE('',#431,#503,#505,.T.);
#503 = VERTEX_POINT('',#504);
#504 = CARTESIAN_POINT('',(71.087293479355,49.584469909705,
    -60.49797753655));
#505 = B_SPLINE_CURVE_WITH_KNOTS('',3,(#506,#507,#508,#509,#510,#511,
    #512,#513,#514,#515,#516,#517,#518,#519,#520,#521,#522,#523,#524,
    #525,#526,#527),.UNSPECIFIED.,.F.,.F.,(4,3,3,3,3,3,3,4),(
    -22.7021579259,-21.93129701442,-20.9344198774,-19.93754274038,
    -18.94066560336,-17.94378846634,-16.94691132932,-16.41897261872),
  .UNSPECIFIED.);
#506 = CARTESIAN_POINT('',(71.088644241617,49.084469909705,
    -60.50009334581));
#507 = CARTESIAN_POINT('',(70.763861375443,49.104917630455,
    -60.49710780252));
#508 = CARTESIAN_POINT('',(70.43699323341,49.125365351205,
    -60.36939101398));
#509 = CARTESIAN_POINT('',(70.204976661884,49.145813071955,
    -60.14402401106));
#510 = CARTESIAN_POINT('',(69.904932889891,49.17225605929,
    -59.85257945952));
#511 = CARTESIAN_POINT('',(69.763515620575,49.198699046625,
    -59.39782804959));
#512 = CARTESIAN_POINT('',(69.845362802895,49.225142033961,
    -58.98762416058));
#513 = CARTESIAN_POINT('',(69.927209985214,49.251585021296,
    -58.57742027157));
#514 = CARTESIAN_POINT('',(70.232321619171,49.278028008631,
    -58.21176390348));
#515 = CARTESIAN_POINT('',(70.621239558473,49.304470995966,
    -58.05778653951));
#516 = CARTESIAN_POINT('',(71.010157497775,49.330913983302,
    -57.90380917554));
#517 = CARTESIAN_POINT('',(71.482881742424,49.357356970637,
    -57.96151081568));
#518 = CARTESIAN_POINT('',(71.823343020709,49.383799957972,
    -58.20451762439));
#519 = CARTESIAN_POINT('',(72.163804298994,49.410242945308,
    -58.4475244331));
#520 = CARTESIAN_POINT('',(72.372002610916,49.436685932643,
    -58.87583641038));
#521 = CARTESIAN_POINT('',(72.352776232864,49.463128919978,
    -59.2936839166));
#522 = CARTESIAN_POINT('',(72.333549854813,49.489571907314,
    -59.71153142281));
#523 = CARTESIAN_POINT('',(72.08689878679,49.516014894649,
    -60.11891445797));
#524 = CARTESIAN_POINT('',(71.725560444181,49.542457881984,
    -60.32962942295));
#525 = CARTESIAN_POINT('',(71.534198347888,49.556461891225,
    -60.44122249975));
#526 = CARTESIAN_POINT('',(71.310670109535,49.570465900465,
    -60.49765642217));
#527 = CARTESIAN_POINT('',(71.087293479355,49.584469909705,
    -60.49797753655));
#528 = ORIENTED_EDGE('',*,*,#488,.T.);
#529 = ORIENTED_EDGE('',*,*,#530,.F.);
#530 = EDGE_CURVE('',#531,#462,#533,.T.);
#531 = VERTEX_POINT('',#532);
#532 = CARTESIAN_POINT('',(71.086352594878,49.447630562466,
    -60.50015007316));
#533 = B_SPLINE_CURVE_WITH_KNOTS('',3,(#534,#535,#536,#537,#538,#539,
    #540,#541,#542,#543,#544,#545,#546,#547,#548,#549,#550,#551,#552,
    #553,#554,#555),.UNSPECIFIED.,.F.,.F.,(4,3,3,3,3,3,3,4),(
    20.159119062516,20.934419877403,21.931297014422,22.928174151441,
    23.92505128846,24.921928425479,25.918805562498,26.442304369696),
  .UNSPECIFIED.);
#534 = CARTESIAN_POINT('',(71.086352594878,49.447630562466,
    -60.50015007316));
#535 = CARTESIAN_POINT('',(71.412968581348,49.427065069621,
    -60.49714316625));
#536 = CARTESIAN_POINT('',(71.741697790191,49.406499576775,
    -60.36779564589));
#537 = CARTESIAN_POINT('',(71.974042035087,49.38593408393,-60.1400967743
    ));
#538 = CARTESIAN_POINT('',(72.272788871421,49.359491096595,
    -59.84732293111));
#539 = CARTESIAN_POINT('',(72.412185703332,49.333048109259,
    -59.39194812186));
#540 = CARTESIAN_POINT('',(72.328518067051,49.306605121924,
    -58.98211166418));
#541 = CARTESIAN_POINT('',(72.24485043077,49.280162134589,-58.5722752065
    ));
#542 = CARTESIAN_POINT('',(71.938118326297,49.253719147253,
    -58.20797710039));
#543 = CARTESIAN_POINT('',(71.548520574257,49.227276159918,
    -58.05572800476));
#544 = CARTESIAN_POINT('',(71.158922822216,49.200833172583,
    -57.90347890912));
#545 = CARTESIAN_POINT('',(70.68645942261,49.174390185247,
    -57.96327882395));
#546 = CARTESIAN_POINT('',(70.347080418784,49.147947197912,
    -58.2077948505));
#547 = CARTESIAN_POINT('',(70.007701414959,49.121504210577,
    -58.45231087704));
#548 = CARTESIAN_POINT('',(69.801406806915,49.095061223241,
    -58.8815430153));
#549 = CARTESIAN_POINT('',(69.822488194043,49.068618235906,
    -59.29930104405));
#550 = CARTESIAN_POINT('',(69.843569581171,49.042175248571,
    -59.7170590728));
#551 = CARTESIAN_POINT('',(70.092026963471,49.015732261235,
    -60.12334299205));
#552 = CARTESIAN_POINT('',(70.454297295497,48.9892892739,-60.33245158111
    ));
#553 = CARTESIAN_POINT('',(70.644539482478,48.975403036755,
    -60.44226260283));
#554 = CARTESIAN_POINT('',(70.866167946271,48.961516799611,
    -60.49769844572));
#555 = CARTESIAN_POINT('',(71.087669651401,48.947630562466,
    -60.49796922025));
#556 = ORIENTED_EDGE('',*,*,#557,.F.);
#557 = EDGE_CURVE('',#503,#531,#558,.T.);
#558 = LINE('',#559,#560);
#559 = CARTESIAN_POINT('',(71.087496742066,43.697065711105,
    -60.49996472472));
#560 = VECTOR('',#561,1.);
#561 = DIRECTION('',(0.,-1.,2.22044604925E-16));
#562 = CYLINDRICAL_SURFACE('',#563,1.2645);
#563 = AXIS2_PLACEMENT_3D('',#564,#565,#566);
#564 = CARTESIAN_POINT('',(71.087496742066,43.697065711105,
    -59.23546472472));
#565 = DIRECTION('',(0.,-1.,2.22044604925E-16));
#566 = DIRECTION('',(0.,2.22044604925E-16,1.));
#567 = ADVANCED_FACE('',(#568),#634,.F.);
#568 = FACE_BOUND('',#569,.F.);
#569 = EDGE_LOOP('',(#570,#597,#598,#628));
#570 = ORIENTED_EDGE('',*,*,#571,.F.);
#571 = EDGE_CURVE('',#503,#572,#574,.T.);
#572 = VERTEX_POINT('',#573);
#573 = CARTESIAN_POINT('',(71.086465972768,50.084469909705,
    -60.50083700879));
#574 = B_SPLINE_CURVE_WITH_KNOTS('',3,(#575,#576,#577,#578,#579,#580,
    #581,#582,#583,#584,#585,#586,#587,#588,#589,#590,#591,#592,#593,
    #594,#595,#596),.UNSPECIFIED.,.F.,.F.,(4,3,3,3,3,3,3,4),(
    -16.41897261872,-15.9500341923,-14.95315705528,-13.95627991826,
    -12.95940278124,-11.96252564423,-10.96564850721,-10.13578731154),
  .UNSPECIFIED.);
#575 = CARTESIAN_POINT('',(71.087293479355,49.584469909705,
    -60.49797753655));
#576 = CARTESIAN_POINT('',(70.888880513317,49.5969088878,-60.49826276449
    ));
#577 = CARTESIAN_POINT('',(70.690587162718,49.609347865895,
    -60.45427624835));
#578 = CARTESIAN_POINT('',(70.515061855548,49.62178684399,
    -60.36534966324));
#579 = CARTESIAN_POINT('',(70.141927226721,49.648229831326,
    -60.17630804378));
#580 = CARTESIAN_POINT('',(69.871683586262,49.674672818661,
    -59.78417791006));
#581 = CARTESIAN_POINT('',(69.827851822662,49.701115805996,
    -59.36819116428));
#582 = CARTESIAN_POINT('',(69.784020059062,49.727558793331,
    -58.95220441849));
#583 = CARTESIAN_POINT('',(69.966600172322,49.754001780667,
    -58.51236106064));
#584 = CARTESIAN_POINT('',(70.292139925448,49.780444768002,
    -58.24970143351));
#585 = CARTESIAN_POINT('',(70.617679678575,49.806887755337,
    -57.98704180639));
#586 = CARTESIAN_POINT('',(71.086179071568,49.833330742673,
    -57.90156590999));
#587 = CARTESIAN_POINT('',(71.483499655468,49.859773730008,
    -58.03234237833));
#588 = CARTESIAN_POINT('',(71.880820239368,49.886216717343,
    -58.16311884667));
#589 = CARTESIAN_POINT('',(72.206962014175,49.912659704679,
    -58.51014767974));
#590 = CARTESIAN_POINT('',(72.312855036555,49.939102692014,
    -58.91481163384));
#591 = CARTESIAN_POINT('',(72.418748058935,49.965545679349,
    -59.31947558794));
#592 = CARTESIAN_POINT('',(72.304392328888,49.991988666685,
    -59.78177466306));
#593 = CARTESIAN_POINT('',(72.022055667851,50.01843165402,-60.0904044333
    ));
#594 = CARTESIAN_POINT('',(71.787021449082,50.040444405915,
    -60.34732663628));
#595 = CARTESIAN_POINT('',(71.43557794383,50.06245715781,-60.49775738198
    ));
#596 = CARTESIAN_POINT('',(71.086465972768,50.084469909705,
    -60.50083700879));
#597 = ORIENTED_EDGE('',*,*,#557,.T.);
#598 = ORIENTED_EDGE('',*,*,#599,.F.);
#599 = EDGE_CURVE('',#600,#531,#602,.T.);
#600 = VERTEX_POINT('',#601);
#601 = CARTESIAN_POINT('',(71.088089807333,49.947630562466,
    -60.5017381067));
#602 = B_SPLINE_CURVE_WITH_KNOTS('',3,(#603,#604,#605,#606,#607,#608,
    #609,#610,#611,#612,#613,#614,#615,#616,#617,#618,#619,#620,#621,
    #622,#623,#624,#625,#626,#627),.UNSPECIFIED.,.F.,.F.,(4,3,3,3,3,3,3,
    3,4),(13.875933755336,13.956279918268,14.953157055287,
    15.950034192307,16.946911329326,17.943788466345,18.940665603364,
    19.937542740383,20.159119062516),.UNSPECIFIED.);
#603 = CARTESIAN_POINT('',(71.088089807333,49.947630562466,
    -60.5017381067));
#604 = CARTESIAN_POINT('',(71.121827542978,49.945499314301,
    -60.5019343134));
#605 = CARTESIAN_POINT('',(71.15555073022,49.943368066136,
    -60.50070264563));
#606 = CARTESIAN_POINT('',(71.189155219477,49.941236817972,
    -60.49799683109));
#607 = CARTESIAN_POINT('',(71.60609544187,49.914793830636,
    -60.46442503934));
#608 = CARTESIAN_POINT('',(72.004763233033,49.888350843301,
    -60.20392230565));
#609 = CARTESIAN_POINT('',(72.202938579032,49.861907855965,
    -59.83555736151));
#610 = CARTESIAN_POINT('',(72.401113925031,49.83546486863,
    -59.46719241736));
#611 = CARTESIAN_POINT('',(72.398796825867,49.809021881295,
    -58.99096526275));
#612 = CARTESIAN_POINT('',(72.197046323391,49.78257889396,-58.6245462082
    ));
#613 = CARTESIAN_POINT('',(71.995295820916,49.756135906624,
    -58.25812715364));
#614 = CARTESIAN_POINT('',(71.594111915128,49.729692919289,
    -58.00151619915));
#615 = CARTESIAN_POINT('',(71.176864770226,49.703249931954,
    -57.97200318435));
#616 = CARTESIAN_POINT('',(70.759617625324,49.676806944618,
    -57.94249016956));
#617 = CARTESIAN_POINT('',(70.326307241307,49.650363957283,
    -58.14007509447));
#618 = CARTESIAN_POINT('',(70.074987884085,49.623920969948,
    -58.47444730686));
#619 = CARTESIAN_POINT('',(69.823668526864,49.597477982612,
    -58.80881951925));
#620 = CARTESIAN_POINT('',(69.754340196439,49.571034995277,
    -59.27997901912));
#621 = CARTESIAN_POINT('',(69.898690973097,49.544592007942,
    -59.67257174453));
#622 = CARTESIAN_POINT('',(70.043041749756,49.518149020606,
    -60.06516446993));
#623 = CARTESIAN_POINT('',(70.401071633498,49.491706033271,
    -60.37919042085));
#624 = CARTESIAN_POINT('',(70.809134995747,49.465263045936,
    -60.47111695775));
#625 = CARTESIAN_POINT('',(70.899835419748,49.459385551446,
    -60.49154950976));
#626 = CARTESIAN_POINT('',(70.993007705201,49.453508056956,
    -60.50100942911));
#627 = CARTESIAN_POINT('',(71.086352594878,49.447630562466,
    -60.50015007316));
#628 = ORIENTED_EDGE('',*,*,#629,.F.);
#629 = EDGE_CURVE('',#572,#600,#630,.T.);
#630 = LINE('',#631,#632);
#631 = CARTESIAN_POINT('',(71.087496742066,43.697065711105,
    -60.49996472472));
#632 = VECTOR('',#633,1.);
#633 = DIRECTION('',(0.,-1.,2.22044604925E-16));
#634 = CYLINDRICAL_SURFACE('',#635,1.2645);
#635 = AXIS2_PLACEMENT_3D('',#636,#637,#638);
#636 = CARTESIAN_POINT('',(71.087496742066,43.697065711105,
    -59.23546472472));
#637 = DIRECTION('',(0.,-1.,2.22044604925E-16));
#638 = DIRECTION('',(0.,2.22044604925E-16,1.));
#639 = ADVANCED_FACE('',(#640),#701,.F.);
#640 = FACE_BOUND('',#641,.F.);
#641 = EDGE_LOOP('',(#642,#668,#677,#695));
#642 = ORIENTED_EDGE('',*,*,#643,.F.);
#643 = EDGE_CURVE('',#644,#646,#648,.T.);
#644 = VERTEX_POINT('',#645);
#645 = CARTESIAN_POINT('',(71.91406062827,50.891050236085,
    -60.19543489385));
#646 = VERTEX_POINT('',#647);
#647 = CARTESIAN_POINT('',(71.088237128341,50.447630562466,
    -60.49839731705));
#648 = B_SPLINE_CURVE_WITH_KNOTS('',3,(#649,#650,#651,#652,#653,#654,
    #655,#656,#657,#658,#659,#660,#661,#662,#663,#664,#665,#666,#667),
  .UNSPECIFIED.,.F.,.F.,(4,3,3,3,3,3,4),(2.020572491757,2.990631411058,
    3.987508548077,4.984385685096,5.981262822115,6.978139959134,
    7.592748448157),.UNSPECIFIED.);
#649 = CARTESIAN_POINT('',(71.914062830417,50.891050236085,
    -60.19543791238));
#650 = CARTESIAN_POINT('',(72.222013879958,50.865318624069,
    -59.92920813987));
#651 = CARTESIAN_POINT('',(72.391222604788,50.839587012053,
    -59.50064369314));
#652 = CARTESIAN_POINT('',(72.346357369086,50.813855400037,
    -59.09600671424));
#653 = CARTESIAN_POINT('',(72.300251790519,50.787412412702,
    -58.68018315442));
#654 = CARTESIAN_POINT('',(72.02807207112,50.760969425366,
    -58.28962834618));
#655 = CARTESIAN_POINT('',(71.653977213172,50.734526438031,
    -58.10259980094));
#656 = CARTESIAN_POINT('',(71.279882355224,50.708083450696,
    -57.91557125569));
#657 = CARTESIAN_POINT('',(70.803872358727,50.68164046336,
    -57.93206897344));
#658 = CARTESIAN_POINT('',(70.443637128129,50.655197476025,
    -58.14467541893));
#659 = CARTESIAN_POINT('',(70.08340189753,50.62875448869,-58.35728186441
    ));
#660 = CARTESIAN_POINT('',(69.838941432831,50.602311501354,
    -58.76599703764));
#661 = CARTESIAN_POINT('',(69.821934379881,50.575868514019,
    -59.18394888356));
#662 = CARTESIAN_POINT('',(69.804927326931,50.549425526684,
    -59.60190072948));
#663 = CARTESIAN_POINT('',(70.015373685729,50.522982539348,
    -60.02908924809));
#664 = CARTESIAN_POINT('',(70.357112039175,50.496539552013,
    -60.2702871325));
#665 = CARTESIAN_POINT('',(70.567805298408,50.480236555497,
    -60.41899379031));
#666 = CARTESIAN_POINT('',(70.82840447968,50.463933558982,
    -60.49700280874));
#667 = CARTESIAN_POINT('',(71.088237128341,50.447630562466,
    -60.49839731705));
#668 = ORIENTED_EDGE('',*,*,#669,.T.);
#669 = EDGE_CURVE('',#644,#670,#672,.T.);
#670 = VERTEX_POINT('',#671);
#671 = CARTESIAN_POINT('',(71.912708041003,50.891050236085,-58.277348572
    ));
#672 = CIRCLE('',#673,1.2645);
#673 = AXIS2_PLACEMENT_3D('',#674,#675,#676);
#674 = CARTESIAN_POINT('',(71.087496742066,50.891050236085,
    -59.23546472472));
#675 = DIRECTION('',(0.,-1.,2.22044604925E-16));
#676 = DIRECTION('',(0.,2.22044604925E-16,1.));
#677 = ORIENTED_EDGE('',*,*,#678,.F.);
#678 = EDGE_CURVE('',#679,#670,#681,.T.);
#679 = VERTEX_POINT('',#680);
#680 = CARTESIAN_POINT('',(71.088380089075,50.584469909705,
    -60.50120812814));
#681 = B_SPLINE_CURVE_WITH_KNOTS('',3,(#682,#683,#684,#685,#686,#687,
    #688,#689,#690,#691,#692,#693,#694),.UNSPECIFIED.,.F.,.F.,(4,3,3,3,4
    ),(-3.85260200437,-2.990631411058,-1.993754274038,-0.996877137019,0.
    ),.UNSPECIFIED.);
#682 = CARTESIAN_POINT('',(71.088380089075,50.584469909705,
    -60.50120812814));
#683 = CARTESIAN_POINT('',(70.726107785904,50.607334389826,
    -60.49829711407));
#684 = CARTESIAN_POINT('',(70.36158832363,50.630198869947,
    -60.33456159875));
#685 = CARTESIAN_POINT('',(70.126064737213,50.653063350068,
    -60.05998098321));
#686 = CARTESIAN_POINT('',(69.853679483761,50.679506337403,
    -59.74242590647));
#687 = CARTESIAN_POINT('',(69.753828034216,50.705949324738,
    -59.27661394431));
#688 = CARTESIAN_POINT('',(69.872865614595,50.732392312074,
    -58.87560844004));
#689 = CARTESIAN_POINT('',(69.991903194974,50.758835299409,
    -58.47460293576));
#690 = CARTESIAN_POINT('',(70.329829805278,50.785278286744,
    -58.13840388936));
#691 = CARTESIAN_POINT('',(70.730437342847,50.81172127408,-58.020537442)
  );
#692 = CARTESIAN_POINT('',(71.131044880416,50.838164261415,
    -57.90267099463));
#693 = CARTESIAN_POINT('',(71.59433334525,50.86460724875,-58.00313714629
    ));
#694 = CARTESIAN_POINT('',(71.912708041003,50.891050236085,-58.277348572
    ));
#695 = ORIENTED_EDGE('',*,*,#696,.T.);
#696 = EDGE_CURVE('',#679,#646,#697,.T.);
#697 = LINE('',#698,#699);
#698 = CARTESIAN_POINT('',(71.087496742066,43.697065711105,
    -60.49996472472));
#699 = VECTOR('',#700,1.);
#700 = DIRECTION('',(0.,-1.,2.22044604925E-16));
#701 = CYLINDRICAL_SURFACE('',#702,1.2645);
#702 = AXIS2_PLACEMENT_3D('',#703,#704,#705);
#703 = CARTESIAN_POINT('',(71.087496742066,43.697065711105,
    -59.23546472472));
#704 = DIRECTION('',(0.,-1.,2.22044604925E-16));
#705 = DIRECTION('',(-0.348322049291,2.081390448834E-16,0.937374924978)
  );
#706 = ADVANCED_FACE('',(#707),#748,.F.);
#707 = FACE_BOUND('',#708,.F.);
#708 = EDGE_LOOP('',(#709,#722,#731,#742));
#709 = ORIENTED_EDGE('',*,*,#710,.T.);
#710 = EDGE_CURVE('',#711,#713,#715,.T.);
#711 = VERTEX_POINT('',#712);
#712 = CARTESIAN_POINT('',(71.087120332157,46.286838512497,
    -60.78096284842));
#713 = VERTEX_POINT('',#714);
#714 = CARTESIAN_POINT('',(71.420292482158,46.05411767968,
    -57.72592247889));
#715 = B_SPLINE_CURVE_WITH_KNOTS('',3,(#716,#717,#718,#719,#720,#721),
  .UNSPECIFIED.,.F.,.F.,(4,1,1,4),(72.256631032565,73.214151211103,
    74.211028348122,75.181087267422),.UNSPECIFIED.);
#716 = CARTESIAN_POINT('',(71.087120332157,46.286838512497,
    -60.78096284842));
#717 = CARTESIAN_POINT('',(71.577487085702,46.261439500909,
    -60.77934268285));
#718 = CARTESIAN_POINT('',(72.581295647178,46.209597501987,
    -60.26191134091));
#719 = CARTESIAN_POINT('',(72.776451125716,46.132023891048,
    -58.56902413345));
#720 = CARTESIAN_POINT('',(71.90516414828,46.079849291696,
    -57.83383067968));
#721 = CARTESIAN_POINT('',(71.420293102163,46.05411767968,
    -57.72591796188));
#722 = ORIENTED_EDGE('',*,*,#723,.T.);
#723 = EDGE_CURVE('',#713,#724,#726,.T.);
#724 = VERTEX_POINT('',#725);
#725 = CARTESIAN_POINT('',(72.127470304353,46.05411767968,
    -58.09559456117));
#726 = CIRCLE('',#727,1.543);
#727 = AXIS2_PLACEMENT_3D('',#728,#729,#730);
#728 = CARTESIAN_POINT('',(71.087496742066,46.05411767968,
    -59.23546472472));
#729 = DIRECTION('',(0.,1.,-2.22044604925E-16));
#730 = DIRECTION('',(-4.604943200001E-14,2.22044604925E-16,1.));
#731 = ORIENTED_EDGE('',*,*,#732,.F.);
#732 = EDGE_CURVE('',#733,#724,#735,.T.);
#733 = VERTEX_POINT('',#734);
#734 = CARTESIAN_POINT('',(71.0883014686,46.245261959674,-60.7765907496)
  );
#735 = B_SPLINE_CURVE_WITH_KNOTS('',3,(#736,#737,#738,#739,#740,#741),
  .UNSPECIFIED.,.F.,.F.,(4,1,1,4),(72.256631032565,72.664866621749,
    73.661743758768,74.658620895787),.UNSPECIFIED.);
#736 = CARTESIAN_POINT('',(71.0883014686,46.245261959674,-60.7765907496)
  );
#737 = CARTESIAN_POINT('',(71.298990980004,46.234433174347,
    -60.77755424384));
#738 = CARTESIAN_POINT('',(72.0229808169,46.197161401684,-60.63918781441
    ));
#739 = CARTESIAN_POINT('',(72.885217983569,46.133446641686,
    -59.53426831629));
#740 = CARTESIAN_POINT('',(72.506240472757,46.080560667015,
    -58.44116985029));
#741 = CARTESIAN_POINT('',(72.127470304353,46.05411767968,
    -58.09559456117));
#742 = ORIENTED_EDGE('',*,*,#743,.F.);
#743 = EDGE_CURVE('',#711,#733,#744,.T.);
#744 = LINE('',#745,#746);
#745 = CARTESIAN_POINT('',(71.087496742066,51.995261959674,
    -60.77846472472));
#746 = VECTOR('',#747,1.);
#747 = DIRECTION('',(-5.654426547963E-30,-1.,3.445092848398E-16));
#748 = CYLINDRICAL_SURFACE('',#749,1.543);
#749 = AXIS2_PLACEMENT_3D('',#750,#751,#752);
#750 = CARTESIAN_POINT('',(71.087496742066,51.995261959674,
    -59.23546472472));
#751 = DIRECTION('',(0.,-1.,2.22044604925E-16));
#752 = DIRECTION('',(0.994106990207,-2.407038489118E-17,-0.108403376427)
  );
#753 = ADVANCED_FACE('',(#754),#794,.F.);
#754 = FACE_BOUND('',#755,.F.);
#755 = EDGE_LOOP('',(#756,#772,#773,#788));
#756 = ORIENTED_EDGE('',*,*,#757,.T.);
#757 = EDGE_CURVE('',#758,#711,#760,.T.);
#758 = VERTEX_POINT('',#759);
#759 = CARTESIAN_POINT('',(71.088889311581,46.786838512497,
    -60.77806030572));
#760 = B_SPLINE_CURVE_WITH_KNOTS('',3,(#761,#762,#763,#764,#765,#766,
    #767,#768,#769,#770,#771),.UNSPECIFIED.,.F.,.F.,(4,1,1,1,1,1,1,1,4),
  (65.973445725386,66.236011251969,67.232888388988,68.229765526007,
    69.226642663026,70.223519800045,71.220396937064,72.217274074084,
    72.256631032565),.UNSPECIFIED.);
#761 = CARTESIAN_POINT('',(71.088889311581,46.786838512497,
    -60.77806030572));
#762 = CARTESIAN_POINT('',(71.224004918917,46.77987374559,
    -60.77925548547));
#763 = CARTESIAN_POINT('',(71.87075192924,46.746465991348,
    -60.70115318728));
#764 = CARTESIAN_POINT('',(72.823220641937,46.68661524977,
    -59.79405350096));
#765 = CARTESIAN_POINT('',(72.498960682218,46.607286287764,
    -58.08112057132));
#766 = CARTESIAN_POINT('',(70.884423984099,46.527957325758,
    -57.4234040812));
#767 = CARTESIAN_POINT('',(69.455512719829,46.448628363752,
    -58.42221847513));
#768 = CARTESIAN_POINT('',(69.518497485416,46.369299401746,
    -60.16436579732));
#769 = CARTESIAN_POINT('',(70.536350559522,46.315369451328,
    -60.77157844044));
#770 = CARTESIAN_POINT('',(71.066964784115,46.287882488245,
    -60.78102944209));
#771 = CARTESIAN_POINT('',(71.087120332157,46.286838512497,
    -60.78096284842));
#772 = ORIENTED_EDGE('',*,*,#743,.T.);
#773 = ORIENTED_EDGE('',*,*,#774,.F.);
#774 = EDGE_CURVE('',#775,#733,#777,.T.);
#775 = VERTEX_POINT('',#776);
#776 = CARTESIAN_POINT('',(71.086148550818,46.745261959674,
    -60.77770517793));
#777 = B_SPLINE_CURVE_WITH_KNOTS('',3,(#778,#779,#780,#781,#782,#783,
    #784,#785,#786,#787),.UNSPECIFIED.,.F.,.F.,(4,1,1,1,1,1,1,4),(
    65.973445725386,66.683603799634,67.680480936653,68.677358073672,
    69.674235210691,70.67111234771,71.667989484729,72.256631032565),
  .UNSPECIFIED.);
#778 = CARTESIAN_POINT('',(71.086148550818,46.745261959674,
    -60.77770517793));
#779 = CARTESIAN_POINT('',(71.451808855666,46.726424431692,
    -60.77463382561));
#780 = CARTESIAN_POINT('',(72.335489998673,46.681143916375,
    -60.46178026247));
#781 = CARTESIAN_POINT('',(72.893984711607,46.609420413722,
    -58.98779062387));
#782 = CARTESIAN_POINT('',(71.860339869144,46.530091451716,
    -57.58400195406));
#783 = CARTESIAN_POINT('',(70.120141229261,46.45076248971,
    -57.68970242489));
#784 = CARTESIAN_POINT('',(69.264376143355,46.371433527704,
    -59.20884115412));
#785 = CARTESIAN_POINT('',(69.964292644498,46.302933351025,
    -60.54093493709));
#786 = CARTESIAN_POINT('',(70.78450482913,46.260876161682,
    -60.77520147154));
#787 = CARTESIAN_POINT('',(71.0883014686,46.245261959674,-60.7765907496)
  );
#788 = ORIENTED_EDGE('',*,*,#789,.F.);
#789 = EDGE_CURVE('',#758,#775,#790,.T.);
#790 = LINE('',#791,#792);
#791 = CARTESIAN_POINT('',(71.087496742066,51.995261959674,
    -60.77846472472));
#792 = VECTOR('',#793,1.);
#793 = DIRECTION('',(-5.654426547963E-30,-1.,3.445092848398E-16));
#794 = CYLINDRICAL_SURFACE('',#795,1.543);
#795 = AXIS2_PLACEMENT_3D('',#796,#797,#798);
#796 = CARTESIAN_POINT('',(71.087496742066,51.995261959674,
    -59.23546472472));
#797 = DIRECTION('',(0.,-1.,2.22044604925E-16));
#798 = DIRECTION('',(-4.604943200001E-14,2.22044604925E-16,1.));
#799 = ADVANCED_FACE('',(#800),#840,.F.);
#800 = FACE_BOUND('',#801,.F.);
#801 = EDGE_LOOP('',(#802,#817,#818,#834));
#802 = ORIENTED_EDGE('',*,*,#803,.T.);
#803 = EDGE_CURVE('',#804,#758,#806,.T.);
#804 = VERTEX_POINT('',#805);
#805 = CARTESIAN_POINT('',(71.086952714468,47.286838512497,
    -60.77618522255));
#806 = B_SPLINE_CURVE_WITH_KNOTS('',3,(#807,#808,#809,#810,#811,#812,
    #813,#814,#815,#816),.UNSPECIFIED.,.F.,.F.,(4,1,1,1,1,1,1,4),(
    59.690260418206,60.254748429853,61.251625566873,62.248502703892,
    63.245379840911,64.24225697793,65.239134114949,65.973445725386),
  .UNSPECIFIED.);
#807 = CARTESIAN_POINT('',(71.086952714468,47.286838512497,
    -60.77618522255));
#808 = CARTESIAN_POINT('',(71.378328686768,47.271865002935,
    -60.77526130473));
#809 = CARTESIAN_POINT('',(72.18556100433,47.230448506038,
    -60.55573729891));
#810 = CARTESIAN_POINT('',(72.910807906824,47.162589021806,
    -59.25266116996));
#811 = CARTESIAN_POINT('',(72.091863679495,47.0832600598,-57.7136217418)
  );
#812 = CARTESIAN_POINT('',(70.354782446938,47.003931097794,
    -57.56576729475));
#813 = CARTESIAN_POINT('',(69.287508213169,46.924602135788,
    -58.9442590925));
#814 = CARTESIAN_POINT('',(69.814923334899,46.852237940689,
    -60.44455624593));
#815 = CARTESIAN_POINT('',(70.71101427022,46.806316732925,
    -60.77471777108));
#816 = CARTESIAN_POINT('',(71.088889311581,46.786838512497,
    -60.77806030572));
#817 = ORIENTED_EDGE('',*,*,#789,.T.);
#818 = ORIENTED_EDGE('',*,*,#819,.F.);
#819 = EDGE_CURVE('',#820,#775,#822,.T.);
#820 = VERTEX_POINT('',#821);
#821 = CARTESIAN_POINT('',(71.087641461585,47.245261959674,
    -60.78103245258));
#822 = B_SPLINE_CURVE_WITH_KNOTS('',3,(#823,#824,#825,#826,#827,#828,
    #829,#830,#831,#832,#833),.UNSPECIFIED.,.F.,.F.,(4,1,1,1,1,1,1,1,4),
  (59.690260418206,59.705463840499,60.702340977519,61.699218114538,
    62.696095251557,63.692972388576,64.689849525595,65.686726662614,
    65.973445725386),.UNSPECIFIED.);
#823 = CARTESIAN_POINT('',(71.087641461585,47.245261959674,
    -60.78103245258));
#824 = CARTESIAN_POINT('',(71.095426069852,47.244858676373,
    -60.7810428885));
#825 = CARTESIAN_POINT('',(71.613631821737,47.218012405736,
    -60.77746576943));
#826 = CARTESIAN_POINT('',(72.633617761293,47.164723147763,
    -60.20204088322));
#827 = CARTESIAN_POINT('',(72.738638976396,47.085394185757,
    -58.46184422552));
#828 = CARTESIAN_POINT('',(71.334277052255,47.006065223751,
    -57.42885009769));
#829 = CARTESIAN_POINT('',(69.704321314173,46.926736261745,
    -58.04736141433));
#830 = CARTESIAN_POINT('',(69.338790247096,46.84740729974,
    -59.75197648908));
#831 = CARTESIAN_POINT('',(70.279029069662,46.786915865716,
    -60.69175871754));
#832 = CARTESIAN_POINT('',(70.938516940757,46.752867419027,
    -60.77894520503));
#833 = CARTESIAN_POINT('',(71.086148550818,46.745261959674,
    -60.77770517793));
#834 = ORIENTED_EDGE('',*,*,#835,.F.);
#835 = EDGE_CURVE('',#804,#820,#836,.T.);
#836 = LINE('',#837,#838);
#837 = CARTESIAN_POINT('',(71.087496742066,51.995261959674,
    -60.77846472472));
#838 = VECTOR('',#839,1.);
#839 = DIRECTION('',(-5.654426547963E-30,-1.,3.445092848398E-16));
#840 = CYLINDRICAL_SURFACE('',#841,1.543);
#841 = AXIS2_PLACEMENT_3D('',#842,#843,#844);
#842 = CARTESIAN_POINT('',(71.087496742066,51.995261959674,
    -59.23546472472));
#843 = DIRECTION('',(0.,-1.,2.22044604925E-16));
#844 = DIRECTION('',(-4.604943200001E-14,2.22044604925E-16,1.));
#845 = ADVANCED_FACE('',(#846),#885,.F.);
#846 = FACE_BOUND('',#847,.F.);
#847 = EDGE_LOOP('',(#848,#863,#864,#879));
#848 = ORIENTED_EDGE('',*,*,#849,.T.);
#849 = EDGE_CURVE('',#850,#804,#852,.T.);
#850 = VERTEX_POINT('',#851);
#851 = CARTESIAN_POINT('',(71.086422050754,47.786838512497,
    -60.78004608289));
#852 = B_SPLINE_CURVE_WITH_KNOTS('',3,(#853,#854,#855,#856,#857,#858,
    #859,#860,#861,#862),.UNSPECIFIED.,.F.,.F.,(4,1,1,1,1,1,1,4),(
    53.407075111027,54.273485607739,55.270362744758,56.267239881777,
    57.264117018796,58.260994155815,59.257871292834,59.690260418206),
  .UNSPECIFIED.);
#853 = CARTESIAN_POINT('',(71.086422050754,47.786838512497,
    -60.78004608289));
#854 = CARTESIAN_POINT('',(71.530799548075,47.76385626028,-60.7765189594
    ));
#855 = CARTESIAN_POINT('',(72.492491496627,47.714431020729,
    -60.34178427352));
#856 = CARTESIAN_POINT('',(72.833446799097,47.638562793842,
    -58.70971032955));
#857 = CARTESIAN_POINT('',(71.593903168933,47.559233831836,
    -57.48380499411));
#858 = CARTESIAN_POINT('',(69.891430601841,47.47990486983,
    -57.85917076006));
#859 = CARTESIAN_POINT('',(69.282335996728,47.400575907824,
    -59.49266887439));
#860 = CARTESIAN_POINT('',(70.126913343675,47.336220455379,
    -60.62709860066));
#861 = CARTESIAN_POINT('',(70.863763206068,47.29830799027,
    -60.77689292938));
#862 = CARTESIAN_POINT('',(71.086952714468,47.286838512497,
    -60.77618522255));
#863 = ORIENTED_EDGE('',*,*,#835,.T.);
#864 = ORIENTED_EDGE('',*,*,#865,.F.);
#865 = EDGE_CURVE('',#866,#820,#868,.T.);
#866 = VERTEX_POINT('',#867);
#867 = CARTESIAN_POINT('',(71.08874767164,47.745261959674,
    -60.77728702252));
#868 = B_SPLINE_CURVE_WITH_KNOTS('',3,(#869,#870,#871,#872,#873,#874,
    #875,#876,#877,#878),.UNSPECIFIED.,.F.,.F.,(4,1,1,1,1,1,1,4),(
    53.407075111027,53.724201018384,54.721078155403,55.717955292423,
    56.714832429442,57.711709566461,58.70858670348,59.690260418206),
  .UNSPECIFIED.);
#869 = CARTESIAN_POINT('',(71.08874767164,47.745261959674,
    -60.77728702252));
#870 = CARTESIAN_POINT('',(71.252147302535,47.736849933718,
    -60.77853551828));
#871 = CARTESIAN_POINT('',(71.927714011872,47.701994920426,
    -60.67941628956));
#872 = CARTESIAN_POINT('',(72.851098831747,47.640696919799,
    -59.69857042378));
#873 = CARTESIAN_POINT('',(72.433911467623,47.561367957793,
    -58.0058604761));
#874 = CARTESIAN_POINT('',(70.785905726609,47.482038995787,
    -57.43718720384));
#875 = CARTESIAN_POINT('',(69.413597914758,47.402710033781,
    -58.51240042869));
#876 = CARTESIAN_POINT('',(69.570673878472,47.323784355077,
    -60.23977309289));
#877 = CARTESIAN_POINT('',(70.584995072624,47.271301663708,
    -60.78035861294));
#878 = CARTESIAN_POINT('',(71.087641461585,47.245261959674,
    -60.78103245258));
#879 = ORIENTED_EDGE('',*,*,#880,.F.);
#880 = EDGE_CURVE('',#850,#866,#881,.T.);
#881 = LINE('',#882,#883);
#882 = CARTESIAN_POINT('',(71.087496742066,51.995261959674,
    -60.77846472472));
#883 = VECTOR('',#884,1.);
#884 = DIRECTION('',(-5.654426547963E-30,-1.,3.445092848398E-16));
#885 = CYLINDRICAL_SURFACE('',#886,1.543);
#886 = AXIS2_PLACEMENT_3D('',#887,#888,#889);
#887 = CARTESIAN_POINT('',(71.087496742066,51.995261959674,
    -59.23546472472));
#888 = DIRECTION('',(0.,-1.,2.22044604925E-16));
#889 = DIRECTION('',(-4.604943200001E-14,2.22044604925E-16,1.));
#890 = ADVANCED_FACE('',(#891),#931,.F.);
#891 = FACE_BOUND('',#892,.F.);
#892 = EDGE_LOOP('',(#893,#909,#910,#925));
#893 = ORIENTED_EDGE('',*,*,#894,.T.);
#894 = EDGE_CURVE('',#895,#850,#897,.T.);
#895 = VERTEX_POINT('',#896);
#896 = CARTESIAN_POINT('',(71.088771021509,48.286838512497,
    -60.77946314428));
#897 = B_SPLINE_CURVE_WITH_KNOTS('',3,(#898,#899,#900,#901,#902,#903,
    #904,#905,#906,#907,#908),.UNSPECIFIED.,.F.,.F.,(4,1,1,1,1,1,1,1,4),
  (47.123889803847,47.295345648604,48.292222785623,49.289099922643,
    50.285977059662,51.282854196681,52.2797313337,53.276608470719,
    53.407075111027),.UNSPECIFIED.);
#898 = CARTESIAN_POINT('',(71.088771021509,48.286838512497,
    -60.77946314428));
#899 = CARTESIAN_POINT('',(71.176796217297,48.282290504961,
    -60.7802459505));
#900 = CARTESIAN_POINT('',(71.775783175101,48.25129951009,
    -60.73336002525));
#901 = CARTESIAN_POINT('',(72.765197994721,48.193865527883,
    -59.94966203049));
#902 = CARTESIAN_POINT('',(72.598135154931,48.114536565877,
    -58.21432278046));
#903 = CARTESIAN_POINT('',(71.050129659272,48.035207603871,
    -57.41245540335));
#904 = CARTESIAN_POINT('',(69.536283098098,47.955878641865,
    -58.2770830077));
#905 = CARTESIAN_POINT('',(69.440470840188,47.876549679859,
    -60.01781053279));
#906 = CARTESIAN_POINT('',(70.441846124386,47.82020297007,-60.7462502431
    ));
#907 = CARTESIAN_POINT('',(71.019506380499,47.790299247616,
    -60.78057720752));
#908 = CARTESIAN_POINT('',(71.086422050754,47.786838512497,
    -60.78004608289));
#909 = ORIENTED_EDGE('',*,*,#880,.T.);
#910 = ORIENTED_EDGE('',*,*,#911,.F.);
#911 = EDGE_CURVE('',#912,#866,#914,.T.);
#912 = VERTEX_POINT('',#913);
#913 = CARTESIAN_POINT('',(71.086562345088,48.245261959674,
    -60.77659603246));
#914 = B_SPLINE_CURVE_WITH_KNOTS('',3,(#915,#916,#917,#918,#919,#920,
    #921,#922,#923,#924),.UNSPECIFIED.,.F.,.F.,(4,1,1,1,1,1,1,4),(
    47.123889803847,47.742938196269,48.739815333288,49.736692470308,
    50.733569607327,51.730446744346,52.727323881365,53.407075111027),
  .UNSPECIFIED.);
#915 = CARTESIAN_POINT('',(71.086562345088,48.245261959674,
    -60.77659603246));
#916 = CARTESIAN_POINT('',(71.405887960656,48.228841191063,
    -60.77482803107));
#917 = CARTESIAN_POINT('',(72.241996866341,48.185977435116,
    -60.52248478808));
#918 = CARTESIAN_POINT('',(72.909032483343,48.116670691835,
    -59.15320441655));
#919 = CARTESIAN_POINT('',(72.007377997307,48.037341729829,
    -57.66111479811));
#920 = CARTESIAN_POINT('',(70.264818597975,47.958012767823,
    -57.60820940184));
#921 = CARTESIAN_POINT('',(69.274306367141,47.878683805817,
    -59.04285143426));
#922 = CARTESIAN_POINT('',(69.87058391895,47.807766869767,
    -60.48276971371));
#923 = CARTESIAN_POINT('',(70.73850476354,47.763292921053,
    -60.77461090395));
#924 = CARTESIAN_POINT('',(71.08874767164,47.745261959674,
    -60.77728702252));
#925 = ORIENTED_EDGE('',*,*,#926,.F.);
#926 = EDGE_CURVE('',#895,#912,#927,.T.);
#927 = LINE('',#928,#929);
#928 = CARTESIAN_POINT('',(71.087496742066,51.995261959674,
    -60.77846472472));
#929 = VECTOR('',#930,1.);
#930 = DIRECTION('',(-5.654426547963E-30,-1.,3.445092848398E-16));
#931 = CYLINDRICAL_SURFACE('',#932,1.543);
#932 = AXIS2_PLACEMENT_3D('',#933,#934,#935);
#933 = CARTESIAN_POINT('',(71.087496742066,51.995261959674,
    -59.23546472472));
#934 = DIRECTION('',(0.,-1.,2.22044604925E-16));
#935 = DIRECTION('',(-4.604943200001E-14,2.22044604925E-16,1.));
#936 = ADVANCED_FACE('',(#937),#976,.F.);
#937 = FACE_BOUND('',#938,.F.);
#938 = EDGE_LOOP('',(#939,#954,#955,#970));
#939 = ORIENTED_EDGE('',*,*,#940,.T.);
#940 = EDGE_CURVE('',#941,#895,#943,.T.);
#941 = VERTEX_POINT('',#942);
#942 = CARTESIAN_POINT('',(71.087707733844,48.786838512497,
    -60.77602972005));
#943 = B_SPLINE_CURVE_WITH_KNOTS('',3,(#944,#945,#946,#947,#948,#949,
    #950,#951,#952,#953),.UNSPECIFIED.,.F.,.F.,(4,1,1,1,1,1,1,4),(
    40.840704496667,41.314082826489,42.310959963508,43.307837100528,
    44.304714237547,45.301591374566,46.298468511585,47.123889803847),
  .UNSPECIFIED.);
#944 = CARTESIAN_POINT('',(71.087707733845,48.786838512497,
    -60.77602972005));
#945 = CARTESIAN_POINT('',(71.332116536103,48.774281762306,
    -60.77632849733));
#946 = CARTESIAN_POINT('',(72.090827702552,48.73528202478,
    -60.60630176675));
#947 = CARTESIAN_POINT('',(72.901680901248,48.669839299919,
    -59.41848144886));
#948 = CARTESIAN_POINT('',(72.226160860096,48.590510337913,
    -57.81131469363));
#949 = CARTESIAN_POINT('',(70.509736630433,48.511181375907,
    -57.50602766656));
#950 = CARTESIAN_POINT('',(69.321468957767,48.431852413901,-58.781696998
    ));
#951 = CARTESIAN_POINT('',(69.723175968891,48.357071459431,
    -60.37525904086));
#952 = CARTESIAN_POINT('',(70.665000860962,48.308733492296,
    -60.77569456514));
#953 = CARTESIAN_POINT('',(71.088771021509,48.286838512497,
    -60.77946314428));
#954 = ORIENTED_EDGE('',*,*,#926,.T.);
#955 = ORIENTED_EDGE('',*,*,#956,.F.);
#956 = EDGE_CURVE('',#957,#912,#959,.T.);
#957 = VERTEX_POINT('',#958);
#958 = CARTESIAN_POINT('',(71.086808953281,48.745261959674,
    -60.78067065296));
#959 = B_SPLINE_CURVE_WITH_KNOTS('',3,(#960,#961,#962,#963,#964,#965,
    #966,#967,#968,#969),.UNSPECIFIED.,.F.,.F.,(4,1,1,1,1,1,1,4),(
    40.840704496667,41.761675374154,42.758552511173,43.755429648193,
    44.752306785212,45.749183922231,46.74606105925,47.123889803847),
  .UNSPECIFIED.);
#960 = CARTESIAN_POINT('',(71.086808953281,48.745261959674,
    -60.78067065296));
#961 = CARTESIAN_POINT('',(71.558668211019,48.720832448408,
    -60.77804055084));
#962 = CARTESIAN_POINT('',(72.545935489558,48.669959949807,
    -60.29496071538));
#963 = CARTESIAN_POINT('',(72.802177592679,48.59264446387,
    -58.61528023961));
#964 = CARTESIAN_POINT('',(71.497625795273,48.513315501864,
    -57.45879554484));
#965 = CARTESIAN_POINT('',(69.818156546308,48.433986539858,
    -57.92644421974));
#966 = CARTESIAN_POINT('',(69.299048377925,48.354657577852,
    -59.59072753423));
#967 = CARTESIAN_POINT('',(70.183876886628,48.291749384458,
    -60.65297365206));
#968 = CARTESIAN_POINT('',(70.891665794311,48.255284178398,
    -60.77767511086));
#969 = CARTESIAN_POINT('',(71.086562345088,48.245261959674,
    -60.77659603246));
#970 = ORIENTED_EDGE('',*,*,#971,.F.);
#971 = EDGE_CURVE('',#941,#957,#972,.T.);
#972 = LINE('',#973,#974);
#973 = CARTESIAN_POINT('',(71.087496742066,51.995261959674,
    -60.77846472472));
#974 = VECTOR('',#975,1.);
#975 = DIRECTION('',(-5.654426547963E-30,-1.,3.445092848398E-16));
#976 = CYLINDRICAL_SURFACE('',#977,1.543);
#977 = AXIS2_PLACEMENT_3D('',#978,#979,#980);
#978 = CARTESIAN_POINT('',(71.087496742066,51.995261959674,
    -59.23546472472));
#979 = DIRECTION('',(0.,-1.,2.22044604925E-16));
#980 = DIRECTION('',(-4.604943200001E-14,2.22044604925E-16,1.));
#981 = ADVANCED_FACE('',(#982),#1022,.F.);
#982 = FACE_BOUND('',#983,.F.);
#983 = EDGE_LOOP('',(#984,#999,#1000,#1016));
#984 = ORIENTED_EDGE('',*,*,#985,.T.);
#985 = EDGE_CURVE('',#986,#941,#988,.T.);
#986 = VERTEX_POINT('',#987);
#987 = CARTESIAN_POINT('',(71.086100602002,49.286838512497,
    -60.77869089525));
#988 = B_SPLINE_CURVE_WITH_KNOTS('',3,(#989,#990,#991,#992,#993,#994,
    #995,#996,#997,#998),.UNSPECIFIED.,.F.,.F.,(4,1,1,1,1,1,1,4),(
    34.557519189488,35.332820004374,36.329697141393,37.326574278413,
    38.323451415432,39.320328552451,40.31720568947,40.840704496667),
  .UNSPECIFIED.);
#989 = CARTESIAN_POINT('',(71.086100602002,49.286838512497,
    -60.77869089525));
#990 = CARTESIAN_POINT('',(71.484652177425,49.266273019651,
    -60.77502173167));
#991 = CARTESIAN_POINT('',(72.401553239006,49.219264539471,
    -60.41424186925));
#992 = CARTESIAN_POINT('',(72.874040339435,49.145813071955,
    -58.87074392686));
#993 = CARTESIAN_POINT('',(71.751175245241,49.066484109949,
    -57.53714492871));
#994 = CARTESIAN_POINT('',(70.021611720702,48.987155147943,
    -57.75605659795));
#995 = CARTESIAN_POINT('',(69.266421732062,48.907826185937,
    -59.32736191072));
#996 = CARTESIAN_POINT('',(70.031990562288,48.841053974121,
    -60.5792398059));
#997 = CARTESIAN_POINT('',(70.817421351072,48.800724749641,
    -60.77569930875));
#998 = CARTESIAN_POINT('',(71.087707733845,48.786838512497,
    -60.77602972005));
#999 = ORIENTED_EDGE('',*,*,#971,.T.);
#1000 = ORIENTED_EDGE('',*,*,#1001,.F.);
#1001 = EDGE_CURVE('',#1002,#957,#1004,.T.);
#1002 = VERTEX_POINT('',#1003);
#1003 = CARTESIAN_POINT('',(71.088896972835,49.245261959674,
    -60.77862167398));
#1004 = B_SPLINE_CURVE_WITH_KNOTS('',3,(#1005,#1006,#1007,#1008,#1009,
    #1010,#1011,#1012,#1013,#1014,#1015),.UNSPECIFIED.,.F.,.F.,(4,1,1,1,
    1,1,1,1,4),(34.557519189488,34.78353541502,35.780412552039,
    36.777289689058,37.774166826078,38.771043963097,39.767921100116,
    40.764798237135,40.840704496667),.UNSPECIFIED.);
#1005 = CARTESIAN_POINT('',(71.088896972835,49.245261959674,
    -60.77862167398));
#1006 = CARTESIAN_POINT('',(71.20509634893,49.239266693089,
    -60.77968982844));
#1007 = CARTESIAN_POINT('',(71.83262626996,49.206828439168,
    -60.71467489689));
#1008 = CARTESIAN_POINT('',(72.801649022841,49.147947197912,
    -59.85710865248));
#1009 = CARTESIAN_POINT('',(72.54020098114,49.068618235906,
    -58.13346217983));
#1010 = CARTESIAN_POINT('',(70.950770522664,48.9892892739,
    -57.41720589936));
#1011 = CARTESIAN_POINT('',(69.486327663526,48.909960311894,
    -58.36310195792));
#1012 = CARTESIAN_POINT('',(69.485585621807,48.830631349888,
    -60.10646413794));
#1013 = CARTESIAN_POINT('',(70.498492779104,48.775731899148,
    -60.76193212975));
#1014 = CARTESIAN_POINT('',(71.047918395332,48.747275435743,
    -60.78088742552));
#1015 = CARTESIAN_POINT('',(71.086808953281,48.745261959674,
    -60.78067065296));
#1016 = ORIENTED_EDGE('',*,*,#1017,.F.);
#1017 = EDGE_CURVE('',#986,#1002,#1018,.T.);
#1018 = LINE('',#1019,#1020);
#1019 = CARTESIAN_POINT('',(71.087496742066,51.995261959674,
    -60.77846472472));
#1020 = VECTOR('',#1021,1.);
#1021 = DIRECTION('',(-5.654426547963E-30,-1.,3.445092848398E-16));
#1022 = CYLINDRICAL_SURFACE('',#1023,1.543);
#1023 = AXIS2_PLACEMENT_3D('',#1024,#1025,#1026);
#1024 = CARTESIAN_POINT('',(71.087496742066,51.995261959674,
    -59.23546472472));
#1025 = DIRECTION('',(0.,-1.,2.22044604925E-16));
#1026 = DIRECTION('',(-4.604943200001E-14,2.22044604925E-16,1.));
#1027 = ADVANCED_FACE('',(#1028),#1068,.F.);
#1028 = FACE_BOUND('',#1029,.F.);
#1029 = EDGE_LOOP('',(#1030,#1046,#1047,#1062));
#1030 = ORIENTED_EDGE('',*,*,#1031,.T.);
#1031 = EDGE_CURVE('',#1032,#986,#1034,.T.);
#1032 = VERTEX_POINT('',#1033);
#1033 = CARTESIAN_POINT('',(71.088220427086,49.786838512497,
    -60.78062868549));
#1034 = B_SPLINE_CURVE_WITH_KNOTS('',3,(#1035,#1036,#1037,#1038,#1039,
    #1040,#1041,#1042,#1043,#1044,#1045),.UNSPECIFIED.,.F.,.F.,(4,1,1,1,
    1,1,1,1,4),(28.274333882308,28.35468004524,29.351557182259,
    30.348434319278,31.345311456298,32.342188593317,33.339065730336,
    34.335942867355,34.557519189488),.UNSPECIFIED.);
#1035 = CARTESIAN_POINT('',(71.088220427086,49.786838512497,
    -60.78062868549));
#1036 = CARTESIAN_POINT('',(71.129388735587,49.784707264332,
    -60.78086810576));
#1037 = CARTESIAN_POINT('',(71.681105656292,49.756133028832,
    -60.76071781744));
#1038 = CARTESIAN_POINT('',(72.693259175696,49.701115805996,
    -60.09934319788));
#1039 = CARTESIAN_POINT('',(72.684776888602,49.62178684399,
    -58.35600156191));
#1040 = CARTESIAN_POINT('',(71.216148735269,49.542457881984,
    -57.41661673915));
#1041 = CARTESIAN_POINT('',(69.6299140436,49.463128919978,
    -58.13992288182));
#1042 = CARTESIAN_POINT('',(69.376121365435,49.383799957972,
    -59.86471317436));
#1043 = CARTESIAN_POINT('',(70.346996279585,49.325036488812,
    -60.71626197515));
#1044 = CARTESIAN_POINT('',(70.972196952519,49.292716006987,
    -60.77973952019));
#1045 = CARTESIAN_POINT('',(71.086100602002,49.286838512497,
    -60.77869089525));
#1046 = ORIENTED_EDGE('',*,*,#1017,.T.);
#1047 = ORIENTED_EDGE('',*,*,#1048,.F.);
#1048 = EDGE_CURVE('',#1049,#1002,#1051,.T.);
#1049 = VERTEX_POINT('',#1050);
#1050 = CARTESIAN_POINT('',(71.087248711728,49.745261959674,
    -60.77603986798));
#1051 = B_SPLINE_CURVE_WITH_KNOTS('',3,(#1052,#1053,#1054,#1055,#1056,
    #1057,#1058,#1059,#1060,#1061),.UNSPECIFIED.,.F.,.F.,(4,1,1,1,1,1,1,
    4),(28.274333882308,28.802272592905,29.799149729924,30.796026866943,
    31.792904003963,32.789781140982,33.786658278001,34.557519189488),
  .UNSPECIFIED.);
#1052 = CARTESIAN_POINT('',(71.087248711728,49.745261959674,
    -60.77603986798));
#1053 = CARTESIAN_POINT('',(71.35982296271,49.731257950434,
    -60.77564802971));
#1054 = CARTESIAN_POINT('',(72.147618248072,49.690810953859,
    -60.57675424186));
#1055 = CARTESIAN_POINT('',(72.908961788273,49.623920969948,
    -59.31927563172));
#1056 = CARTESIAN_POINT('',(72.146802843328,49.544592007942,
    -57.7513387849));
#1057 = CARTESIAN_POINT('',(70.416284434092,49.465263045936,
    -57.54010834423));
#1058 = CARTESIAN_POINT('',(69.299351453797,49.38593408393,
    -58.8786795802));
#1059 = CARTESIAN_POINT('',(69.777918282658,49.312600388509,
    -60.41759304686));
#1060 = CARTESIAN_POINT('',(70.692582253572,49.265709680424,
    -60.77497857924));
#1061 = CARTESIAN_POINT('',(71.088896972835,49.245261959674,
    -60.77862167398));
#1062 = ORIENTED_EDGE('',*,*,#1063,.F.);
#1063 = EDGE_CURVE('',#1032,#1049,#1064,.T.);
#1064 = LINE('',#1065,#1066);
#1065 = CARTESIAN_POINT('',(71.087496742066,51.995261959674,
    -60.77846472472));
#1066 = VECTOR('',#1067,1.);
#1067 = DIRECTION('',(-5.654426547963E-30,-1.,3.445092848398E-16));
#1068 = CYLINDRICAL_SURFACE('',#1069,1.543);
#1069 = AXIS2_PLACEMENT_3D('',#1070,#1071,#1072);
#1070 = CARTESIAN_POINT('',(71.087496742066,51.995261959674,
    -59.23546472472));
#1071 = DIRECTION('',(0.,-1.,2.22044604925E-16));
#1072 = DIRECTION('',(-4.604943200001E-14,2.22044604925E-16,1.));
#1073 = ADVANCED_FACE('',(#1074),#1113,.F.);
#1074 = FACE_BOUND('',#1075,.F.);
#1075 = EDGE_LOOP('',(#1076,#1091,#1092,#1107));
#1076 = ORIENTED_EDGE('',*,*,#1077,.T.);
#1077 = EDGE_CURVE('',#1078,#1032,#1080,.T.);
#1078 = VERTEX_POINT('',#1079);
#1079 = CARTESIAN_POINT('',(71.088400194831,50.286838512497,
    -60.7765521031));
#1080 = B_SPLINE_CURVE_WITH_KNOTS('',3,(#1081,#1082,#1083,#1084,#1085,
    #1086,#1087,#1088,#1089,#1090),.UNSPECIFIED.,.F.,.F.,(4,1,1,1,1,1,1,
    4),(21.991148575128,22.373417223125,23.370294360144,24.367171497163,
    25.364048634182,26.360925771202,27.357802908221,28.274333882308),
  .UNSPECIFIED.);
#1081 = CARTESIAN_POINT('',(71.088400194831,50.286838512497,
    -60.7765521031));
#1082 = CARTESIAN_POINT('',(71.285602023954,50.276698521677,
    -60.77761047507));
#1083 = CARTESIAN_POINT('',(71.995759765448,50.240115543522,
    -60.65095008638));
#1084 = CARTESIAN_POINT('',(72.877500543884,50.177089578032,
    -59.58277908998));
#1085 = CARTESIAN_POINT('',(72.351014606272,50.097760616026,
    -57.92082352486));
#1086 = CARTESIAN_POINT('',(70.669482510592,50.01843165402,
    -57.4606329265));
#1087 = CARTESIAN_POINT('',(69.370079709035,49.939102692014,
    -58.62289984092));
#1088 = CARTESIAN_POINT('',(69.633374502039,49.861904978173,
    -60.29886852352));
#1089 = CARTESIAN_POINT('',(70.618602109108,49.811150251667,
    -60.77789755208));
#1090 = CARTESIAN_POINT('',(71.088220427086,49.786838512497,
    -60.78062868549));
#1091 = ORIENTED_EDGE('',*,*,#1063,.T.);
#1092 = ORIENTED_EDGE('',*,*,#1093,.F.);
#1093 = EDGE_CURVE('',#1094,#1049,#1096,.T.);
#1094 = VERTEX_POINT('',#1095);
#1095 = CARTESIAN_POINT('',(71.086238950823,50.245261959674,
    -60.77952912513));
#1096 = B_SPLINE_CURVE_WITH_KNOTS('',3,(#1097,#1098,#1099,#1100,#1101,
    #1102,#1103,#1104,#1105,#1106),.UNSPECIFIED.,.F.,.F.,(4,1,1,1,1,1,1,
    4),(21.991148575128,22.82100977079,23.817886907809,24.814764044829,
    25.811641181848,26.808518318867,27.805395455886,28.274333882308),
  .UNSPECIFIED.);
#1097 = CARTESIAN_POINT('',(71.086238950823,50.245261959674,
    -60.77952912513));
#1098 = CARTESIAN_POINT('',(71.512241142479,50.223249207779,
    -60.77577122543));
#1099 = CARTESIAN_POINT('',(72.456244413214,50.174793468549,
    -60.37170310683));
#1100 = CARTESIAN_POINT('',(72.851491738817,50.099894741983,
    -58.77386036649));
#1101 = CARTESIAN_POINT('',(71.657572976,50.020565779977,-57.50347960865
    ));
#1102 = CARTESIAN_POINT('',(69.942520631069,49.941236817971,
    -57.8163842543));
#1103 = CARTESIAN_POINT('',(69.274143134605,49.861907855965,
    -59.42653443501));
#1104 = CARTESIAN_POINT('',(70.088793323254,49.7965829032,
    -60.60861178885));
#1105 = CARTESIAN_POINT('',(70.845136250994,49.757700937769,
    -60.77638791599));
#1106 = CARTESIAN_POINT('',(71.087248711728,49.745261959674,
    -60.77603986798));
#1107 = ORIENTED_EDGE('',*,*,#1108,.F.);
#1108 = EDGE_CURVE('',#1078,#1094,#1109,.T.);
#1109 = LINE('',#1110,#1111);
#1110 = CARTESIAN_POINT('',(71.087496742066,51.995261959674,
    -60.77846472472));
#1111 = VECTOR('',#1112,1.);
#1112 = DIRECTION('',(-5.654426547963E-30,-1.,3.445092848398E-16));
#1113 = CYLINDRICAL_SURFACE('',#1114,1.543);
#1114 = AXIS2_PLACEMENT_3D('',#1115,#1116,#1117);
#1115 = CARTESIAN_POINT('',(71.087496742066,51.995261959674,
    -59.23546472472));
#1116 = DIRECTION('',(0.,-1.,2.22044604925E-16));
#1117 = DIRECTION('',(-4.604943200001E-14,2.22044604925E-16,1.));
#1118 = ADVANCED_FACE('',(#1119),#1158,.F.);
#1119 = FACE_BOUND('',#1120,.F.);
#1120 = EDGE_LOOP('',(#1121,#1133,#1142,#1152));
#1121 = ORIENTED_EDGE('',*,*,#1122,.F.);
#1122 = EDGE_CURVE('',#1123,#1125,#1127,.T.);
#1123 = VERTEX_POINT('',#1124);
#1124 = CARTESIAN_POINT('',(69.594209054788,50.891050236085,
    -58.83601180315));
#1125 = VERTEX_POINT('',#1126);
#1126 = CARTESIAN_POINT('',(71.088574641974,50.745261959674,
    -60.77998198172));
#1127 = B_SPLINE_CURVE_WITH_KNOTS('',3,(#1128,#1129,#1130,#1131,#1132),
  .UNSPECIFIED.,.F.,.F.,(4,1,4),(13.875933755336,14.845992674637,
    15.707963267949),.UNSPECIFIED.);
#1128 = CARTESIAN_POINT('',(69.594204759369,50.891050236085,
    -58.83601027421));
#1129 = CARTESIAN_POINT('',(69.466802040852,50.865318624069,
    -59.31612864327));
#1130 = CARTESIAN_POINT('',(69.701130530564,50.816722531932,
    -60.35178093517));
#1131 = CARTESIAN_POINT('',(70.64651361881,50.768126439795,
    -60.7764298309));
#1132 = CARTESIAN_POINT('',(71.088574641974,50.745261959674,
    -60.77998198172));
#1133 = ORIENTED_EDGE('',*,*,#1134,.T.);
#1134 = EDGE_CURVE('',#1123,#1135,#1137,.T.);
#1135 = VERTEX_POINT('',#1136);
#1136 = CARTESIAN_POINT('',(69.596847313848,50.891050236085,
    -59.63397856658));
#1137 = CIRCLE('',#1138,1.543);
#1138 = AXIS2_PLACEMENT_3D('',#1139,#1140,#1141);
#1139 = CARTESIAN_POINT('',(71.087496742066,50.891050236085,
    -59.23546472472));
#1140 = DIRECTION('',(0.,-1.,0.));
#1141 = DIRECTION('',(-4.604943200001E-14,0.,1.));
#1142 = ORIENTED_EDGE('',*,*,#1143,.T.);
#1143 = EDGE_CURVE('',#1135,#1144,#1146,.T.);
#1144 = VERTEX_POINT('',#1145);
#1145 = CARTESIAN_POINT('',(71.085956440954,50.786838512497,
    -60.77688565567));
#1146 = B_SPLINE_CURVE_WITH_KNOTS('',3,(#1147,#1148,#1149,#1150,#1151),
  .UNSPECIFIED.,.F.,.F.,(4,1,4),(14.398400126972,15.395277263991,
    15.707963267949),.UNSPECIFIED.);
#1147 = CARTESIAN_POINT('',(69.596847313848,50.891050236085,
    -59.63397856658));
#1148 = CARTESIAN_POINT('',(69.729270426425,50.86460724875,
    -60.12931001134));
#1149 = CARTESIAN_POINT('',(70.252069256017,50.829870007554,
    -60.68080298428));
#1150 = CARTESIAN_POINT('',(70.924874877493,50.795132766358,
    -60.77808961042));
#1151 = CARTESIAN_POINT('',(71.085956440954,50.786838512497,
    -60.77688565567));
#1152 = ORIENTED_EDGE('',*,*,#1153,.T.);
#1153 = EDGE_CURVE('',#1144,#1125,#1154,.T.);
#1154 = LINE('',#1155,#1156);
#1155 = CARTESIAN_POINT('',(71.087496742066,51.995261959674,
    -60.77846472472));
#1156 = VECTOR('',#1157,1.);
#1157 = DIRECTION('',(-5.654426547963E-30,-1.,3.445092848398E-16));
#1158 = CYLINDRICAL_SURFACE('',#1159,1.543);
#1159 = AXIS2_PLACEMENT_3D('',#1160,#1161,#1162);
#1160 = CARTESIAN_POINT('',(71.087496742066,51.995261959674,
    -59.23546472472));
#1161 = DIRECTION('',(0.,-1.,2.22044604925E-16));
#1162 = DIRECTION('',(-0.793012992186,-1.35270621982E-16,-0.609204722752
    ));
#1163 = ADVANCED_FACE('',(#1164),#1192,.F.);
#1164 = FACE_BOUND('',#1165,.F.);
#1165 = EDGE_LOOP('',(#1166,#1177,#1186));
#1166 = ORIENTED_EDGE('',*,*,#1167,.F.);
#1167 = EDGE_CURVE('',#1168,#1170,#1172,.T.);
#1168 = VERTEX_POINT('',#1169);
#1169 = CARTESIAN_POINT('',(-70.78703860593,46.05411767968,
    -60.45631540382));
#1170 = VERTEX_POINT('',#1171);
#1171 = CARTESIAN_POINT('',(-71.25707197192,46.084469909705,
    -60.54564926003));
#1172 = B_SPLINE_CURVE_WITH_KNOTS('',3,(#1173,#1174,#1175,#1176),
  .UNSPECIFIED.,.F.,.F.,(4,4),(-60.78268714045,-60.40126976898),
  .PIECEWISE_BEZIER_KNOTS.);
#1173 = CARTESIAN_POINT('',(-70.78601366139,46.05411767968,
    -60.45837303049));
#1174 = CARTESIAN_POINT('',(-70.93468048535,46.064235089688,
    -60.51767717356));
#1175 = CARTESIAN_POINT('',(-71.09575299082,46.074352499697,
    -60.54638696748));
#1176 = CARTESIAN_POINT('',(-71.25707197192,46.084469909705,
    -60.54564926003));
#1177 = ORIENTED_EDGE('',*,*,#1178,.T.);
#1178 = EDGE_CURVE('',#1168,#1179,#1181,.T.);
#1179 = VERTEX_POINT('',#1180);
#1180 = CARTESIAN_POINT('',(-71.25773148207,46.05411767968,
    -60.54718493969));
#1181 = CIRCLE('',#1182,1.2645);
#1182 = AXIS2_PLACEMENT_3D('',#1183,#1184,#1185);
#1183 = CARTESIAN_POINT('',(-71.25773148207,46.05411767968,
    -59.28268493969));
#1184 = DIRECTION('',(0.,1.,-2.22044604925E-16));
#1185 = DIRECTION('',(0.,2.22044604925E-16,1.));
#1186 = ORIENTED_EDGE('',*,*,#1187,.F.);
#1187 = EDGE_CURVE('',#1170,#1179,#1188,.T.);
#1188 = LINE('',#1189,#1190);
#1189 = CARTESIAN_POINT('',(-71.25773148207,43.697065711105,
    -60.54718493969));
#1190 = VECTOR('',#1191,1.);
#1191 = DIRECTION('',(0.,-1.,2.22044604925E-16));
#1192 = CYLINDRICAL_SURFACE('',#1193,1.2645);
#1193 = AXIS2_PLACEMENT_3D('',#1194,#1195,#1196);
#1194 = CARTESIAN_POINT('',(-71.25773148207,43.697065711105,
    -59.28268493969));
#1195 = DIRECTION('',(0.,-1.,2.22044604925E-16));
#1196 = DIRECTION('',(0.,2.22044604925E-16,1.));
#1197 = ADVANCED_FACE('',(#1198),#1264,.F.);
#1198 = FACE_BOUND('',#1199,.F.);
#1199 = EDGE_LOOP('',(#1200,#1227,#1228,#1237,#1258));
#1200 = ORIENTED_EDGE('',*,*,#1201,.F.);
#1201 = EDGE_CURVE('',#1170,#1202,#1204,.T.);
#1202 = VERTEX_POINT('',#1203);
#1203 = CARTESIAN_POINT('',(-71.25883633481,46.584469909705,
    -60.54656257645));
#1204 = B_SPLINE_CURVE_WITH_KNOTS('',3,(#1205,#1206,#1207,#1208,#1209,
    #1210,#1211,#1212,#1213,#1214,#1215,#1216,#1217,#1218,#1219,#1220,
    #1221,#1222,#1223,#1224,#1225,#1226),.UNSPECIFIED.,.F.,.F.,(4,3,3,3,
    3,3,3,4),(-60.40126976898,-59.81262822115,-58.81575108413,
    -57.81887394711,-56.82199681009,-55.82511967307,-54.82824253605,
    -54.1180844618),.UNSPECIFIED.);
#1205 = CARTESIAN_POINT('',(-71.25707197192,46.084469909705,
    -60.54564926003));
#1206 = CARTESIAN_POINT('',(-71.50603560557,46.100084111713,
    -60.5445107559));
#1207 = CARTESIAN_POINT('',(-71.75558628894,46.115698313721,
    -60.47323490422));
#1208 = CARTESIAN_POINT('',(-71.96102926894,46.131312515729,
    -60.33603728284));
#1209 = CARTESIAN_POINT('',(-72.30895137956,46.157755503064,
    -60.10369015663));
#1210 = CARTESIAN_POINT('',(-72.5303719271,46.184198490399,
    -59.68227839386));
#1211 = CARTESIAN_POINT('',(-72.52419788939,46.210641477734,
    -59.26408160315));
#1212 = CARTESIAN_POINT('',(-72.51802385168,46.23708446507,
    -58.84588481244));
#1213 = CARTESIAN_POINT('',(-72.28425522872,46.263527452405,
    -58.43090299379));
#1214 = CARTESIAN_POINT('',(-71.9296866043,46.28997043974,
    -58.20897501597));
#1215 = CARTESIAN_POINT('',(-71.57511797988,46.316413427076,
    -57.98704703815));
#1216 = CARTESIAN_POINT('',(-71.099749354,46.342856414411,
    -57.95817290116));
#1217 = CARTESIAN_POINT('',(-70.72088509011,46.369299401746,
    -58.13547173349));
#1218 = CARTESIAN_POINT('',(-70.34202082622,46.395742389082,
    -58.31277056583));
#1219 = CARTESIAN_POINT('',(-70.05966092432,46.422185376417,
    -58.69624236748));
#1220 = CARTESIAN_POINT('',(-70.00285155318,46.448628363752,
    -59.1106506697));
#1221 = CARTESIAN_POINT('',(-69.94604218204,46.475071351088,
    -59.52505897192));
#1222 = CARTESIAN_POINT('',(-70.11478334165,46.501514338423,
    -59.97040377471));
#1223 = CARTESIAN_POINT('',(-70.43195427047,46.527957325758,
    -60.24311183081));
#1224 = CARTESIAN_POINT('',(-70.65790136831,46.546794853741,
    -60.4373843452));
#1225 = CARTESIAN_POINT('',(-70.95917496796,46.565632381723,
    -60.54404557864));
#1226 = CARTESIAN_POINT('',(-71.25883633481,46.584469909705,
    -60.54656257645));
#1227 = ORIENTED_EDGE('',*,*,#1187,.T.);
#1228 = ORIENTED_EDGE('',*,*,#1229,.T.);
#1229 = EDGE_CURVE('',#1179,#1230,#1232,.T.);
#1230 = VERTEX_POINT('',#1231);
#1231 = CARTESIAN_POINT('',(-72.48816737013,46.05411767968,
    -59.57421156864));
#1232 = CIRCLE('',#1233,1.2645);
#1233 = AXIS2_PLACEMENT_3D('',#1234,#1235,#1236);
#1234 = CARTESIAN_POINT('',(-71.25773148207,46.05411767968,
    -59.28268493969));
#1235 = DIRECTION('',(0.,1.,-2.22044604925E-16));
#1236 = DIRECTION('',(0.,2.22044604925E-16,1.));
#1237 = ORIENTED_EDGE('',*,*,#1238,.F.);
#1238 = EDGE_CURVE('',#1239,#1230,#1241,.T.);
#1239 = VERTEX_POINT('',#1240);
#1240 = CARTESIAN_POINT('',(-71.25803994382,46.447630562466,
    -60.54923225056));
#1241 = B_SPLINE_CURVE_WITH_KNOTS('',3,(#1242,#1243,#1244,#1245,#1246,
    #1247,#1248,#1249,#1250,#1251,#1252,#1253,#1254,#1255,#1256,#1257),
  .UNSPECIFIED.,.F.,.F.,(4,3,3,3,3,4),(57.858230905594,58.815751084131,
    59.81262822115,60.809505358169,61.806382495189,62.803259632208),
  .UNSPECIFIED.);
#1242 = CARTESIAN_POINT('',(-71.25803994382,46.447630562466,
    -60.54923225056));
#1243 = CARTESIAN_POINT('',(-70.85618071761,46.422231550879,
    -60.54790452019));
#1244 = CARTESIAN_POINT('',(-70.45314932715,46.396832539291,
    -60.3401546842));
#1245 = CARTESIAN_POINT('',(-70.22192056997,46.371433527704,
    -60.01164243209));
#1246 = CARTESIAN_POINT('',(-69.9811876156,46.344990540368,
    -59.66962733862));
#1247 = CARTESIAN_POINT('',(-69.92667075733,46.318547553033,
    -59.19671840925));
#1248 = CARTESIAN_POINT('',(-70.08319149415,46.292104565698,
    -58.80872840346));
#1249 = CARTESIAN_POINT('',(-70.23971223097,46.265661578362,
    -58.42073839767));
#1250 = CARTESIAN_POINT('',(-70.60727056287,46.239218591027,
    -58.11766731546));
#1251 = CARTESIAN_POINT('',(-71.01805857753,46.212775603692,
    -58.03874665557));
#1252 = CARTESIAN_POINT('',(-71.42884659218,46.186332616357,
    -57.95982599568));
#1253 = CARTESIAN_POINT('',(-71.88286428959,46.159889629021,
    -58.1050557581));
#1254 = CARTESIAN_POINT('',(-72.17191250335,46.133446641686,
    -58.40643603423));
#1255 = CARTESIAN_POINT('',(-72.4609607171,46.107003654351,
    -58.70781631035));
#1256 = CARTESIAN_POINT('',(-72.5850394472,46.080560667015,
    -59.16534710018));
#1257 = CARTESIAN_POINT('',(-72.48816737013,46.05411767968,
    -59.57421156864));
#1258 = ORIENTED_EDGE('',*,*,#1259,.F.);
#1259 = EDGE_CURVE('',#1202,#1239,#1260,.T.);
#1260 = LINE('',#1261,#1262);
#1261 = CARTESIAN_POINT('',(-71.25773148207,43.697065711105,
    -60.54718493969));
#1262 = VECTOR('',#1263,1.);
#1263 = DIRECTION('',(0.,-1.,2.22044604925E-16));
#1264 = CYLINDRICAL_SURFACE('',#1265,1.2645);
#1265 = AXIS2_PLACEMENT_3D('',#1266,#1267,#1268);
#1266 = CARTESIAN_POINT('',(-71.25773148207,43.697065711105,
    -59.28268493969));
#1267 = DIRECTION('',(0.,-1.,2.22044604925E-16));
#1268 = DIRECTION('',(0.,2.22044604925E-16,1.));
#1269 = ADVANCED_FACE('',(#1270),#1339,.F.);
#1270 = FACE_BOUND('',#1271,.F.);
#1271 = EDGE_LOOP('',(#1272,#1302,#1303,#1333));
#1272 = ORIENTED_EDGE('',*,*,#1273,.F.);
#1273 = EDGE_CURVE('',#1202,#1274,#1276,.T.);
#1274 = VERTEX_POINT('',#1275);
#1275 = CARTESIAN_POINT('',(-71.25761288334,47.084469909705,
    -60.54928930333));
#1276 = B_SPLINE_CURVE_WITH_KNOTS('',3,(#1277,#1278,#1279,#1280,#1281,
    #1282,#1283,#1284,#1285,#1286,#1287,#1288,#1289,#1290,#1291,#1292,
    #1293,#1294,#1295,#1296,#1297,#1298,#1299,#1300,#1301),
  .UNSPECIFIED.,.F.,.F.,(4,3,3,3,3,3,3,3,4),(-54.1180844618,
    -53.83136539903,-52.83448826201,-51.83761112499,-50.84073398797,
    -49.84385685095,-48.84697971393,-47.85010257692,-47.83489915462),
  .UNSPECIFIED.);
#1277 = CARTESIAN_POINT('',(-71.25883633481,46.584469909705,
    -60.54656257645));
#1278 = CARTESIAN_POINT('',(-71.37982154835,46.592075369058,
    -60.54757878859));
#1279 = CARTESIAN_POINT('',(-71.50054395857,46.599680828411,
    -60.53161888546));
#1280 = CARTESIAN_POINT('',(-71.61594007898,46.607286287764,
    -60.49759480145));
#1281 = CARTESIAN_POINT('',(-72.01715426066,46.633729275099,
    -60.3792984066));
#1282 = CARTESIAN_POINT('',(-72.35398192598,46.660172262435,
    -60.04263430748));
#1283 = CARTESIAN_POINT('',(-72.47246984941,46.68661524977,
    -59.64147811533));
#1284 = CARTESIAN_POINT('',(-72.59095777285,46.713058237105,
    -59.24032192317));
#1285 = CARTESIAN_POINT('',(-72.49110595438,46.739501224441,
    -58.77467363798));
#1286 = CARTESIAN_POINT('',(-72.2185532165,46.765944211776,
    -58.45737038334));
#1287 = CARTESIAN_POINT('',(-71.94600047862,46.792387199111,
    -58.1400671287));
#1288 = CARTESIAN_POINT('',(-71.50074682133,46.818830186447,
    -57.97110890461));
#1289 = CARTESIAN_POINT('',(-71.08630580156,46.845273173782,
    -58.02772086737));
#1290 = CARTESIAN_POINT('',(-70.67186478178,46.871716161117,
    -58.08433283013));
#1291 = CARTESIAN_POINT('',(-70.28823639954,46.898159148453,
    -58.36651497973));
#1292 = CARTESIAN_POINT('',(-70.11076648754,46.924602135788,
    -58.7452900934));
#1293 = CARTESIAN_POINT('',(-69.93329657554,46.951045123123,
    -59.12406520706));
#1294 = CARTESIAN_POINT('',(-69.96198513379,46.977488110459,
    -59.5994332848));
#1295 = CARTESIAN_POINT('',(-70.18371948973,47.003931097794,
    -59.95411639862));
#1296 = CARTESIAN_POINT('',(-70.40545384567,47.030374085129,
    -60.30879951245));
#1297 = CARTESIAN_POINT('',(-70.8202339993,47.056817072465,
    -60.54279766236));
#1298 = CARTESIAN_POINT('',(-71.23847529612,47.0832600598,-60.5491568351
    ));
#1299 = CARTESIAN_POINT('',(-71.24485391473,47.083663343101,
    -60.54925381916));
#1300 = CARTESIAN_POINT('',(-71.25123333838,47.084066626403,
    -60.54929785564));
#1301 = CARTESIAN_POINT('',(-71.25761288334,47.084469909705,
    -60.54928930333));
#1302 = ORIENTED_EDGE('',*,*,#1259,.T.);
#1303 = ORIENTED_EDGE('',*,*,#1304,.F.);
#1304 = EDGE_CURVE('',#1305,#1239,#1307,.T.);
#1305 = VERTEX_POINT('',#1306);
#1306 = CARTESIAN_POINT('',(-71.25659026069,46.947630562466,
    -60.54685360416));
#1307 = B_SPLINE_CURVE_WITH_KNOTS('',3,(#1308,#1309,#1310,#1311,#1312,
    #1313,#1314,#1315,#1316,#1317,#1318,#1319,#1320,#1321,#1322,#1323,
    #1324,#1325,#1326,#1327,#1328,#1329,#1330,#1331,#1332),
  .UNSPECIFIED.,.F.,.F.,(4,3,3,3,3,3,3,3,4),(51.575045598414,
    51.837611124997,52.834488262016,53.831365399035,54.828242536054,
    55.825119673074,56.821996810093,57.818873947112,57.858230905594),
  .UNSPECIFIED.);
#1308 = CARTESIAN_POINT('',(-71.25659026069,46.947630562466,
    -60.54685360416));
#1309 = CARTESIAN_POINT('',(-71.14586200563,46.940665795559,
    -60.54783306292));
#1310 = CARTESIAN_POINT('',(-71.03536597627,46.933701028652,
    -60.53448936949));
#1311 = CARTESIAN_POINT('',(-70.92896937588,46.926736261745,
    -60.50589302825));
#1312 = CARTESIAN_POINT('',(-70.52501559048,46.90029327441,
    -60.39732188734));
#1313 = CARTESIAN_POINT('',(-70.18015415062,46.873850287075,
    -60.06888726325));
#1314 = CARTESIAN_POINT('',(-70.0520123421,46.84740729974,
    -59.67070971675));
#1315 = CARTESIAN_POINT('',(-69.92387053358,46.820964312404,
    -59.27253217025));
#1316 = CARTESIAN_POINT('',(-70.01244835641,46.794521325069,
    -58.80461170133));
#1317 = CARTESIAN_POINT('',(-70.27725809423,46.768078337733,
    -58.48081753458));
#1318 = CARTESIAN_POINT('',(-70.54206783205,46.741635350398,
    -58.15702336783));
#1319 = CARTESIAN_POINT('',(-70.98310948487,46.715192363063,
    -57.97735550324));
#1320 = CARTESIAN_POINT('',(-71.39879756092,46.688749375728,
    -58.02394421759));
#1321 = CARTESIAN_POINT('',(-71.81448563697,46.662306388392,
    -58.07053293195));
#1322 = CARTESIAN_POINT('',(-72.20482013624,46.635863401057,
    -58.34337822524));
#1323 = CARTESIAN_POINT('',(-72.3913846429,46.609420413722,
    -58.71775134641));
#1324 = CARTESIAN_POINT('',(-72.57794914957,46.582977426386,
    -59.09212446758));
#1325 = CARTESIAN_POINT('',(-72.56074366363,46.556534439051,
    -59.56802541663));
#1326 = CARTESIAN_POINT('',(-72.34764316193,46.530091451716,
    -59.92797150366));
#1327 = CARTESIAN_POINT('',(-72.13454266023,46.50364846438,
    -60.28791759069));
#1328 = CARTESIAN_POINT('',(-71.72554714277,46.477205477045,
    -60.5319088157));
#1329 = CARTESIAN_POINT('',(-71.3075748588,46.45076248971,
    -60.54834379941));
#1330 = CARTESIAN_POINT('',(-71.29107320858,46.449718513962,
    -60.54899265668));
#1331 = CARTESIAN_POINT('',(-71.27455756636,46.448674538214,
    -60.54928682427));
#1332 = CARTESIAN_POINT('',(-71.25803994382,46.447630562466,
    -60.54923225056));
#1333 = ORIENTED_EDGE('',*,*,#1334,.F.);
#1334 = EDGE_CURVE('',#1274,#1305,#1335,.T.);
#1335 = LINE('',#1336,#1337);
#1336 = CARTESIAN_POINT('',(-71.25773148207,43.697065711105,
    -60.54718493969));
#1337 = VECTOR('',#1338,1.);
#1338 = DIRECTION('',(0.,-1.,2.22044604925E-16));
#1339 = CYLINDRICAL_SURFACE('',#1340,1.2645);
#1340 = AXIS2_PLACEMENT_3D('',#1341,#1342,#1343);
#1341 = CARTESIAN_POINT('',(-71.25773148207,43.697065711105,
    -59.28268493969));
#1342 = DIRECTION('',(0.,-1.,2.22044604925E-16));
#1343 = DIRECTION('',(0.,2.22044604925E-16,1.));
#1344 = ADVANCED_FACE('',(#1345),#1408,.F.);
#1345 = FACE_BOUND('',#1346,.F.);
#1346 = EDGE_LOOP('',(#1347,#1374,#1375,#1402));
#1347 = ORIENTED_EDGE('',*,*,#1348,.F.);
#1348 = EDGE_CURVE('',#1274,#1349,#1351,.T.);
#1349 = VERTEX_POINT('',#1350);
#1350 = CARTESIAN_POINT('',(-71.25670633589,47.584469909705,
    -60.54621989523));
#1351 = B_SPLINE_CURVE_WITH_KNOTS('',3,(#1352,#1353,#1354,#1355,#1356,
    #1357,#1358,#1359,#1360,#1361,#1362,#1363,#1364,#1365,#1366,#1367,
    #1368,#1369,#1370,#1371,#1372,#1373),.UNSPECIFIED.,.F.,.F.,(4,3,3,3,
    3,3,3,4),(-47.83489915462,-46.8532254399,-45.85634830288,
    -44.85947116586,-43.86259402884,-42.86571689182,-41.8688397548,
    -41.55171384744),.UNSPECIFIED.);
#1352 = CARTESIAN_POINT('',(-71.25761288334,47.084469909705,
    -60.54928930333));
#1353 = CARTESIAN_POINT('',(-71.66953537507,47.110509613739,
    -60.54873708669));
#1354 = CARTESIAN_POINT('',(-72.08196360555,47.136549317772,
    -60.32893222529));
#1355 = CARTESIAN_POINT('',(-72.31083403176,47.162589021806,
    -59.98645828758));
#1356 = CARTESIAN_POINT('',(-72.54324903056,47.189032009141,
    -59.63868037175));
#1357 = CARTESIAN_POINT('',(-72.58637658814,47.215474996477,
    -59.16440434453));
#1358 = CARTESIAN_POINT('',(-72.42050427346,47.241917983812,
    -58.78040877841));
#1359 = CARTESIAN_POINT('',(-72.25463195877,47.268360971147,
    -58.3964132123));
#1360 = CARTESIAN_POINT('',(-71.87975977181,47.294803958482,
    -58.10269810729));
#1361 = CARTESIAN_POINT('',(-71.46723149751,47.321246945818,
    -58.03351255789));
#1362 = CARTESIAN_POINT('',(-71.05470322321,47.347689933153,
    -57.96432700849));
#1363 = CARTESIAN_POINT('',(-70.60451886157,47.374132920488,
    -58.1196710147));
#1364 = CARTESIAN_POINT('',(-70.3224453176,47.400575907824,
    -58.42854110415));
#1365 = CARTESIAN_POINT('',(-70.04037177363,47.427018895159,
    -58.73741119361));
#1366 = CARTESIAN_POINT('',(-69.92640904733,47.453461882494,
    -59.19980736631));
#1367 = CARTESIAN_POINT('',(-70.03264637186,47.47990486983,
    -59.60438102868));
#1368 = CARTESIAN_POINT('',(-70.13888369639,47.506347857165,
    -60.00895469104));
#1369 = CARTESIAN_POINT('',(-70.46532107175,47.5327908445,
    -60.35570584307));
#1370 = CARTESIAN_POINT('',(-70.86275293897,47.559233831836,
    -60.48614405837));
#1371 = CARTESIAN_POINT('',(-70.98918370643,47.567645857792,
    -60.5276389787));
#1372 = CARTESIAN_POINT('',(-71.12279911088,47.576057883748,
    -60.54724304688));
#1373 = CARTESIAN_POINT('',(-71.25670633589,47.584469909705,
    -60.54621989523));
#1374 = ORIENTED_EDGE('',*,*,#1334,.T.);
#1375 = ORIENTED_EDGE('',*,*,#1376,.F.);
#1376 = EDGE_CURVE('',#1377,#1305,#1379,.T.);
#1377 = VERTEX_POINT('',#1378);
#1378 = CARTESIAN_POINT('',(-71.25817731677,47.447630562466,
    -60.54531695973));
#1379 = B_SPLINE_CURVE_WITH_KNOTS('',3,(#1380,#1381,#1382,#1383,#1384,
    #1385,#1386,#1387,#1388,#1389,#1390,#1391,#1392,#1393,#1394,#1395,
    #1396,#1397,#1398,#1399,#1400,#1401),.UNSPECIFIED.,.F.,.F.,(4,3,3,3,
    3,3,3,4),(45.291860291234,45.856348302882,46.853225439901,
    47.85010257692,48.846979713939,49.843856850959,50.840733987978,
    51.575045598414),.UNSPECIFIED.);
#1380 = CARTESIAN_POINT('',(-71.25817731677,47.447630562466,
    -60.54531695973));
#1381 = CARTESIAN_POINT('',(-71.019392519,47.432657052904,
    -60.54455980213));
#1382 = CARTESIAN_POINT('',(-70.78022526313,47.417683543343,
    -60.47951910328));
#1383 = CARTESIAN_POINT('',(-70.58011180949,47.402710033781,
    -60.35280339766));
#1384 = CARTESIAN_POINT('',(-70.22671453156,47.376267046446,
    -60.1290254126));
#1385 = CARTESIAN_POINT('',(-69.99511440979,47.349824059111,
    -59.71290148418));
#1386 = CARTESIAN_POINT('',(-69.99116950643,47.323381071775,
    -59.29463045815));
#1387 = CARTESIAN_POINT('',(-69.98722460308,47.29693808444,
    -58.87635943212));
#1388 = CARTESIAN_POINT('',(-70.21093491813,47.270495097105,
    -58.45594130848));
#1389 = CARTESIAN_POINT('',(-70.56004859518,47.244052109769,
    -58.22553760838));
#1390 = CARTESIAN_POINT('',(-70.90916227223,47.217609122434,
    -57.99513390828));
#1391 = CARTESIAN_POINT('',(-71.38367931126,47.191166135099,
    -57.95474463173));
#1392 = CARTESIAN_POINT('',(-71.76671103918,47.164723147763,
    -58.1228307237));
#1393 = CARTESIAN_POINT('',(-72.1497427671,47.138280160428,
    -58.29091681566));
#1394 = CARTESIAN_POINT('',(-72.44128918391,47.111837173093,
    -58.66747827614));
#1395 = CARTESIAN_POINT('',(-72.50809236272,47.085394185757,
    -59.08039896438));
#1396 = CARTESIAN_POINT('',(-72.57489554154,47.058951198422,
    -59.49331965263));
#1397 = CARTESIAN_POINT('',(-72.41695548236,47.032508211087,
    -59.94259956864));
#1398 = CARTESIAN_POINT('',(-72.1064623873,47.006065223751,
    -60.22288569777));
#1399 = CARTESIAN_POINT('',(-71.87774946351,46.986587003323,
    -60.42934780953));
#1400 = CARTESIAN_POINT('',(-71.56626169527,46.967108782894,
    -60.54411437198));
#1401 = CARTESIAN_POINT('',(-71.25659026069,46.947630562466,
    -60.54685360416));
#1402 = ORIENTED_EDGE('',*,*,#1403,.F.);
#1403 = EDGE_CURVE('',#1349,#1377,#1404,.T.);
#1404 = LINE('',#1405,#1406);
#1405 = CARTESIAN_POINT('',(-71.25773148207,43.697065711105,
    -60.54718493969));
#1406 = VECTOR('',#1407,1.);
#1407 = DIRECTION('',(0.,-1.,2.22044604925E-16));
#1408 = CYLINDRICAL_SURFACE('',#1409,1.2645);
#1409 = AXIS2_PLACEMENT_3D('',#1410,#1411,#1412);
#1410 = CARTESIAN_POINT('',(-71.25773148207,43.697065711105,
    -59.28268493969));
#1411 = DIRECTION('',(0.,-1.,2.22044604925E-16));
#1412 = DIRECTION('',(0.,2.22044604925E-16,1.));
#1413 = ADVANCED_FACE('',(#1414),#1477,.F.);
#1414 = FACE_BOUND('',#1415,.F.);
#1415 = EDGE_LOOP('',(#1416,#1443,#1444,#1471));
#1416 = ORIENTED_EDGE('',*,*,#1417,.F.);
#1417 = EDGE_CURVE('',#1349,#1418,#1420,.T.);
#1418 = VERTEX_POINT('',#1419);
#1419 = CARTESIAN_POINT('',(-71.25849722741,48.084469909705,
    -60.54565362369));
#1420 = B_SPLINE_CURVE_WITH_KNOTS('',3,(#1421,#1422,#1423,#1424,#1425,
    #1426,#1427,#1428,#1429,#1430,#1431,#1432,#1433,#1434,#1435,#1436,
    #1437,#1438,#1439,#1440,#1441,#1442),.UNSPECIFIED.,.F.,.F.,(4,3,3,3,
    3,3,3,4),(-41.55171384744,-40.87196261778,-39.87508548076,
    -38.87820834374,-37.88133120672,-36.8844540697,-35.88757693269,
    -35.26852854026),.UNSPECIFIED.);
#1421 = CARTESIAN_POINT('',(-71.25670633589,47.584469909705,
    -60.54621989523));
#1422 = CARTESIAN_POINT('',(-71.54373303018,47.602500871084,
    -60.54402679596));
#1423 = CARTESIAN_POINT('',(-71.8321004888,47.620531832463,
    -60.44706230562));
#1424 = CARTESIAN_POINT('',(-72.0539271933,47.638562793842,
    -60.2677708699));
#1425 = CARTESIAN_POINT('',(-72.37924322135,47.665005781177,
    -60.00483418759));
#1426 = CARTESIAN_POINT('',(-72.56144891837,47.691448768512,
    -59.5648355444));
#1427 = CARTESIAN_POINT('',(-72.51726306453,47.717891755848,
    -59.14888623565));
#1428 = CARTESIAN_POINT('',(-72.47307721069,47.744334743183,
    -58.73293692691));
#1429 = CARTESIAN_POINT('',(-72.20249980599,47.770777730518,
    -58.34103695261));
#1430 = CARTESIAN_POINT('',(-71.8292043506,47.797220717853,
    -58.15231302707));
#1431 = CARTESIAN_POINT('',(-71.45590889521,47.823663705189,
    -57.96358910153));
#1432 = CARTESIAN_POINT('',(-70.97989538914,47.850106692524,
    -57.97804122476));
#1433 = CARTESIAN_POINT('',(-70.61873653198,47.876549679859,
    -58.18906372824));
#1434 = CARTESIAN_POINT('',(-70.25757767482,47.902992667195,
    -58.40008623172));
#1435 = CARTESIAN_POINT('',(-70.01127346658,47.92943565453,
    -58.80767911545));
#1436 = CARTESIAN_POINT('',(-69.99240279596,47.955878641865,
    -59.22554286703));
#1437 = CARTESIAN_POINT('',(-69.97353212535,47.982321629201,
    -59.64340661861));
#1438 = CARTESIAN_POINT('',(-70.18209499235,48.008764616536,
    -60.07154123803));
#1439 = CARTESIAN_POINT('',(-70.52276303877,48.035207603871,
    -60.31425814974));
#1440 = CARTESIAN_POINT('',(-70.73431368895,48.051628372482,
    -60.4649823548));
#1441 = CARTESIAN_POINT('',(-70.99680748662,48.068049141094,
    -60.54420473326));
#1442 = CARTESIAN_POINT('',(-71.25849722741,48.084469909705,
    -60.54565362369));
#1443 = ORIENTED_EDGE('',*,*,#1403,.T.);
#1444 = ORIENTED_EDGE('',*,*,#1445,.F.);
#1445 = EDGE_CURVE('',#1446,#1377,#1448,.T.);
#1446 = VERTEX_POINT('',#1447);
#1447 = CARTESIAN_POINT('',(-71.25861219967,47.947630562466,
    -60.54848096378));
#1448 = B_SPLINE_CURVE_WITH_KNOTS('',3,(#1449,#1450,#1451,#1452,#1453,
    #1454,#1455,#1456,#1457,#1458,#1459,#1460,#1461,#1462,#1463,#1464,
    #1465,#1466,#1467,#1468,#1469,#1470),.UNSPECIFIED.,.F.,.F.,(4,3,3,3,
    3,3,3,4),(39.008674984055,39.875085480767,40.871962617786,
    41.868839754805,42.865716891824,43.862594028844,44.859471165863,
    45.291860291234),.UNSPECIFIED.);
#1449 = CARTESIAN_POINT('',(-71.25861219967,47.947630562466,
    -60.54848096378));
#1450 = CARTESIAN_POINT('',(-70.89444150298,47.92464831025,
    -60.54559045958));
#1451 = CARTESIAN_POINT('',(-70.52797631809,47.901666058033,
    -60.37992917139));
#1452 = CARTESIAN_POINT('',(-70.29255641417,47.878683805817,
    -60.10290382321));
#1453 = CARTESIAN_POINT('',(-70.02168628885,47.852240818481,
    -59.78416318349));
#1454 = CARTESIAN_POINT('',(-69.92429929284,47.825797831146,
    -59.31799422374));
#1455 = CARTESIAN_POINT('',(-70.04490834732,47.799354843811,
    -58.91746997222));
#1456 = CARTESIAN_POINT('',(-70.16551740179,47.772911856476,
    -58.51694572069));
#1457 = CARTESIAN_POINT('',(-70.50412250676,47.74646886914,
    -58.18206617737));
#1458 = CARTESIAN_POINT('',(-70.90595656853,47.720025881805,
    -58.06589558313));
#1459 = CARTESIAN_POINT('',(-71.30779063029,47.69358289447,
    -57.94972498889));
#1460 = CARTESIAN_POINT('',(-71.77285364886,47.667139907134,
    -58.05226334373));
#1461 = CARTESIAN_POINT('',(-72.08857809209,47.640696919799,
    -58.32664318341));
#1462 = CARTESIAN_POINT('',(-72.40430253532,47.614253932464,
    -58.6010230231));
#1463 = CARTESIAN_POINT('',(-72.57068840321,47.587810945128,
    -59.04724434762));
#1464 = CARTESIAN_POINT('',(-72.51168528458,47.561367957793,
    -59.46135164222));
#1465 = CARTESIAN_POINT('',(-72.45268216595,47.534924970458,
    -59.87545893681));
#1466 = CARTESIAN_POINT('',(-72.16829006079,47.508481983122,
    -60.25745220146));
#1467 = CARTESIAN_POINT('',(-71.78849679116,47.482038995787,
    -60.43273281294));
#1468 = CARTESIAN_POINT('',(-71.62376387315,47.470569518013,
    -60.50875966467));
#1469 = CARTESIAN_POINT('',(-71.44108279524,47.45910004024,
    -60.54589693079));
#1470 = CARTESIAN_POINT('',(-71.25817731677,47.447630562466,
    -60.54531695973));
#1471 = ORIENTED_EDGE('',*,*,#1472,.F.);
#1472 = EDGE_CURVE('',#1418,#1446,#1473,.T.);
#1473 = LINE('',#1474,#1475);
#1474 = CARTESIAN_POINT('',(-71.25773148207,43.697065711105,
    -60.54718493969));
#1475 = VECTOR('',#1476,1.);
#1476 = DIRECTION('',(0.,-1.,2.22044604925E-16));
#1477 = CYLINDRICAL_SURFACE('',#1478,1.2645);
#1478 = AXIS2_PLACEMENT_3D('',#1479,#1480,#1481);
#1479 = CARTESIAN_POINT('',(-71.25773148207,43.697065711105,
    -59.28268493969));
#1480 = DIRECTION('',(0.,-1.,2.22044604925E-16));
#1481 = DIRECTION('',(0.,2.22044604925E-16,1.));
#1482 = ADVANCED_FACE('',(#1483),#1549,.F.);
#1483 = FACE_BOUND('',#1484,.F.);
#1484 = EDGE_LOOP('',(#1485,#1512,#1513,#1543));
#1485 = ORIENTED_EDGE('',*,*,#1486,.F.);
#1486 = EDGE_CURVE('',#1418,#1487,#1489,.T.);
#1487 = VERTEX_POINT('',#1488);
#1488 = CARTESIAN_POINT('',(-71.25829513015,48.584469909705,
    -60.5489928058));
#1489 = B_SPLINE_CURVE_WITH_KNOTS('',3,(#1490,#1491,#1492,#1493,#1494,
    #1495,#1496,#1497,#1498,#1499,#1500,#1501,#1502,#1503,#1504,#1505,
    #1506,#1507,#1508,#1509,#1510,#1511),.UNSPECIFIED.,.F.,.F.,(4,3,3,3,
    3,3,3,4),(-35.26852854026,-34.89069979567,-33.89382265865,
    -32.89694552163,-31.90006838461,-30.90319124759,-29.90631411057,
    -28.98534323308),.UNSPECIFIED.);
#1490 = CARTESIAN_POINT('',(-71.25849722741,48.084469909705,
    -60.54565362369));
#1491 = CARTESIAN_POINT('',(-71.41821641488,48.094492128429,
    -60.54653793654));
#1492 = CARTESIAN_POINT('',(-71.57763608115,48.104514347153,
    -60.51845065694));
#1493 = CARTESIAN_POINT('',(-71.72499105975,48.114536565877,
    -60.45996586939));
#1494 = CARTESIAN_POINT('',(-72.11377780847,48.140979553213,
    -60.30565747329));
#1495 = CARTESIAN_POINT('',(-72.41857808008,48.167422540548,
    -59.93974147709));
#1496 = CARTESIAN_POINT('',(-72.50007604194,48.193865527883,
    -59.52946803255));
#1497 = CARTESIAN_POINT('',(-72.5815740038,48.220308515218,-59.119194588
    ));
#1498 = CARTESIAN_POINT('',(-72.43976965593,48.246751502554,
    -58.66456369511));
#1499 = CARTESIAN_POINT('',(-72.13947787098,48.273194489889,
    -58.37337464831));
#1500 = CARTESIAN_POINT('',(-71.83918608603,48.299637477225,
    -58.08218560151));
#1501 = CARTESIAN_POINT('',(-71.38040686401,48.32608046456,
    -57.95443840079));
#1502 = CARTESIAN_POINT('',(-70.97283558666,48.352523451895,
    -58.04852278295));
#1503 = CARTESIAN_POINT('',(-70.56526430931,48.37896643923,
    -58.14260716511));
#1504 = CARTESIAN_POINT('',(-70.20890097663,48.405409426566,
    -58.45852313015));
#1505 = CARTESIAN_POINT('',(-70.06662948026,48.431852413901,
    -58.85187416727));
#1506 = CARTESIAN_POINT('',(-69.92435798388,48.458295401236,
    -59.24522520439));
#1507 = CARTESIAN_POINT('',(-69.99617832381,48.484738388572,
    -59.7160113136));
#1508 = CARTESIAN_POINT('',(-70.24926339525,48.511181375907,
    -60.04904909479));
#1509 = CARTESIAN_POINT('',(-70.48307754513,48.535610887173,
    -60.35672803153));
#1510 = CARTESIAN_POINT('',(-70.87160292373,48.560040398439,
    -60.54683741735));
#1511 = CARTESIAN_POINT('',(-71.25829513015,48.584469909705,
    -60.5489928058));
#1512 = ORIENTED_EDGE('',*,*,#1472,.T.);
#1513 = ORIENTED_EDGE('',*,*,#1514,.F.);
#1514 = EDGE_CURVE('',#1515,#1446,#1517,.T.);
#1515 = VERTEX_POINT('',#1516);
#1516 = CARTESIAN_POINT('',(-71.2566872005,48.447630562466,
    -60.54800324121));
#1517 = B_SPLINE_CURVE_WITH_KNOTS('',3,(#1518,#1519,#1520,#1521,#1522,
    #1523,#1524,#1525,#1526,#1527,#1528,#1529,#1530,#1531,#1532,#1533,
    #1534,#1535,#1536,#1537,#1538,#1539,#1540,#1541,#1542),
  .UNSPECIFIED.,.F.,.F.,(4,3,3,3,3,3,3,3,4),(32.725489676875,
    32.896945521633,33.893822658652,34.890699795671,35.88757693269,
    36.884454069709,37.881331206728,38.878208343748,39.008674984055),
  .UNSPECIFIED.);
#1518 = CARTESIAN_POINT('',(-71.2566872005,48.447630562466,
    -60.54800324121));
#1519 = CARTESIAN_POINT('',(-71.18454989141,48.44308255493,
    -60.54864475678));
#1520 = CARTESIAN_POINT('',(-71.11251283439,48.438534547394,
    -60.54300602955));
#1521 = CARTESIAN_POINT('',(-71.0416248318,48.433986539859,
    -60.53073135078));
#1522 = CARTESIAN_POINT('',(-70.62946840067,48.407543552523,
    -60.45936401626));
#1523 = CARTESIAN_POINT('',(-70.25615555264,48.381100565188,
    -60.16366950611));
#1524 = CARTESIAN_POINT('',(-70.09231733729,48.354657577852,
    -59.77880165951));
#1525 = CARTESIAN_POINT('',(-69.92847912194,48.328214590517,
    -59.3939338129));
#1526 = CARTESIAN_POINT('',(-69.97411553927,48.301771603182,
    -58.91989262983));
#1527 = CARTESIAN_POINT('',(-70.20836743635,48.275328615846,
    -58.57334931526));
#1528 = CARTESIAN_POINT('',(-70.44261933343,48.248885628511,
    -58.22680600069));
#1529 = CARTESIAN_POINT('',(-70.86548671025,48.222442641176,
    -58.00776055461));
#1530 = CARTESIAN_POINT('',(-71.28368850318,48.195999653841,
    -58.01633263421));
#1531 = CARTESIAN_POINT('',(-71.70189029611,48.169556666505,
    -58.02490471381));
#1532 = CARTESIAN_POINT('',(-72.11542650515,48.14311367917,
    -58.26109431909));
#1533 = CARTESIAN_POINT('',(-72.33528108716,48.116670691835,
    -58.61694566857));
#1534 = CARTESIAN_POINT('',(-72.55513566918,48.090227704499,
    -58.97279701806));
#1535 = CARTESIAN_POINT('',(-72.58130862417,48.063784717164,
    -59.44831011176));
#1536 = CARTESIAN_POINT('',(-72.40183701327,48.037341729829,
    -59.82614097475));
#1537 = CARTESIAN_POINT('',(-72.22236540236,48.010898742493,
    -60.20397183774));
#1538 = CARTESIAN_POINT('',(-71.83724922555,47.984455755158,
    -60.48412047003));
#1539 = CARTESIAN_POINT('',(-71.42251450983,47.958012767823,
    -60.53853862633));
#1540 = CARTESIAN_POINT('',(-71.36823596038,47.954552032704,
    -60.54566062136));
#1541 = CARTESIAN_POINT('',(-71.31345009404,47.951091297585,
    -60.5489162244));
#1542 = CARTESIAN_POINT('',(-71.25861219967,47.947630562466,
    -60.54848096378));
#1543 = ORIENTED_EDGE('',*,*,#1544,.F.);
#1544 = EDGE_CURVE('',#1487,#1515,#1545,.T.);
#1545 = LINE('',#1546,#1547);
#1546 = CARTESIAN_POINT('',(-71.25773148207,43.697065711105,
    -60.54718493969));
#1547 = VECTOR('',#1548,1.);
#1548 = DIRECTION('',(0.,-1.,2.22044604925E-16));
#1549 = CYLINDRICAL_SURFACE('',#1550,1.2645);
#1550 = AXIS2_PLACEMENT_3D('',#1551,#1552,#1553);
#1551 = CARTESIAN_POINT('',(-71.25773148207,43.697065711105,
    -59.28268493969));
#1552 = DIRECTION('',(0.,-1.,2.22044604925E-16));
#1553 = DIRECTION('',(0.,2.22044604925E-16,1.));
#1554 = ADVANCED_FACE('',(#1555),#1621,.F.);
#1555 = FACE_BOUND('',#1556,.F.);
#1556 = EDGE_LOOP('',(#1557,#1587,#1588,#1615));
#1557 = ORIENTED_EDGE('',*,*,#1558,.F.);
#1558 = EDGE_CURVE('',#1487,#1559,#1561,.T.);
#1559 = VERTEX_POINT('',#1560);
#1560 = CARTESIAN_POINT('',(-71.25658398244,49.084469909705,
    -60.54731365212));
#1561 = B_SPLINE_CURVE_WITH_KNOTS('',3,(#1562,#1563,#1564,#1565,#1566,
    #1567,#1568,#1569,#1570,#1571,#1572,#1573,#1574,#1575,#1576,#1577,
    #1578,#1579,#1580,#1581,#1582,#1583,#1584,#1585,#1586),
  .UNSPECIFIED.,.F.,.F.,(4,3,3,3,3,3,3,3,4),(-28.98534323308,
    -28.90943697355,-27.91255983653,-26.91568269951,-25.91880556249,
    -24.92192842547,-23.92505128846,-22.92817415144,-22.7021579259),
  .UNSPECIFIED.);
#1562 = CARTESIAN_POINT('',(-71.25829513015,48.584469909705,
    -60.5489928058));
#1563 = CARTESIAN_POINT('',(-71.29016623454,48.586483385774,
    -60.54917045254));
#1564 = CARTESIAN_POINT('',(-71.32202488615,48.588496861844,
    -60.54807132256));
#1565 = CARTESIAN_POINT('',(-71.35378343886,48.590510337913,
    -60.54565600901));
#1566 = CARTESIAN_POINT('',(-71.77086860807,48.616953325248,
    -60.51393568887));
#1567 = CARTESIAN_POINT('',(-72.17068914354,48.643396312583,
    -60.25520559541));
#1568 = CARTESIAN_POINT('',(-72.37049805982,48.669839299919,
    -59.88772414818));
#1569 = CARTESIAN_POINT('',(-72.5703069761,48.696282287254,
    -59.52024270094));
#1570 = CARTESIAN_POINT('',(-72.57010427317,48.72272527459,
    -59.04400989993));
#1571 = CARTESIAN_POINT('',(-72.369982601,48.749168261925,
    -58.67669867847));
#1572 = CARTESIAN_POINT('',(-72.16986092883,48.77561124926,
    -58.30938745701));
#1573 = CARTESIAN_POINT('',(-71.76982028741,48.802054236595,
    -58.05099781509));
#1574 = CARTESIAN_POINT('',(-71.35270826656,48.828497223931,
    -58.01963256122));
#1575 = CARTESIAN_POINT('',(-70.9355962457,48.854940211266,
    -57.98826730734));
#1576 = CARTESIAN_POINT('',(-70.50141284542,48.881383198601,
    -58.18392644151));
#1577 = CARTESIAN_POINT('',(-70.2486113729,48.907826185937,
    -58.51717954738));
#1578 = CARTESIAN_POINT('',(-69.99580990039,48.934269173272,
    -58.85043265326));
#1579 = CARTESIAN_POINT('',(-69.92439035565,48.960712160607,
    -59.32127973083));
#1580 = CARTESIAN_POINT('',(-70.06699665092,48.987155147943,
    -59.71450951306));
#1581 = CARTESIAN_POINT('',(-70.20960294618,49.013598135278,
    -60.10773929529));
#1582 = CARTESIAN_POINT('',(-70.56623508146,49.040041122613,
    -60.42335178218));
#1583 = CARTESIAN_POINT('',(-70.973886303,49.066484109949,
    -60.51708917442));
#1584 = CARTESIAN_POINT('',(-71.06631072222,49.072479376534,
    -60.53834171478));
#1585 = CARTESIAN_POINT('',(-71.16135772081,49.078474643119,
    -60.54818901273));
#1586 = CARTESIAN_POINT('',(-71.25658398244,49.084469909705,
    -60.54731365212));
#1587 = ORIENTED_EDGE('',*,*,#1544,.T.);
#1588 = ORIENTED_EDGE('',*,*,#1589,.F.);
#1589 = EDGE_CURVE('',#1590,#1515,#1592,.T.);
#1590 = VERTEX_POINT('',#1591);
#1591 = CARTESIAN_POINT('',(-71.25755857272,48.947630562466,
    -60.54518952427));
#1592 = B_SPLINE_CURVE_WITH_KNOTS('',3,(#1593,#1594,#1595,#1596,#1597,
    #1598,#1599,#1600,#1601,#1602,#1603,#1604,#1605,#1606,#1607,#1608,
    #1609,#1610,#1611,#1612,#1613,#1614),.UNSPECIFIED.,.F.,.F.,(4,3,3,3,
    3,3,3,4),(26.442304369696,26.915682699518,27.912559836537,
    28.909436973556,29.906314110575,30.903191247594,31.900068384613,
    32.725489676875),.UNSPECIFIED.);
#1593 = CARTESIAN_POINT('',(-71.25755857272,48.947630562466,
    -60.54518952427));
#1594 = CARTESIAN_POINT('',(-71.05726372356,48.935073812275,
    -60.54543437449));
#1595 = CARTESIAN_POINT('',(-70.85707252291,48.922517062085,
    -60.500571643));
#1596 = CARTESIAN_POINT('',(-70.68028563482,48.909960311894,
    -60.41001728732));
#1597 = CARTESIAN_POINT('',(-70.30799396925,48.883517324559,
    -60.21932083769));
#1598 = CARTESIAN_POINT('',(-70.03949395343,48.857074337224,
    -59.82599467871));
#1599 = CARTESIAN_POINT('',(-69.9975095701,48.830631349888,
    -59.40981739471));
#1600 = CARTESIAN_POINT('',(-69.95552518676,48.804188362553,
    -58.99364011072));
#1601 = CARTESIAN_POINT('',(-70.14005643591,48.777745375218,
    -58.5546117017));
#1602 = CARTESIAN_POINT('',(-70.4667591518,48.751302387882,
    -58.29339999525));
#1603 = CARTESIAN_POINT('',(-70.7934618677,48.724859400547,
    -58.03218828881));
#1604 = CARTESIAN_POINT('',(-71.26233605035,48.698416413212,
    -57.94879328493));
#1605 = CARTESIAN_POINT('',(-71.65907218878,48.671973425876,
    -58.08133254939));
#1606 = CARTESIAN_POINT('',(-72.05580832721,48.645530438541,
    -58.21387181386));
#1607 = CARTESIAN_POINT('',(-72.38040642141,48.619087451206,
    -58.56234534667));
#1608 = CARTESIAN_POINT('',(-72.48450159781,48.59264446387,
    -58.96747546701));
#1609 = CARTESIAN_POINT('',(-72.58859677421,48.566201476535,
    -59.37260558736));
#1610 = CARTESIAN_POINT('',(-72.47218903281,48.5397584892,
    -59.83439229523));
#1611 = CARTESIAN_POINT('',(-72.18848515498,48.513315501864,
    -60.14176556972));
#1612 = CARTESIAN_POINT('',(-71.95357634551,48.491420522065,
    -60.39627280638));
#1613 = CARTESIAN_POINT('',(-71.60397002993,48.469525542266,
    -60.5449148623));
#1614 = CARTESIAN_POINT('',(-71.2566872005,48.447630562466,
    -60.54800324121));
#1615 = ORIENTED_EDGE('',*,*,#1616,.F.);
#1616 = EDGE_CURVE('',#1559,#1590,#1617,.T.);
#1617 = LINE('',#1618,#1619);
#1618 = CARTESIAN_POINT('',(-71.25773148207,43.697065711105,
    -60.54718493969));
#1619 = VECTOR('',#1620,1.);
#1620 = DIRECTION('',(0.,-1.,2.22044604925E-16));
#1621 = CYLINDRICAL_SURFACE('',#1622,1.2645);
#1622 = AXIS2_PLACEMENT_3D('',#1623,#1624,#1625);
#1623 = CARTESIAN_POINT('',(-71.25773148207,43.697065711105,
    -59.28268493969));
#1624 = DIRECTION('',(0.,-1.,2.22044604925E-16));
#1625 = DIRECTION('',(0.,2.22044604925E-16,1.));
#1626 = ADVANCED_FACE('',(#1627),#1690,.F.);
#1627 = FACE_BOUND('',#1628,.F.);
#1628 = EDGE_LOOP('',(#1629,#1656,#1657,#1684));
#1629 = ORIENTED_EDGE('',*,*,#1630,.F.);
#1630 = EDGE_CURVE('',#1559,#1631,#1633,.T.);
#1631 = VERTEX_POINT('',#1632);
#1632 = CARTESIAN_POINT('',(-71.25793474479,49.584469909705,
    -60.54519784271));
#1633 = B_SPLINE_CURVE_WITH_KNOTS('',3,(#1634,#1635,#1636,#1637,#1638,
    #1639,#1640,#1641,#1642,#1643,#1644,#1645,#1646,#1647,#1648,#1649,
    #1650,#1651,#1652,#1653,#1654,#1655),.UNSPECIFIED.,.F.,.F.,(4,3,3,3,
    3,3,3,4),(-22.7021579259,-21.93129701442,-20.9344198774,
    -19.93754274038,-18.94066560336,-17.94378846634,-16.94691132932,
    -16.41897261872),.UNSPECIFIED.);
#1634 = CARTESIAN_POINT('',(-71.25658398244,49.084469909705,
    -60.54731365212));
#1635 = CARTESIAN_POINT('',(-71.58136687207,49.104917630455,
    -60.54432810862));
#1636 = CARTESIAN_POINT('',(-71.90823503772,49.125365351205,
    -60.41661131085));
#1637 = CARTESIAN_POINT('',(-72.140251626,49.145813071955,
    -60.19124429166));
#1638 = CARTESIAN_POINT('',(-72.44029541967,49.17225605929,
    -59.89979971906));
#1639 = CARTESIAN_POINT('',(-72.5817126992,49.198699046625,
    -59.44504827629));
#1640 = CARTESIAN_POINT('',(-72.49986551097,49.225142033961,
    -59.03484435765));
#1641 = CARTESIAN_POINT('',(-72.41801832274,49.251585021296,
    -58.62464043901));
#1642 = CARTESIAN_POINT('',(-72.11290666674,49.278028008631,
    -58.25898404451));
#1643 = CARTESIAN_POINT('',(-71.72398869934,49.304470995966,
    -58.10500666941));
#1644 = CARTESIAN_POINT('',(-71.33507073195,49.330913983302,
    -57.95102929432));
#1645 = CARTESIAN_POINT('',(-70.86234645316,49.357356970637,
    -58.00873093863));
#1646 = CARTESIAN_POINT('',(-70.52188515028,49.383799957972,
    -58.25173776489));
#1647 = CARTESIAN_POINT('',(-70.1814238474,49.410242945308,
    -58.49474459116));
#1648 = CARTESIAN_POINT('',(-69.97322552043,49.436685932643,
    -58.92305659937));
#1649 = CARTESIAN_POINT('',(-69.99245189988,49.463128919978,
    -59.34090413577));
#1650 = CARTESIAN_POINT('',(-70.01167827932,49.489571907314,
    -59.75875167217));
#1651 = CARTESIAN_POINT('',(-70.25832936517,49.516014894649,
    -60.16613473676));
#1652 = CARTESIAN_POINT('',(-70.61966773387,49.542457881984,
    -60.37684971695));
#1653 = CARTESIAN_POINT('',(-70.81102984399,49.556461891225,
    -60.48844280181));
#1654 = CARTESIAN_POINT('',(-71.03455809848,49.570465900465,
    -60.54487672831));
#1655 = CARTESIAN_POINT('',(-71.25793474479,49.584469909705,
    -60.54519784271));
#1656 = ORIENTED_EDGE('',*,*,#1616,.T.);
#1657 = ORIENTED_EDGE('',*,*,#1658,.F.);
#1658 = EDGE_CURVE('',#1659,#1590,#1661,.T.);
#1659 = VERTEX_POINT('',#1660);
#1660 = CARTESIAN_POINT('',(-71.25887562934,49.447630562466,
    -60.54737037733));
#1661 = B_SPLINE_CURVE_WITH_KNOTS('',3,(#1662,#1663,#1664,#1665,#1666,
    #1667,#1668,#1669,#1670,#1671,#1672,#1673,#1674,#1675,#1676,#1677,
    #1678,#1679,#1680,#1681,#1682,#1683),.UNSPECIFIED.,.F.,.F.,(4,3,3,3,
    3,3,3,4),(20.159119062516,20.934419877403,21.931297014422,
    22.928174151441,23.92505128846,24.921928425479,25.918805562498,
    26.442304369696),.UNSPECIFIED.);
#1662 = CARTESIAN_POINT('',(-71.25887562934,49.447630562466,
    -60.54737037733));
#1663 = CARTESIAN_POINT('',(-70.93225961983,49.427065069621,
    -60.54436347021));
#1664 = CARTESIAN_POINT('',(-70.6035303878,49.406499576775,
    -60.41501594072));
#1665 = CARTESIAN_POINT('',(-70.37118612652,49.38593408393,
    -60.18731705308));
#1666 = CARTESIAN_POINT('',(-70.07243926911,49.359491096595,
    -59.89454318923));
#1667 = CARTESIAN_POINT('',(-69.93304242737,49.333048109259,
    -59.43916834786));
#1668 = CARTESIAN_POINT('',(-70.01671006955,49.306605121924,
    -59.02933186128));
#1669 = CARTESIAN_POINT('',(-70.10037771174,49.280162134589,
    -58.61949537469));
#1670 = CARTESIAN_POINT('',(-70.40710983784,49.253719147253,
    -58.25519724289));
#1671 = CARTESIAN_POINT('',(-70.79670761736,49.227276159918,
    -58.10294813652));
#1672 = CARTESIAN_POINT('',(-71.18630539688,49.200833172583,
    -57.95069903014));
#1673 = CARTESIAN_POINT('',(-71.65876882981,49.174390185247,
    -58.01049894919));
#1674 = CARTESIAN_POINT('',(-71.99814785758,49.147947197912,
    -58.25501499298));
#1675 = CARTESIAN_POINT('',(-72.33752688534,49.121504210577,
    -58.49953103677));
#1676 = CARTESIAN_POINT('',(-72.54382150794,49.095061223241,
    -58.92876320531));
#1677 = CARTESIAN_POINT('',(-72.52274011932,49.068618235906,
    -59.34652126353));
#1678 = CARTESIAN_POINT('',(-72.5016587307,49.042175248571,
    -59.76427932174));
#1679 = CARTESIAN_POINT('',(-72.25320133088,49.015732261235,
    -60.17056326965));
#1680 = CARTESIAN_POINT('',(-71.8909309733,48.9892892739,-60.37967187345
    ));
#1681 = CARTESIAN_POINT('',(-71.7006887729,48.975403036755,
    -60.48948290292));
#1682 = CARTESIAN_POINT('',(-71.47906029348,48.961516799611,
    -60.54491874972));
#1683 = CARTESIAN_POINT('',(-71.25755857272,48.947630562466,
    -60.54518952427));
#1684 = ORIENTED_EDGE('',*,*,#1685,.F.);
#1685 = EDGE_CURVE('',#1631,#1659,#1686,.T.);
#1686 = LINE('',#1687,#1688);
#1687 = CARTESIAN_POINT('',(-71.25773148207,43.697065711105,
    -60.54718493969));
#1688 = VECTOR('',#1689,1.);
#1689 = DIRECTION('',(0.,-1.,2.22044604925E-16));
#1690 = CYLINDRICAL_SURFACE('',#1691,1.2645);
#1691 = AXIS2_PLACEMENT_3D('',#1692,#1693,#1694);
#1692 = CARTESIAN_POINT('',(-71.25773148207,43.697065711105,
    -59.28268493969));
#1693 = DIRECTION('',(0.,-1.,2.22044604925E-16));
#1694 = DIRECTION('',(0.,2.22044604925E-16,1.));
#1695 = ADVANCED_FACE('',(#1696),#1762,.F.);
#1696 = FACE_BOUND('',#1697,.F.);
#1697 = EDGE_LOOP('',(#1698,#1725,#1726,#1756));
#1698 = ORIENTED_EDGE('',*,*,#1699,.F.);
#1699 = EDGE_CURVE('',#1631,#1700,#1702,.T.);
#1700 = VERTEX_POINT('',#1701);
#1701 = CARTESIAN_POINT('',(-71.25876225069,50.084469909705,
    -60.54805731506));
#1702 = B_SPLINE_CURVE_WITH_KNOTS('',3,(#1703,#1704,#1705,#1706,#1707,
    #1708,#1709,#1710,#1711,#1712,#1713,#1714,#1715,#1716,#1717,#1718,
    #1719,#1720,#1721,#1722,#1723,#1724),.UNSPECIFIED.,.F.,.F.,(4,3,3,3,
    3,3,3,4),(-16.41897261872,-15.9500341923,-14.95315705528,
    -13.95627991826,-12.95940278124,-11.96252564423,-10.96564850721,
    -10.13578731154),.UNSPECIFIED.);
#1703 = CARTESIAN_POINT('',(-71.25793474479,49.584469909705,
    -60.54519784271));
#1704 = CARTESIAN_POINT('',(-71.45634772515,49.5969088878,
    -60.54548307067));
#1705 = CARTESIAN_POINT('',(-71.65464109007,49.609347865895,
    -60.50149655135));
#1706 = CARTESIAN_POINT('',(-71.83016640993,49.62178684399,
    -60.41256995983));
#1707 = CARTESIAN_POINT('',(-72.20330106572,49.648229831326,
    -60.22352832671));
#1708 = CARTESIAN_POINT('',(-72.47354472574,49.674672818661,
    -59.83139816467));
#1709 = CARTESIAN_POINT('',(-72.51737649249,49.701115805996,
    -59.41541138884));
#1710 = CARTESIAN_POINT('',(-72.56120825923,49.727558793331,
    -58.999424613));
#1711 = CARTESIAN_POINT('',(-72.3786281327,49.754001780667,
    -58.55958122337));
#1712 = CARTESIAN_POINT('',(-72.0530883561,49.780444768002,
    -58.29692157728));
#1713 = CARTESIAN_POINT('',(-71.7275485795,49.806887755337,
    -58.03426193118));
#1714 = CARTESIAN_POINT('',(-71.25904915283,49.833330742673,
    -57.94878602862));
#1715 = CARTESIAN_POINT('',(-70.86172854015,49.859773730008,
    -58.0795625064));
#1716 = CARTESIAN_POINT('',(-70.46440792747,49.886216717343,
    -58.21033898417));
#1717 = CARTESIAN_POINT('',(-70.13826612878,49.912659704679,
    -58.55736784229));
#1718 = CARTESIAN_POINT('',(-70.0323730989,49.939102692014,
    -58.96203182563));
#1719 = CARTESIAN_POINT('',(-69.92648006902,49.965545679349,
    -59.36669580898));
#1720 = CARTESIAN_POINT('',(-70.04083580796,49.991988666685,
    -59.82899491757));
#1721 = CARTESIAN_POINT('',(-70.3231724891,50.01843165402,
    -60.13762471005));
#1722 = CARTESIAN_POINT('',(-70.55820672461,50.040444405915,
    -60.39454693155));
#1723 = CARTESIAN_POINT('',(-70.90965025439,50.06245715781,
    -60.54497768801));
#1724 = CARTESIAN_POINT('',(-71.25876225069,50.084469909705,
    -60.54805731506));
#1725 = ORIENTED_EDGE('',*,*,#1685,.T.);
#1726 = ORIENTED_EDGE('',*,*,#1727,.F.);
#1727 = EDGE_CURVE('',#1728,#1659,#1730,.T.);
#1728 = VERTEX_POINT('',#1729);
#1729 = CARTESIAN_POINT('',(-71.25713841679,49.947630562466,
    -60.54895841097));
#1730 = B_SPLINE_CURVE_WITH_KNOTS('',3,(#1731,#1732,#1733,#1734,#1735,
    #1736,#1737,#1738,#1739,#1740,#1741,#1742,#1743,#1744,#1745,#1746,
    #1747,#1748,#1749,#1750,#1751,#1752,#1753,#1754,#1755),
  .UNSPECIFIED.,.F.,.F.,(4,3,3,3,3,3,3,3,4),(13.875933755336,
    13.956279918268,14.953157055288,15.950034192307,16.946911329326,
    17.943788466345,18.940665603364,19.937542740383,20.159119062516),
  .UNSPECIFIED.);
#1731 = CARTESIAN_POINT('',(-71.25713841679,49.947630562466,
    -60.54895841097));
#1732 = CARTESIAN_POINT('',(-71.22340067877,49.945499314301,
    -60.54915461767));
#1733 = CARTESIAN_POINT('',(-71.18967748915,49.943368066136,
    -60.54792294982));
#1734 = CARTESIAN_POINT('',(-71.15607299753,49.941236817972,
    -60.54521713509));
#1735 = CARTESIAN_POINT('',(-70.73913274576,49.914793830636,
    -60.51164534095));
#1736 = CARTESIAN_POINT('',(-70.34046492641,49.888350843301,
    -60.25114258893));
#1737 = CARTESIAN_POINT('',(-70.14228956641,49.861907855965,
    -59.88277761882));
#1738 = CARTESIAN_POINT('',(-69.94411420642,49.83546486863,
    -59.5144126487));
#1739 = CARTESIAN_POINT('',(-69.94643130578,49.809021881295,
    -59.03818546048));
#1740 = CARTESIAN_POINT('',(-70.1481818225,49.78257889396,
    -58.67176638007));
#1741 = CARTESIAN_POINT('',(-70.34993233921,49.756135906624,
    -58.30534729967));
#1742 = CARTESIAN_POINT('',(-70.75111627328,49.729692919289,
    -58.04873632708));
#1743 = CARTESIAN_POINT('',(-71.1683634476,49.703249931954,
    -58.01922331021));
#1744 = CARTESIAN_POINT('',(-71.58561062193,49.676806944618,
    -57.98971029334));
#1745 = CARTESIAN_POINT('',(-72.01892103652,49.650363957283,
    -58.18729523218));
#1746 = CARTESIAN_POINT('',(-72.27024041147,49.623920969948,
    -58.52166746815));
#1747 = CARTESIAN_POINT('',(-72.52155978642,49.597477982612,
    -58.85603970413));
#1748 = CARTESIAN_POINT('',(-72.59088812173,49.571034995277,
    -59.32719923724));
#1749 = CARTESIAN_POINT('',(-72.44653733489,49.544592007942,
    -59.71979199033));
#1750 = CARTESIAN_POINT('',(-72.30218654805,49.518149020606,
    -60.11238474342));
#1751 = CARTESIAN_POINT('',(-71.94415663906,49.491706033271,
    -60.42641071649));
#1752 = CARTESIAN_POINT('',(-71.53609324803,49.465263045936,
    -60.51833725987));
#1753 = CARTESIAN_POINT('',(-71.44539281763,49.459385551446,
    -60.53876981332));
#1754 = CARTESIAN_POINT('',(-71.3522205256,49.453508056956,
    -60.54822973334));
#1755 = CARTESIAN_POINT('',(-71.25887562934,49.447630562466,
    -60.54737037733));
#1756 = ORIENTED_EDGE('',*,*,#1757,.F.);
#1757 = EDGE_CURVE('',#1700,#1728,#1758,.T.);
#1758 = LINE('',#1759,#1760);
#1759 = CARTESIAN_POINT('',(-71.25773148207,43.697065711105,
    -60.54718493969));
#1760 = VECTOR('',#1761,1.);
#1761 = DIRECTION('',(0.,-1.,2.22044604925E-16));
#1762 = CYLINDRICAL_SURFACE('',#1763,1.2645);
#1763 = AXIS2_PLACEMENT_3D('',#1764,#1765,#1766);
#1764 = CARTESIAN_POINT('',(-71.25773148207,43.697065711105,
    -59.28268493969));
#1765 = DIRECTION('',(0.,-1.,2.22044604925E-16));
#1766 = DIRECTION('',(0.,2.22044604925E-16,1.));
#1767 = ADVANCED_FACE('',(#1768),#1829,.F.);
#1768 = FACE_BOUND('',#1769,.F.);
#1769 = EDGE_LOOP('',(#1770,#1796,#1805,#1823));
#1770 = ORIENTED_EDGE('',*,*,#1771,.F.);
#1771 = EDGE_CURVE('',#1772,#1774,#1776,.T.);
#1772 = VERTEX_POINT('',#1773);
#1773 = CARTESIAN_POINT('',(-70.43116754254,50.891050236085,
    -60.24265516431));
#1774 = VERTEX_POINT('',#1775);
#1775 = CARTESIAN_POINT('',(-71.25699109416,50.447630562466,
    -60.54561762148));
#1776 = B_SPLINE_CURVE_WITH_KNOTS('',3,(#1777,#1778,#1779,#1780,#1781,
    #1782,#1783,#1784,#1785,#1786,#1787,#1788,#1789,#1790,#1791,#1792,
    #1793,#1794,#1795),.UNSPECIFIED.,.F.,.F.,(4,3,3,3,3,3,4),(
    2.020572491757,2.990631411058,3.987508548077,4.984385685096,
    5.981262822115,6.978139959134,7.592748448157),.UNSPECIFIED.);
#1777 = CARTESIAN_POINT('',(-70.43116534056,50.891050236085,
    -60.24265818258));
#1778 = CARTESIAN_POINT('',(-70.12321438607,50.865318624069,
    -59.97642842715));
#1779 = CARTESIAN_POINT('',(-69.95400550192,50.839587012053,
    -59.54786393935));
#1780 = CARTESIAN_POINT('',(-69.99887071003,50.813855400037,
    -59.1432269242));
#1781 = CARTESIAN_POINT('',(-70.04497626025,50.787412412702,
    -58.72740332712));
#1782 = CARTESIAN_POINT('',(-70.31715609042,50.760969425366,
    -58.33684848673));
#1783 = CARTESIAN_POINT('',(-70.69125099606,50.734526438031,
    -58.14981992993));
#1784 = CARTESIAN_POINT('',(-71.06534590171,50.708083450696,
    -57.96279137314));
#1785 = CARTESIAN_POINT('',(-71.54135588282,50.68164046336,
    -57.97928909995));
#1786 = CARTESIAN_POINT('',(-71.90159112751,50.655197476025,
    -58.19189556113));
#1787 = CARTESIAN_POINT('',(-72.26182637221,50.62875448869,
    -58.40450202231));
#1788 = CARTESIAN_POINT('',(-72.5062868805,50.602311501354,
    -58.81321721786));
#1789 = CARTESIAN_POINT('',(-72.52329394083,50.575868514019,
    -59.23116909223));
#1790 = CARTESIAN_POINT('',(-72.54030100115,50.549425526684,
    -59.6491209666));
#1791 = CARTESIAN_POINT('',(-72.3298546135,50.522982539348,
    -60.0763095198));
#1792 = CARTESIAN_POINT('',(-71.98811623264,50.496539552013,
    -60.31750742205));
#1793 = CARTESIAN_POINT('',(-71.77742295651,50.480236555497,
    -60.46621409086));
#1794 = CARTESIAN_POINT('',(-71.51682375888,50.463933558982,
    -60.54422311394));
#1795 = CARTESIAN_POINT('',(-71.25699109416,50.447630562466,
    -60.54561762148));
#1796 = ORIENTED_EDGE('',*,*,#1797,.T.);
#1797 = EDGE_CURVE('',#1772,#1798,#1800,.T.);
#1798 = VERTEX_POINT('',#1799);
#1799 = CARTESIAN_POINT('',(-70.43252018314,50.891050236085,
    -58.32456878697));
#1800 = CIRCLE('',#1801,1.2645);
#1801 = AXIS2_PLACEMENT_3D('',#1802,#1803,#1804);
#1802 = CARTESIAN_POINT('',(-71.25773148207,50.891050236085,
    -59.28268493969));
#1803 = DIRECTION('',(0.,-1.,2.22044604925E-16));
#1804 = DIRECTION('',(0.,2.22044604925E-16,1.));
#1805 = ORIENTED_EDGE('',*,*,#1806,.F.);
#1806 = EDGE_CURVE('',#1807,#1798,#1809,.T.);
#1807 = VERTEX_POINT('',#1808);
#1808 = CARTESIAN_POINT('',(-71.25684812028,50.584469909705,
    -60.54842843244));
#1809 = B_SPLINE_CURVE_WITH_KNOTS('',3,(#1810,#1811,#1812,#1813,#1814,
    #1815,#1816,#1817,#1818,#1819,#1820,#1821,#1822),.UNSPECIFIED.,.F.,
  .F.,(4,3,3,3,4),(-3.85260200437,-2.990631411058,-1.993754274038,
    -0.996877137019,0.),.UNSPECIFIED.);
#1810 = CARTESIAN_POINT('',(-71.25684812028,50.584469909705,
    -60.54842843244));
#1811 = CARTESIAN_POINT('',(-71.61912047653,50.607334389826,
    -60.54551743652));
#1812 = CARTESIAN_POINT('',(-71.98364002248,50.630198869947,
    -60.38178194305));
#1813 = CARTESIAN_POINT('',(-72.21916360673,50.653063350068,
    -60.1072012861));
#1814 = CARTESIAN_POINT('',(-72.49154885769,50.679506337403,
    -59.78964616147));
#1815 = CARTESIAN_POINT('',(-72.59140018995,50.705949324738,
    -59.32383406682));
#1816 = CARTESIAN_POINT('',(-72.47236269264,50.732392312074,
    -58.92282864513));
#1817 = CARTESIAN_POINT('',(-72.35332519534,50.758835299409,
    -58.52182322343));
#1818 = CARTESIAN_POINT('',(-72.01539886848,50.785278286744,
    -58.18562447468));
#1819 = CARTESIAN_POINT('',(-71.61479128936,50.81172127408,
    -58.06775800914));
#1820 = CARTESIAN_POINT('',(-71.21418371025,50.838164261415,
    -57.9498915436));
#1821 = CARTESIAN_POINT('',(-70.75089487889,50.86460724875,
    -58.05035736126));
#1822 = CARTESIAN_POINT('',(-70.43252018314,50.891050236085,
    -58.32456878697));
#1823 = ORIENTED_EDGE('',*,*,#1824,.T.);
#1824 = EDGE_CURVE('',#1807,#1774,#1825,.T.);
#1825 = LINE('',#1826,#1827);
#1826 = CARTESIAN_POINT('',(-71.25773148207,43.697065711105,
    -60.54718493969));
#1827 = VECTOR('',#1828,1.);
#1828 = DIRECTION('',(0.,-1.,2.22044604925E-16));
#1829 = CYLINDRICAL_SURFACE('',#1830,1.2645);
#1830 = AXIS2_PLACEMENT_3D('',#1831,#1832,#1833);
#1831 = CARTESIAN_POINT('',(-71.25773148207,43.697065711105,
    -59.28268493969));
#1832 = DIRECTION('',(0.,-1.,2.22044604925E-16));
#1833 = DIRECTION('',(-0.348322056313,2.08139044304E-16,0.937374922369)
  );
#1834 = ADVANCED_FACE('',(#1835),#1876,.F.);
#1835 = FACE_BOUND('',#1836,.F.);
#1836 = EDGE_LOOP('',(#1837,#1850,#1859,#1870));
#1837 = ORIENTED_EDGE('',*,*,#1838,.T.);
#1838 = EDGE_CURVE('',#1839,#1841,#1843,.T.);
#1839 = VERTEX_POINT('',#1840);
#1840 = CARTESIAN_POINT('',(-71.25810788103,46.286838512497,
    -60.82818316087));
#1841 = VERTEX_POINT('',#1842);
#1842 = CARTESIAN_POINT('',(-70.92493571678,46.05411767968,
    -57.7731426034));
#1843 = B_SPLINE_CURVE_WITH_KNOTS('',3,(#1844,#1845,#1846,#1847,#1848,
    #1849),.UNSPECIFIED.,.F.,.F.,(4,1,1,4),(72.256631032565,
    73.214151211103,74.211028348122,75.181087267422),.UNSPECIFIED.);
#1844 = CARTESIAN_POINT('',(-71.25810788103,46.286838512497,
    -60.82818316087));
#1845 = CARTESIAN_POINT('',(-70.76774110677,46.261439500909,
    -60.82656300431));
#1846 = CARTESIAN_POINT('',(-69.7639325631,46.209597501987,
    -60.30913169438));
#1847 = CARTESIAN_POINT('',(-69.56877678999,46.132023891048,
    -58.61624419757));
#1848 = CARTESIAN_POINT('',(-70.4400641627,46.079849291696,
    -57.88105084119));
#1849 = CARTESIAN_POINT('',(-70.9249350968,46.05411767968,
    -57.77313808675));
#1850 = ORIENTED_EDGE('',*,*,#1851,.T.);
#1851 = EDGE_CURVE('',#1841,#1852,#1854,.T.);
#1852 = VERTEX_POINT('',#1853);
#1853 = CARTESIAN_POINT('',(-70.21775791978,46.05411767968,
    -58.14281477614));
#1854 = CIRCLE('',#1855,1.543);
#1855 = AXIS2_PLACEMENT_3D('',#1856,#1857,#1858);
#1856 = CARTESIAN_POINT('',(-71.25773148207,46.05411767968,
    -59.28268493969));
#1857 = DIRECTION('',(0.,1.,-2.22044604925E-16));
#1858 = DIRECTION('',(-3.4537074E-14,2.22044604925E-16,1.));
#1859 = ORIENTED_EDGE('',*,*,#1860,.F.);
#1860 = EDGE_CURVE('',#1861,#1852,#1863,.T.);
#1861 = VERTEX_POINT('',#1862);
#1862 = CARTESIAN_POINT('',(-71.25692671801,46.245261959674,
    -60.82381103403));
#1863 = B_SPLINE_CURVE_WITH_KNOTS('',3,(#1864,#1865,#1866,#1867,#1868,
    #1869),.UNSPECIFIED.,.F.,.F.,(4,1,1,4),(72.256631032565,
    72.664866621749,73.661743758768,74.658620895787),.UNSPECIFIED.);
#1864 = CARTESIAN_POINT('',(-71.25692671801,46.245261959674,
    -60.82381103403));
#1865 = CARTESIAN_POINT('',(-71.0462371868,46.234433174347,
    -60.8247745117));
#1866 = CARTESIAN_POINT('',(-70.32224734031,46.197161401684,
    -60.68640808288));
#1867 = CARTESIAN_POINT('',(-69.46001094256,46.133446641686,
    -59.58148951705));
#1868 = CARTESIAN_POINT('',(-69.83898775138,46.080560667015,
    -58.48839006526));
#1869 = CARTESIAN_POINT('',(-70.21775791978,46.05411767968,
    -58.14281477614));
#1870 = ORIENTED_EDGE('',*,*,#1871,.F.);
#1871 = EDGE_CURVE('',#1839,#1861,#1872,.T.);
#1872 = LINE('',#1873,#1874);
#1873 = CARTESIAN_POINT('',(-71.25773148207,51.995261959674,
    -60.82568493969));
#1874 = VECTOR('',#1875,1.);
#1875 = DIRECTION('',(-4.244569310429E-30,-1.,3.445092848398E-16));
#1876 = CYLINDRICAL_SURFACE('',#1877,1.543);
#1877 = AXIS2_PLACEMENT_3D('',#1878,#1879,#1880);
#1878 = CARTESIAN_POINT('',(-71.25773148207,51.995261959674,
    -59.28268493969));
#1879 = DIRECTION('',(0.,-1.,2.22044604925E-16));
#1880 = DIRECTION('',(0.994106990411,-2.407038447758E-17,-0.108403374564
    ));
#1881 = ADVANCED_FACE('',(#1882),#1922,.F.);
#1882 = FACE_BOUND('',#1883,.F.);
#1883 = EDGE_LOOP('',(#1884,#1900,#1901,#1916));
#1884 = ORIENTED_EDGE('',*,*,#1885,.T.);
#1885 = EDGE_CURVE('',#1886,#1839,#1888,.T.);
#1886 = VERTEX_POINT('',#1887);
#1887 = CARTESIAN_POINT('',(-71.2563389122,46.786838512497,
    -60.82528062911));
#1888 = B_SPLINE_CURVE_WITH_KNOTS('',3,(#1889,#1890,#1891,#1892,#1893,
    #1894,#1895,#1896,#1897,#1898,#1899),.UNSPECIFIED.,.F.,.F.,(4,1,1,1,
    1,1,1,1,4),(65.973445725386,66.236011251969,67.232888388988,
    68.229765526007,69.226642663026,70.223519800045,71.220396937064,
    72.217274074084,72.256631032565),.UNSPECIFIED.);
#1889 = CARTESIAN_POINT('',(-71.2563389122,46.786838512497,
    -60.82528062911));
#1890 = CARTESIAN_POINT('',(-71.12122329532,46.77987374559,
    -60.82647580892));
#1891 = CARTESIAN_POINT('',(-70.47447623943,46.746465991348,
    -60.74837350527));
#1892 = CARTESIAN_POINT('',(-69.5220074614,46.68661524977,
    -59.84127375762));
#1893 = CARTESIAN_POINT('',(-69.84626743914,46.607286287764,
    -58.12834070061));
#1894 = CARTESIAN_POINT('',(-71.46080426074,46.527957325758,
    -57.47062417615));
#1895 = CARTESIAN_POINT('',(-72.88971560682,46.448628363752,
    -58.46943861874));
#1896 = CARTESIAN_POINT('',(-72.8267308742,46.369299401746,
    -60.21158610245));
#1897 = CARTESIAN_POINT('',(-71.80887767825,46.315369451328,
    -60.81879874306));
#1898 = CARTESIAN_POINT('',(-71.27826342992,46.287882488245,
    -60.82824975417));
#1899 = CARTESIAN_POINT('',(-71.25810788103,46.286838512497,
    -60.82818316087));
#1900 = ORIENTED_EDGE('',*,*,#1871,.T.);
#1901 = ORIENTED_EDGE('',*,*,#1902,.F.);
#1902 = EDGE_CURVE('',#1903,#1861,#1905,.T.);
#1903 = VERTEX_POINT('',#1904);
#1904 = CARTESIAN_POINT('',(-71.25907967328,46.745261959674,
    -60.82492550397));
#1905 = B_SPLINE_CURVE_WITH_KNOTS('',3,(#1906,#1907,#1908,#1909,#1910,
    #1911,#1912,#1913,#1914,#1915),.UNSPECIFIED.,.F.,.F.,(4,1,1,1,1,1,1,
    4),(65.973445725386,66.683603799634,67.680480936653,68.677358073672,
    69.674235210691,70.67111234771,71.667989484729,72.256631032565),
  .UNSPECIFIED.);
#1906 = CARTESIAN_POINT('',(-71.25907967328,46.745261959674,
    -60.82492550397));
#1907 = CARTESIAN_POINT('',(-70.89341934188,46.726424431692,
    -60.82185414958));
#1908 = CARTESIAN_POINT('',(-70.00973813475,46.681143916375,
    -60.50900055857));
#1909 = CARTESIAN_POINT('',(-69.45124338462,46.609420413722,
    -59.03501084008));
#1910 = CARTESIAN_POINT('',(-70.48488829239,46.530091451716,
    -57.63122201456));
#1911 = CARTESIAN_POINT('',(-72.2250870818,46.45076248971,
    -57.73692259196));
#1912 = CARTESIAN_POINT('',(-73.0808521713,46.371433527704,
    -59.2560612543));
#1913 = CARTESIAN_POINT('',(-72.38093574284,46.302933351025,
    -60.58815540359));
#1914 = CARTESIAN_POINT('',(-71.56072338603,46.260876161682,
    -60.82242177987));
#1915 = CARTESIAN_POINT('',(-71.25692671801,46.245261959674,
    -60.82381103403));
#1916 = ORIENTED_EDGE('',*,*,#1917,.F.);
#1917 = EDGE_CURVE('',#1886,#1903,#1918,.T.);
#1918 = LINE('',#1919,#1920);
#1919 = CARTESIAN_POINT('',(-71.25773148207,51.995261959674,
    -60.82568493969));
#1920 = VECTOR('',#1921,1.);
#1921 = DIRECTION('',(-4.244569310429E-30,-1.,3.445092848398E-16));
#1922 = CYLINDRICAL_SURFACE('',#1923,1.543);
#1923 = AXIS2_PLACEMENT_3D('',#1924,#1925,#1926);
#1924 = CARTESIAN_POINT('',(-71.25773148207,51.995261959674,
    -59.28268493969));
#1925 = DIRECTION('',(0.,-1.,2.22044604925E-16));
#1926 = DIRECTION('',(-3.4537074E-14,2.22044604925E-16,1.));
#1927 = ADVANCED_FACE('',(#1928),#1968,.F.);
#1928 = FACE_BOUND('',#1929,.F.);
#1929 = EDGE_LOOP('',(#1930,#1945,#1946,#1962));
#1930 = ORIENTED_EDGE('',*,*,#1931,.T.);
#1931 = EDGE_CURVE('',#1932,#1886,#1934,.T.);
#1932 = VERTEX_POINT('',#1933);
#1933 = CARTESIAN_POINT('',(-71.25827550971,47.286838512497,
    -60.82340554619));
#1934 = B_SPLINE_CURVE_WITH_KNOTS('',3,(#1935,#1936,#1937,#1938,#1939,
    #1940,#1941,#1942,#1943,#1944),.UNSPECIFIED.,.F.,.F.,(4,1,1,1,1,1,1,
    4),(59.690260418206,60.254748429853,61.251625566873,62.248502703892,
    63.245379840911,64.24225697793,65.239134114949,65.973445725386),
  .UNSPECIFIED.);
#1935 = CARTESIAN_POINT('',(-71.25827550971,47.286838512497,
    -60.82340554619));
#1936 = CARTESIAN_POINT('',(-70.96689951685,47.271865002935,
    -60.8224816283));
#1937 = CARTESIAN_POINT('',(-70.15966714235,47.230448506038,
    -60.60295760699));
#1938 = CARTESIAN_POINT('',(-69.43442018874,47.162589021806,
    -59.2998813862));
#1939 = CARTESIAN_POINT('',(-70.25336447375,47.0832600598,
    -57.76084184934));
#1940 = CARTESIAN_POINT('',(-71.99044582898,47.003931097794,
    -57.61298739213));
#1941 = CARTESIAN_POINT('',(-73.05772013772,46.924602135788,
    -58.99147928659));
#1942 = CARTESIAN_POINT('',(-72.53030497935,46.852237940689,
    -60.49177654674));
#1943 = CARTESIAN_POINT('',(-71.63421398026,46.806316732925,
    -60.82193809432));
#1944 = CARTESIAN_POINT('',(-71.2563389122,46.786838512497,
    -60.82528062911));
#1945 = ORIENTED_EDGE('',*,*,#1917,.T.);
#1946 = ORIENTED_EDGE('',*,*,#1947,.F.);
#1947 = EDGE_CURVE('',#1948,#1903,#1950,.T.);
#1948 = VERTEX_POINT('',#1949);
#1949 = CARTESIAN_POINT('',(-71.25758676254,47.245261959674,
    -60.82825277922));
#1950 = B_SPLINE_CURVE_WITH_KNOTS('',3,(#1951,#1952,#1953,#1954,#1955,
    #1956,#1957,#1958,#1959,#1960,#1961),.UNSPECIFIED.,.F.,.F.,(4,1,1,1,
    1,1,1,1,4),(59.690260418206,59.705463840499,60.702340977519,
    61.699218114538,62.696095251557,63.692972388576,64.689849525595,
    65.686726662614,65.973445725386),.UNSPECIFIED.);
#1951 = CARTESIAN_POINT('',(-71.25758676254,47.245261959674,
    -60.82825277922));
#1952 = CARTESIAN_POINT('',(-71.24980215371,47.244858676373,
    -60.82826321514));
#1953 = CARTESIAN_POINT('',(-70.7315963644,47.218012405736,
    -60.82468609578));
#1954 = CARTESIAN_POINT('',(-69.71161035118,47.164723147763,
    -60.2492611678));
#1955 = CARTESIAN_POINT('',(-69.60658912845,47.085394185757,
    -58.50906438501));
#1956 = CARTESIAN_POINT('',(-71.01095115408,47.006065223751,
    -57.47607018138));
#1957 = CARTESIAN_POINT('',(-72.64090700986,46.926736261745,
    -58.09458154499));
#1958 = CARTESIAN_POINT('',(-73.00643810331,46.84740729974,
    -59.79919673848));
#1959 = CARTESIAN_POINT('',(-72.06619921307,46.786915865716,
    -60.73897904118));
#1960 = CARTESIAN_POINT('',(-71.40671129406,46.752867419027,
    -60.8261655319));
#1961 = CARTESIAN_POINT('',(-71.25907967328,46.745261959674,
    -60.82492550397));
#1962 = ORIENTED_EDGE('',*,*,#1963,.F.);
#1963 = EDGE_CURVE('',#1932,#1948,#1964,.T.);
#1964 = LINE('',#1965,#1966);
#1965 = CARTESIAN_POINT('',(-71.25773148207,51.995261959674,
    -60.82568493969));
#1966 = VECTOR('',#1967,1.);
#1967 = DIRECTION('',(-4.244569310429E-30,-1.,3.445092848398E-16));
#1968 = CYLINDRICAL_SURFACE('',#1969,1.543);
#1969 = AXIS2_PLACEMENT_3D('',#1970,#1971,#1972);
#1970 = CARTESIAN_POINT('',(-71.25773148207,51.995261959674,
    -59.28268493969));
#1971 = DIRECTION('',(0.,-1.,2.22044604925E-16));
#1972 = DIRECTION('',(-3.4537074E-14,2.22044604925E-16,1.));
#1973 = ADVANCED_FACE('',(#1974),#2013,.F.);
#1974 = FACE_BOUND('',#1975,.F.);
#1975 = EDGE_LOOP('',(#1976,#1991,#1992,#2007));
#1976 = ORIENTED_EDGE('',*,*,#1977,.T.);
#1977 = EDGE_CURVE('',#1978,#1932,#1980,.T.);
#1978 = VERTEX_POINT('',#1979);
#1979 = CARTESIAN_POINT('',(-71.25880617346,47.786838512497,
    -60.82726640681));
#1980 = B_SPLINE_CURVE_WITH_KNOTS('',3,(#1981,#1982,#1983,#1984,#1985,
    #1986,#1987,#1988,#1989,#1990),.UNSPECIFIED.,.F.,.F.,(4,1,1,1,1,1,1,
    4),(53.407075111027,54.273485607739,55.270362744758,56.267239881777,
    57.264117018796,58.260994155815,59.257871292834,59.690260418206),
  .UNSPECIFIED.);
#1981 = CARTESIAN_POINT('',(-71.25880617346,47.786838512497,
    -60.82726640681));
#1982 = CARTESIAN_POINT('',(-70.8144286448,47.76385626028,
    -60.82373928307));
#1983 = CARTESIAN_POINT('',(-69.85273662841,47.714431020728,
    -60.38900456652));
#1984 = CARTESIAN_POINT('',(-69.5117813019,47.638562793842,
    -58.75693050743));
#1985 = CARTESIAN_POINT('',(-70.75132501949,47.559233831836,
    -57.53102508553));
#1986 = CARTESIAN_POINT('',(-72.45379770666,47.47990486983,
    -57.90639087796));
#1987 = CARTESIAN_POINT('',(-73.06289235473,47.400575907824,
    -59.5398891075));
#1988 = CARTESIAN_POINT('',(-72.21831494822,47.336220455379,
    -60.67431891379));
#1989 = CARTESIAN_POINT('',(-71.48146503385,47.29830799027,
    -60.82411325307));
#1990 = CARTESIAN_POINT('',(-71.25827550971,47.286838512497,
    -60.82340554619));
#1991 = ORIENTED_EDGE('',*,*,#1963,.T.);
#1992 = ORIENTED_EDGE('',*,*,#1993,.F.);
#1993 = EDGE_CURVE('',#1994,#1948,#1996,.T.);
#1994 = VERTEX_POINT('',#1995);
#1995 = CARTESIAN_POINT('',(-71.25648055241,47.745261959674,
    -60.82450734886));
#1996 = B_SPLINE_CURVE_WITH_KNOTS('',3,(#1997,#1998,#1999,#2000,#2001,
    #2002,#2003,#2004,#2005,#2006),.UNSPECIFIED.,.F.,.F.,(4,1,1,1,1,1,1,
    4),(53.407075111027,53.724201018384,54.721078155403,55.717955292423,
    56.714832429442,57.711709566461,58.70858670348,59.690260418206),
  .UNSPECIFIED.);
#1997 = CARTESIAN_POINT('',(-71.25648055241,47.745261959674,
    -60.82450734886));
#1998 = CARTESIAN_POINT('',(-71.09308090971,47.736849933718,
    -60.82575584471));
#1999 = CARTESIAN_POINT('',(-70.41751415157,47.701994920426,
    -60.72663660883));
#2000 = CARTESIAN_POINT('',(-69.494129265,47.640696919799,-59.7457906722
    ));
#2001 = CARTESIAN_POINT('',(-69.91131665926,47.561367957793,
    -58.05308060226));
#2002 = CARTESIAN_POINT('',(-71.55932251932,47.482038995787,
    -57.4844072889));
#2003 = CARTESIAN_POINT('',(-72.93163043029,47.402710033781,
    -58.55962059146));
#2004 = CARTESIAN_POINT('',(-72.77455445524,47.323784355077,
    -60.28699338035));
#2005 = CARTESIAN_POINT('',(-71.76023318781,47.271301663708,
    -60.82757893955));
#2006 = CARTESIAN_POINT('',(-71.25758676254,47.245261959674,
    -60.82825277922));
#2007 = ORIENTED_EDGE('',*,*,#2008,.F.);
#2008 = EDGE_CURVE('',#1978,#1994,#2009,.T.);
#2009 = LINE('',#2010,#2011);
#2010 = CARTESIAN_POINT('',(-71.25773148207,51.995261959674,
    -60.82568493969));
#2011 = VECTOR('',#2012,1.);
#2012 = DIRECTION('',(-4.244569310429E-30,-1.,3.445092848398E-16));
#2013 = CYLINDRICAL_SURFACE('',#2014,1.543);
#2014 = AXIS2_PLACEMENT_3D('',#2015,#2016,#2017);
#2015 = CARTESIAN_POINT('',(-71.25773148207,51.995261959674,
    -59.28268493969));
#2016 = DIRECTION('',(0.,-1.,2.22044604925E-16));
#2017 = DIRECTION('',(-3.4537074E-14,2.22044604925E-16,1.));
#2018 = ADVANCED_FACE('',(#2019),#2059,.F.);
#2019 = FACE_BOUND('',#2020,.F.);
#2020 = EDGE_LOOP('',(#2021,#2037,#2038,#2053));
#2021 = ORIENTED_EDGE('',*,*,#2022,.T.);
#2022 = EDGE_CURVE('',#2023,#1978,#2025,.T.);
#2023 = VERTEX_POINT('',#2024);
#2024 = CARTESIAN_POINT('',(-71.25645720254,48.286838512497,
    -60.82668346815));
#2025 = B_SPLINE_CURVE_WITH_KNOTS('',3,(#2026,#2027,#2028,#2029,#2030,
    #2031,#2032,#2033,#2034,#2035,#2036),.UNSPECIFIED.,.F.,.F.,(4,1,1,1,
    1,1,1,1,4),(47.123889803847,47.295345648604,48.292222785624,
    49.289099922643,50.285977059662,51.282854196681,52.2797313337,
    53.276608470719,53.407075111027),.UNSPECIFIED.);
#2026 = CARTESIAN_POINT('',(-71.25645720254,48.286838512497,
    -60.82668346815));
#2027 = CARTESIAN_POINT('',(-71.16843200054,48.282290504961,
    -60.82746627443));
#2028 = CARTESIAN_POINT('',(-70.56944500049,48.25129951009,
    -60.78058034587));
#2029 = CARTESIAN_POINT('',(-69.58003011108,48.193865527883,
    -59.99688229583));
#2030 = CARTESIAN_POINT('',(-69.74709296266,48.114536565877,
    -58.26154292341));
#2031 = CARTESIAN_POINT('',(-71.2950985675,48.035207603871,
    -57.45967548974));
#2032 = CARTESIAN_POINT('',(-72.80894523545,47.955878641865,
    -58.32430315507));
#2033 = CARTESIAN_POINT('',(-72.90475750012,47.876549679859,
    -60.06503080294));
#2034 = CARTESIAN_POINT('',(-71.90338214529,47.82020297007,
    -60.79347056463));
#2035 = CARTESIAN_POINT('',(-71.32572184844,47.790299247616,
    -60.82779753147));
#2036 = CARTESIAN_POINT('',(-71.25880617346,47.786838512497,
    -60.82726640681));
#2037 = ORIENTED_EDGE('',*,*,#2008,.T.);
#2038 = ORIENTED_EDGE('',*,*,#2039,.F.);
#2039 = EDGE_CURVE('',#2040,#1994,#2042,.T.);
#2040 = VERTEX_POINT('',#2041);
#2041 = CARTESIAN_POINT('',(-71.25866587912,48.245261959674,
    -60.82381635875));
#2042 = B_SPLINE_CURVE_WITH_KNOTS('',3,(#2043,#2044,#2045,#2046,#2047,
    #2048,#2049,#2050,#2051,#2052),.UNSPECIFIED.,.F.,.F.,(4,1,1,1,1,1,1,
    4),(47.123889803847,47.742938196269,48.739815333288,49.736692470308,
    50.733569607327,51.730446744346,52.727323881365,53.407075111027),
  .UNSPECIFIED.);
#2043 = CARTESIAN_POINT('',(-71.25866587912,48.245261959674,
    -60.82381635875));
#2044 = CARTESIAN_POINT('',(-70.93934024048,48.228841191063,
    -60.82204835724));
#2045 = CARTESIAN_POINT('',(-70.1032312744,48.185977435116,
    -60.56970509602));
#2046 = CARTESIAN_POINT('',(-69.43619560922,48.116670691835,
    -59.20042462558));
#2047 = CARTESIAN_POINT('',(-70.33785016039,48.037341729829,
    -57.70833489936));
#2048 = CARTESIAN_POINT('',(-72.08040968559,47.958012767823,
    -57.65542949927));
#2049 = CARTESIAN_POINT('',(-73.07092198797,47.878683805817,
    -59.09007163532));
#2050 = CARTESIAN_POINT('',(-72.47464439309,47.807766869767,
    -60.52999001878));
#2051 = CARTESIAN_POINT('',(-71.60672348581,47.763292921053,
    -60.8218312301));
#2052 = CARTESIAN_POINT('',(-71.25648055241,47.745261959674,
    -60.82450734886));
#2053 = ORIENTED_EDGE('',*,*,#2054,.F.);
#2054 = EDGE_CURVE('',#2023,#2040,#2055,.T.);
#2055 = LINE('',#2056,#2057);
#2056 = CARTESIAN_POINT('',(-71.25773148207,51.995261959674,
    -60.82568493969));
#2057 = VECTOR('',#2058,1.);
#2058 = DIRECTION('',(-4.244569310429E-30,-1.,3.445092848398E-16));
#2059 = CYLINDRICAL_SURFACE('',#2060,1.543);
#2060 = AXIS2_PLACEMENT_3D('',#2061,#2062,#2063);
#2061 = CARTESIAN_POINT('',(-71.25773148207,51.995261959674,
    -59.28268493969));
#2062 = DIRECTION('',(0.,-1.,2.22044604925E-16));
#2063 = DIRECTION('',(-3.4537074E-14,2.22044604925E-16,1.));
#2064 = ADVANCED_FACE('',(#2065),#2104,.F.);
#2065 = FACE_BOUND('',#2066,.F.);
#2066 = EDGE_LOOP('',(#2067,#2082,#2083,#2098));
#2067 = ORIENTED_EDGE('',*,*,#2068,.T.);
#2068 = EDGE_CURVE('',#2069,#2023,#2071,.T.);
#2069 = VERTEX_POINT('',#2070);
#2070 = CARTESIAN_POINT('',(-71.25752049028,48.786838512497,
    -60.82325004368));
#2071 = B_SPLINE_CURVE_WITH_KNOTS('',3,(#2072,#2073,#2074,#2075,#2076,
    #2077,#2078,#2079,#2080,#2081),.UNSPECIFIED.,.F.,.F.,(4,1,1,1,1,1,1,
    4),(40.840704496667,41.314082826489,42.310959963508,43.307837100528,
    44.304714237547,45.301591374566,46.298468511585,47.123889803847),
  .UNSPECIFIED.);
#2072 = CARTESIAN_POINT('',(-71.25752049028,48.786838512497,
    -60.82325004368));
#2073 = CARTESIAN_POINT('',(-71.01311167078,48.774281762306,
    -60.82354882099));
#2074 = CARTESIAN_POINT('',(-70.25440045082,48.73528202478,
    -60.65352207841));
#2075 = CARTESIAN_POINT('',(-69.44354719493,48.669839299919,
    -59.46570167674));
#2076 = CARTESIAN_POINT('',(-70.11906728373,48.590510337913,
    -57.85853480815));
#2077 = CARTESIAN_POINT('',(-71.83549163446,48.511181375907,
    -57.55324775955));
#2078 = CARTESIAN_POINT('',(-73.02375939093,48.431852413901,
    -58.82891718097));
#2079 = CARTESIAN_POINT('',(-72.62205235148,48.357071459431,
    -60.42247933623));
#2080 = CARTESIAN_POINT('',(-71.68022739298,48.308733492296,
    -60.82291488875));
#2081 = CARTESIAN_POINT('',(-71.25645720254,48.286838512497,
    -60.82668346815));
#2082 = ORIENTED_EDGE('',*,*,#2054,.T.);
#2083 = ORIENTED_EDGE('',*,*,#2084,.F.);
#2084 = EDGE_CURVE('',#2085,#2040,#2087,.T.);
#2085 = VERTEX_POINT('',#2086);
#2086 = CARTESIAN_POINT('',(-71.25841927091,48.745261959674,
    -60.82789097955));
#2087 = B_SPLINE_CURVE_WITH_KNOTS('',3,(#2088,#2089,#2090,#2091,#2092,
    #2093,#2094,#2095,#2096,#2097),.UNSPECIFIED.,.F.,.F.,(4,1,1,1,1,1,1,
    4),(40.840704496667,41.761675374154,42.758552511173,43.755429648193,
    44.752306785212,45.749183922231,46.74606105925,47.123889803847),
  .UNSPECIFIED.);
#2088 = CARTESIAN_POINT('',(-71.25841927091,48.745261959674,
    -60.82789097955));
#2089 = CARTESIAN_POINT('',(-70.78655997908,48.720832448408,
    -60.82526087724));
#2090 = CARTESIAN_POINT('',(-69.79929262923,48.669959949807,
    -60.34218100689));
#2091 = CARTESIAN_POINT('',(-69.5430505076,48.59264446387,
    -58.66250040979));
#2092 = CARTESIAN_POINT('',(-70.84760239924,48.513315501864,
    -57.50601563147));
#2093 = CARTESIAN_POINT('',(-72.52707176952,48.433986539858,
    -57.97366434016));
#2094 = CARTESIAN_POINT('',(-73.0461799754,48.354657577852,
    -59.63794777486));
#2095 = CARTESIAN_POINT('',(-72.16135140278,48.291749384458,
    -60.70019396942));
#2096 = CARTESIAN_POINT('',(-71.45356244397,48.255284178398,
    -60.82489543723));
#2097 = CARTESIAN_POINT('',(-71.25866587912,48.245261959674,
    -60.82381635875));
#2098 = ORIENTED_EDGE('',*,*,#2099,.F.);
#2099 = EDGE_CURVE('',#2069,#2085,#2100,.T.);
#2100 = LINE('',#2101,#2102);
#2101 = CARTESIAN_POINT('',(-71.25773148207,51.995261959674,
    -60.82568493969));
#2102 = VECTOR('',#2103,1.);
#2103 = DIRECTION('',(-4.244569310429E-30,-1.,3.445092848398E-16));
#2104 = CYLINDRICAL_SURFACE('',#2105,1.543);
#2105 = AXIS2_PLACEMENT_3D('',#2106,#2107,#2108);
#2106 = CARTESIAN_POINT('',(-71.25773148207,51.995261959674,
    -59.28268493969));
#2107 = DIRECTION('',(0.,-1.,2.22044604925E-16));
#2108 = DIRECTION('',(-3.4537074E-14,2.22044604925E-16,1.));
#2109 = ADVANCED_FACE('',(#2110),#2150,.F.);
#2110 = FACE_BOUND('',#2111,.F.);
#2111 = EDGE_LOOP('',(#2112,#2127,#2128,#2144));
#2112 = ORIENTED_EDGE('',*,*,#2113,.T.);
#2113 = EDGE_CURVE('',#2114,#2069,#2116,.T.);
#2114 = VERTEX_POINT('',#2115);
#2115 = CARTESIAN_POINT('',(-71.25912762224,49.286838512497,
    -60.82591121907));
#2116 = B_SPLINE_CURVE_WITH_KNOTS('',3,(#2117,#2118,#2119,#2120,#2121,
    #2122,#2123,#2124,#2125,#2126),.UNSPECIFIED.,.F.,.F.,(4,1,1,1,1,1,1,
    4),(34.557519189488,35.332820004374,36.329697141393,37.326574278413,
    38.323451415432,39.320328552451,40.31720568947,40.840704496667),
  .UNSPECIFIED.);
#2117 = CARTESIAN_POINT('',(-71.25912762224,49.286838512497,
    -60.82591121907));
#2118 = CARTESIAN_POINT('',(-70.8605760187,49.266273019651,
    -60.82224205523));
#2119 = CARTESIAN_POINT('',(-69.94367489245,49.219264539471,
    -60.46146216737));
#2120 = CARTESIAN_POINT('',(-69.47118775869,49.145813071954,
    -58.91796411611));
#2121 = CARTESIAN_POINT('',(-70.59405293209,49.066484109949,
    -57.58436502389));
#2122 = CARTESIAN_POINT('',(-72.32361657862,48.987155147943,
    -57.80327670858));
#2123 = CARTESIAN_POINT('',(-73.07880662052,48.907826185937,
    -59.37458213217));
#2124 = CARTESIAN_POINT('',(-72.3132377363,48.841053974121,
    -60.62646011566));
#2125 = CARTESIAN_POINT('',(-71.52780689212,48.800724749641,
    -60.82291963236));
#2126 = CARTESIAN_POINT('',(-71.25752049028,48.786838512497,
    -60.82325004368));
#2127 = ORIENTED_EDGE('',*,*,#2099,.T.);
#2128 = ORIENTED_EDGE('',*,*,#2129,.F.);
#2129 = EDGE_CURVE('',#2130,#2085,#2132,.T.);
#2130 = VERTEX_POINT('',#2131);
#2131 = CARTESIAN_POINT('',(-71.2563312512,49.245261959674,
    -60.82584200041));
#2132 = B_SPLINE_CURVE_WITH_KNOTS('',3,(#2133,#2134,#2135,#2136,#2137,
    #2138,#2139,#2140,#2141,#2142,#2143),.UNSPECIFIED.,.F.,.F.,(4,1,1,1,
    1,1,1,1,4),(34.557519189488,34.78353541502,35.780412552039,
    36.777289689058,37.774166826078,38.771043963097,39.767921100116,
    40.764798237135,40.840704496667),.UNSPECIFIED.);
#2133 = CARTESIAN_POINT('',(-71.2563312512,49.245261959674,
    -60.82584200041));
#2134 = CARTESIAN_POINT('',(-71.14013186671,49.239266693089,
    -60.82691015495));
#2135 = CARTESIAN_POINT('',(-70.51260190036,49.206828439168,
    -60.76189521871));
#2136 = CARTESIAN_POINT('',(-69.54357907748,49.147947197912,
    -59.90432891235));
#2137 = CARTESIAN_POINT('',(-69.80502713806,49.068618235906,
    -58.1806823152));
#2138 = CARTESIAN_POINT('',(-71.39445771135,48.9892892739,-57.464425983)
  );
#2139 = CARTESIAN_POINT('',(-72.85890067627,48.909960311894,
    -58.41032210987));
#2140 = CARTESIAN_POINT('',(-72.85964271804,48.830631349888,
    -60.15368441582));
#2141 = CARTESIAN_POINT('',(-71.84673548758,48.775731899148,
    -60.80915245499));
#2142 = CARTESIAN_POINT('',(-71.29730983167,48.747275435743,
    -60.82810775212));
#2143 = CARTESIAN_POINT('',(-71.25841927091,48.745261959674,
    -60.82789097955));
#2144 = ORIENTED_EDGE('',*,*,#2145,.F.);
#2145 = EDGE_CURVE('',#2114,#2130,#2146,.T.);
#2146 = LINE('',#2147,#2148);
#2147 = CARTESIAN_POINT('',(-71.25773148207,51.995261959674,
    -60.82568493969));
#2148 = VECTOR('',#2149,1.);
#2149 = DIRECTION('',(-4.244569310429E-30,-1.,3.445092848398E-16));
#2150 = CYLINDRICAL_SURFACE('',#2151,1.543);
#2151 = AXIS2_PLACEMENT_3D('',#2152,#2153,#2154);
#2152 = CARTESIAN_POINT('',(-71.25773148207,51.995261959674,
    -59.28268493969));
#2153 = DIRECTION('',(0.,-1.,2.22044604925E-16));
#2154 = DIRECTION('',(-3.4537074E-14,2.22044604925E-16,1.));
#2155 = ADVANCED_FACE('',(#2156),#2196,.F.);
#2156 = FACE_BOUND('',#2157,.F.);
#2157 = EDGE_LOOP('',(#2158,#2174,#2175,#2190));
#2158 = ORIENTED_EDGE('',*,*,#2159,.T.);
#2159 = EDGE_CURVE('',#2160,#2114,#2162,.T.);
#2160 = VERTEX_POINT('',#2161);
#2161 = CARTESIAN_POINT('',(-71.25700779703,49.786838512497,
    -60.82784900943));
#2162 = B_SPLINE_CURVE_WITH_KNOTS('',3,(#2163,#2164,#2165,#2166,#2167,
    #2168,#2169,#2170,#2171,#2172,#2173),.UNSPECIFIED.,.F.,.F.,(4,1,1,1,
    1,1,1,1,4),(28.274333882308,28.35468004524,29.351557182259,
    30.348434319278,31.345311456298,32.342188593317,33.339065730336,
    34.335942867355,34.557519189488),.UNSPECIFIED.);
#2163 = CARTESIAN_POINT('',(-71.25700779703,49.786838512497,
    -60.82784900943));
#2164 = CARTESIAN_POINT('',(-71.21583948563,49.784707264332,
    -60.82808842971));
#2165 = CARTESIAN_POINT('',(-70.66412252607,49.756133028832,
    -60.80793813994));
#2166 = CARTESIAN_POINT('',(-69.65196893509,49.701115805996,
    -60.14656347384));
#2167 = CARTESIAN_POINT('',(-69.66045122292,49.62178684399,
    -58.40322171482));
#2168 = CARTESIAN_POINT('',(-71.12907947977,49.542457881984,
    -57.46383682585));
#2169 = CARTESIAN_POINT('',(-72.71531428336,49.463128919978,
    -58.18714301952));
#2170 = CARTESIAN_POINT('',(-72.96910697941,49.383799957972,
    -59.91193343372));
#2171 = CARTESIAN_POINT('',(-71.99823199678,49.325036488812,
    -60.76348229456));
#2172 = CARTESIAN_POINT('',(-71.37303127975,49.292716006987,
    -60.82695984409));
#2173 = CARTESIAN_POINT('',(-71.25912762224,49.286838512497,
    -60.82591121907));
#2174 = ORIENTED_EDGE('',*,*,#2145,.T.);
#2175 = ORIENTED_EDGE('',*,*,#2176,.F.);
#2176 = EDGE_CURVE('',#2177,#2130,#2179,.T.);
#2177 = VERTEX_POINT('',#2178);
#2178 = CARTESIAN_POINT('',(-71.25797951242,49.745261959674,
    -60.82326019423));
#2179 = B_SPLINE_CURVE_WITH_KNOTS('',3,(#2180,#2181,#2182,#2183,#2184,
    #2185,#2186,#2187,#2188,#2189),.UNSPECIFIED.,.F.,.F.,(4,1,1,1,1,1,1,
    4),(28.274333882308,28.802272592905,29.799149729924,30.796026866943,
    31.792904003963,32.789781140982,33.786658278001,34.557519189488),
  .UNSPECIFIED.);
#2180 = CARTESIAN_POINT('',(-71.25797951242,49.745261959674,
    -60.82326019423));
#2181 = CARTESIAN_POINT('',(-70.98540524175,49.731257950434,
    -60.82286835594));
#2182 = CARTESIAN_POINT('',(-70.19760989951,49.690810953859,
    -60.62397455372));
#2183 = CARTESIAN_POINT('',(-69.43626630428,49.623920969948,
    -59.36649585275));
#2184 = CARTESIAN_POINT('',(-70.1984253043,49.544592007942,
    -57.79855889267));
#2185 = CARTESIAN_POINT('',(-71.92894383853,49.465263045936,
    -57.58732843674));
#2186 = CARTESIAN_POINT('',(-73.04587689951,49.38593408393,
    -58.9258997694));
#2187 = CARTESIAN_POINT('',(-72.56731003608,49.312600388509,
    -60.46481334722));
#2188 = CARTESIAN_POINT('',(-71.65264599909,49.265709680424,
    -60.82219890541));
#2189 = CARTESIAN_POINT('',(-71.2563312512,49.245261959674,
    -60.82584200041));
#2190 = ORIENTED_EDGE('',*,*,#2191,.F.);
#2191 = EDGE_CURVE('',#2160,#2177,#2192,.T.);
#2192 = LINE('',#2193,#2194);
#2193 = CARTESIAN_POINT('',(-71.25773148207,51.995261959674,
    -60.82568493969));
#2194 = VECTOR('',#2195,1.);
#2195 = DIRECTION('',(-4.244569310429E-30,-1.,3.445092848398E-16));
#2196 = CYLINDRICAL_SURFACE('',#2197,1.543);
#2197 = AXIS2_PLACEMENT_3D('',#2198,#2199,#2200);
#2198 = CARTESIAN_POINT('',(-71.25773148207,51.995261959674,
    -59.28268493969));
#2199 = DIRECTION('',(0.,-1.,2.22044604925E-16));
#2200 = DIRECTION('',(-3.4537074E-14,2.22044604925E-16,1.));
#2201 = ADVANCED_FACE('',(#2202),#2241,.F.);
#2202 = FACE_BOUND('',#2203,.F.);
#2203 = EDGE_LOOP('',(#2204,#2219,#2220,#2235));
#2204 = ORIENTED_EDGE('',*,*,#2205,.T.);
#2205 = EDGE_CURVE('',#2206,#2160,#2208,.T.);
#2206 = VERTEX_POINT('',#2207);
#2207 = CARTESIAN_POINT('',(-71.25682802731,50.286838512497,
    -60.82377242723));
#2208 = B_SPLINE_CURVE_WITH_KNOTS('',3,(#2209,#2210,#2211,#2212,#2213,
    #2214,#2215,#2216,#2217,#2218),.UNSPECIFIED.,.F.,.F.,(4,1,1,1,1,1,1,
    4),(21.991148575128,22.373417223125,23.370294360144,24.367171497163,
    25.364048634182,26.360925771202,27.357802908221,28.274333882308),
  .UNSPECIFIED.);
#2209 = CARTESIAN_POINT('',(-71.25682802731,50.286838512497,
    -60.82377242723));
#2210 = CARTESIAN_POINT('',(-71.059626186,50.276698521677,
    -60.82483079861));
#2211 = CARTESIAN_POINT('',(-70.34946840102,50.240115543522,
    -60.6981703986));
#2212 = CARTESIAN_POINT('',(-69.46772754914,50.177089578032,
    -59.62999933167));
#2213 = CARTESIAN_POINT('',(-69.99421353127,50.097760616026,
    -57.96804364586));
#2214 = CARTESIAN_POINT('',(-71.67574574173,50.01843165402,
    -57.50785301698));
#2215 = CARTESIAN_POINT('',(-72.97514863691,49.939102692014,
    -58.67012001231));
#2216 = CARTESIAN_POINT('',(-72.71185382435,49.861904978173,
    -60.34608881368));
#2217 = CARTESIAN_POINT('',(-71.72662614808,49.811150251667,
    -60.82511787585));
#2218 = CARTESIAN_POINT('',(-71.25700779703,49.786838512497,
    -60.82784900943));
#2219 = ORIENTED_EDGE('',*,*,#2191,.T.);
#2220 = ORIENTED_EDGE('',*,*,#2221,.F.);
#2221 = EDGE_CURVE('',#2222,#2177,#2224,.T.);
#2222 = VERTEX_POINT('',#2223);
#2223 = CARTESIAN_POINT('',(-71.25898927249,50.245261959674,
    -60.82674945151));
#2224 = B_SPLINE_CURVE_WITH_KNOTS('',3,(#2225,#2226,#2227,#2228,#2229,
    #2230,#2231,#2232,#2233,#2234),.UNSPECIFIED.,.F.,.F.,(4,1,1,1,1,1,1,
    4),(21.991148575128,22.82100977079,23.817886907809,24.814764044829,
    25.811641181848,26.808518318867,27.805395455886,28.274333882308),
  .UNSPECIFIED.);
#2225 = CARTESIAN_POINT('',(-71.25898927249,50.245261959674,
    -60.82674945151));
#2226 = CARTESIAN_POINT('',(-70.83298705003,50.223249207779,
    -60.82299155152));
#2227 = CARTESIAN_POINT('',(-69.88898371343,50.174793468549,
    -60.41892340403));
#2228 = CARTESIAN_POINT('',(-69.49373635712,50.099894741983,
    -58.82108054805));
#2229 = CARTESIAN_POINT('',(-70.68765520737,50.020565779977,
    -57.55069969854));
#2230 = CARTESIAN_POINT('',(-72.40270767556,49.941236817972,
    -57.86360436675));
#2231 = CARTESIAN_POINT('',(-73.07108522063,49.861907855965,
    -59.47375466378));
#2232 = CARTESIAN_POINT('',(-72.256434973,49.7965829032,-60.65583210301)
  );
#2233 = CARTESIAN_POINT('',(-71.50009199063,49.757700937769,
    -60.82360824227));
#2234 = CARTESIAN_POINT('',(-71.25797951242,49.745261959674,
    -60.82326019423));
#2235 = ORIENTED_EDGE('',*,*,#2236,.F.);
#2236 = EDGE_CURVE('',#2206,#2222,#2237,.T.);
#2237 = LINE('',#2238,#2239);
#2238 = CARTESIAN_POINT('',(-71.25773148207,51.995261959674,
    -60.82568493969));
#2239 = VECTOR('',#2240,1.);
#2240 = DIRECTION('',(-4.244569310429E-30,-1.,3.445092848398E-16));
#2241 = CYLINDRICAL_SURFACE('',#2242,1.543);
#2242 = AXIS2_PLACEMENT_3D('',#2243,#2244,#2245);
#2243 = CARTESIAN_POINT('',(-71.25773148207,51.995261959674,
    -59.28268493969));
#2244 = DIRECTION('',(0.,-1.,2.22044604925E-16));
#2245 = DIRECTION('',(-3.4537074E-14,2.22044604925E-16,1.));
#2246 = ADVANCED_FACE('',(#2247),#2286,.F.);
#2247 = FACE_BOUND('',#2248,.F.);
#2248 = EDGE_LOOP('',(#2249,#2261,#2270,#2280));
#2249 = ORIENTED_EDGE('',*,*,#2250,.F.);
#2250 = EDGE_CURVE('',#2251,#2253,#2255,.T.);
#2251 = VERTEX_POINT('',#2252);
#2252 = CARTESIAN_POINT('',(-72.75101926343,50.891050236085,
    -58.88323199835));
#2253 = VERTEX_POINT('',#2254);
#2254 = CARTESIAN_POINT('',(-71.25665356413,50.745261959674,
    -60.8272023057));
#2255 = B_SPLINE_CURVE_WITH_KNOTS('',3,(#2256,#2257,#2258,#2259,#2260),
  .UNSPECIFIED.,.F.,.F.,(4,1,4),(13.875933755336,14.845992674637,
    15.707963267949),.UNSPECIFIED.);
#2256 = CARTESIAN_POINT('',(-72.75102355851,50.891050236085,
    -58.88323046955));
#2257 = CARTESIAN_POINT('',(-72.87842619092,50.865318624069,
    -59.36334875405));
#2258 = CARTESIAN_POINT('',(-72.6440979573,50.816722531932,
    -60.39900133796));
#2259 = CARTESIAN_POINT('',(-71.69871465206,50.768126439795,
    -60.82365017702));
#2260 = CARTESIAN_POINT('',(-71.25665356413,50.745261959674,
    -60.8272023057));
#2261 = ORIENTED_EDGE('',*,*,#2262,.T.);
#2262 = EDGE_CURVE('',#2251,#2263,#2265,.T.);
#2263 = VERTEX_POINT('',#2264);
#2264 = CARTESIAN_POINT('',(-72.74838091029,50.891050236085,
    -59.68119878155));
#2265 = CIRCLE('',#2266,1.543);
#2266 = AXIS2_PLACEMENT_3D('',#2267,#2268,#2269);
#2267 = CARTESIAN_POINT('',(-71.25773148207,50.891050236085,
    -59.28268493969));
#2268 = DIRECTION('',(0.,-1.,0.));
#2269 = DIRECTION('',(-3.4537074E-14,0.,1.));
#2270 = ORIENTED_EDGE('',*,*,#2271,.T.);
#2271 = EDGE_CURVE('',#2263,#2272,#2274,.T.);
#2272 = VERTEX_POINT('',#2273);
#2273 = CARTESIAN_POINT('',(-71.25927122516,50.786838512497,
    -60.82410582948));
#2274 = B_SPLINE_CURVE_WITH_KNOTS('',3,(#2275,#2276,#2277,#2278,#2279),
  .UNSPECIFIED.,.F.,.F.,(4,1,4),(14.398400126972,15.395277263991,
    15.707963267949),.UNSPECIFIED.);
#2275 = CARTESIAN_POINT('',(-72.74838091029,50.891050236085,
    -59.68119878155));
#2276 = CARTESIAN_POINT('',(-72.61595779771,50.86460724875,
    -60.17653022631));
#2277 = CARTESIAN_POINT('',(-72.09315819966,50.829870007554,
    -60.72802309062));
#2278 = CARTESIAN_POINT('',(-71.42035272758,50.795132766358,
    -60.82530976809));
#2279 = CARTESIAN_POINT('',(-71.25927122516,50.786838512497,
    -60.82410582948));
#2280 = ORIENTED_EDGE('',*,*,#2281,.T.);
#2281 = EDGE_CURVE('',#2272,#2253,#2282,.T.);
#2282 = LINE('',#2283,#2284);
#2283 = CARTESIAN_POINT('',(-71.25773148207,51.995261959674,
    -60.82568493969));
#2284 = VECTOR('',#2285,1.);
#2285 = DIRECTION('',(-4.244569310429E-30,-1.,3.445092848398E-16));
#2286 = CYLINDRICAL_SURFACE('',#2287,1.543);
#2287 = AXIS2_PLACEMENT_3D('',#2288,#2289,#2290);
#2288 = CARTESIAN_POINT('',(-71.25773148207,51.995261959674,
    -59.28268493969));
#2289 = DIRECTION('',(0.,-1.,2.22044604925E-16));
#2290 = DIRECTION('',(-0.793012987607,-1.352706233056E-16,
    -0.609204728713));
#2291 = ADVANCED_FACE('',(#2292),#2320,.F.);
#2292 = FACE_BOUND('',#2293,.F.);
#2293 = EDGE_LOOP('',(#2294,#2305,#2314));
#2294 = ORIENTED_EDGE('',*,*,#2295,.F.);
#2295 = EDGE_CURVE('',#2296,#2298,#2300,.T.);
#2296 = VERTEX_POINT('',#2297);
#2297 = CARTESIAN_POINT('',(-70.74088062512,46.05411767968,
    65.187875959711));
#2298 = VERTEX_POINT('',#2299);
#2299 = CARTESIAN_POINT('',(-71.21091340878,46.084469909705,
    65.098540924727));
#2300 = B_SPLINE_CURVE_WITH_KNOTS('',3,(#2301,#2302,#2303,#2304),
  .UNSPECIFIED.,.F.,.F.,(4,4),(-60.78268714045,-60.40126976898),
  .PIECEWISE_BEZIER_KNOTS.);
#2301 = CARTESIAN_POINT('',(-70.73985521758,46.05411767968,
    65.185816791551));
#2302 = CARTESIAN_POINT('',(-70.88852156926,46.064235089688,
    65.126513263195));
#2303 = CARTESIAN_POINT('',(-71.04959413065,46.074352499697,
    65.097803461724));
#2304 = CARTESIAN_POINT('',(-71.21091340878,46.084469909705,
    65.098540924727));
#2305 = ORIENTED_EDGE('',*,*,#2306,.T.);
#2306 = EDGE_CURVE('',#2296,#2307,#2309,.T.);
#2307 = VERTEX_POINT('',#2308);
#2308 = CARTESIAN_POINT('',(-71.21157350126,46.05411767968,
    65.097006423847));
#2309 = CIRCLE('',#2310,1.2645);
#2310 = AXIS2_PLACEMENT_3D('',#2311,#2312,#2313);
#2311 = CARTESIAN_POINT('',(-71.21157350126,46.05411767968,
    66.361506423847));
#2312 = DIRECTION('',(0.,1.,-2.22044604925E-16));
#2313 = DIRECTION('',(0.,2.22044604925E-16,1.));
#2314 = ORIENTED_EDGE('',*,*,#2315,.F.);
#2315 = EDGE_CURVE('',#2298,#2307,#2316,.T.);
#2316 = LINE('',#2317,#2318);
#2317 = CARTESIAN_POINT('',(-71.21157350126,43.697065711105,
    65.097006423847));
#2318 = VECTOR('',#2319,1.);
#2319 = DIRECTION('',(0.,-1.,2.22044604925E-16));
#2320 = CYLINDRICAL_SURFACE('',#2321,1.2645);
#2321 = AXIS2_PLACEMENT_3D('',#2322,#2323,#2324);
#2322 = CARTESIAN_POINT('',(-71.21157350126,43.697065711105,
    66.361506423847));
#2323 = DIRECTION('',(0.,-1.,2.22044604925E-16));
#2324 = DIRECTION('',(0.,2.22044604925E-16,1.));
#2325 = ADVANCED_FACE('',(#2326),#2392,.F.);
#2326 = FACE_BOUND('',#2327,.F.);
#2327 = EDGE_LOOP('',(#2328,#2355,#2356,#2365,#2386));
#2328 = ORIENTED_EDGE('',*,*,#2329,.F.);
#2329 = EDGE_CURVE('',#2298,#2330,#2332,.T.);
#2330 = VERTEX_POINT('',#2331);
#2331 = CARTESIAN_POINT('',(-71.21267835339,46.584469909705,
    65.097626962347));
#2332 = B_SPLINE_CURVE_WITH_KNOTS('',3,(#2333,#2334,#2335,#2336,#2337,
    #2338,#2339,#2340,#2341,#2342,#2343,#2344,#2345,#2346,#2347,#2348,
    #2349,#2350,#2351,#2352,#2353,#2354),.UNSPECIFIED.,.F.,.F.,(4,3,3,3,
    3,3,3,4),(-60.40126976898,-59.81262822114,-58.81575108413,
    -57.81887394711,-56.82199681009,-55.82511967307,-54.82824253605,
    -54.1180844618),.UNSPECIFIED.);
#2333 = CARTESIAN_POINT('',(-71.21091340878,46.084469909705,
    65.098540924727));
#2334 = CARTESIAN_POINT('',(-71.45987750083,46.100084111713,
    65.09967905161));
#2335 = CARTESIAN_POINT('',(-71.70942921684,46.115698313721,
    65.170953961826));
#2336 = CARTESIAN_POINT('',(-71.91487274843,46.131312515729,
    65.308151494117));
#2337 = CARTESIAN_POINT('',(-72.26279579317,46.157755503064,
    65.540498469451));
#2338 = CARTESIAN_POINT('',(-72.48421589513,46.184198490399,
    65.961912525985));
#2339 = CARTESIAN_POINT('',(-72.47804162089,46.210641477734,
    66.380110289868));
#2340 = CARTESIAN_POINT('',(-72.47186734665,46.23708446507,
    66.79830805375));
#2341 = CARTESIAN_POINT('',(-72.2380986962,46.263527452405,
    67.213289524981));
#2342 = CARTESIAN_POINT('',(-71.88352965038,46.28997043974,
    67.435217615356));
#2343 = CARTESIAN_POINT('',(-71.52896060457,46.316413427076,
    67.657145705731));
#2344 = CARTESIAN_POINT('',(-71.05359116339,46.342856414411,
    67.68602041525));
#2345 = CARTESIAN_POINT('',(-70.6747263122,46.369299401746,
    67.508721446068));
#2346 = CARTESIAN_POINT('',(-70.29586146102,46.395742389082,
    67.331422476885));
#2347 = CARTESIAN_POINT('',(-70.01350119984,46.422185376417,
    66.947949829001));
#2348 = CARTESIAN_POINT('',(-69.95669176207,46.448628363752,
    66.533540859893));
#2349 = CARTESIAN_POINT('',(-69.8998823243,46.475071351088,
    66.119131890784));
#2350 = CARTESIAN_POINT('',(-70.06862370994,46.501514338423,
    65.673786600452));
#2351 = CARTESIAN_POINT('',(-70.38579509194,46.527957325758,
    65.401078186068));
#2352 = CARTESIAN_POINT('',(-70.61174251262,46.546794853741,
    65.206805416438));
#2353 = CARTESIAN_POINT('',(-70.91301655037,46.565632381723,
    65.100143993351));
#2354 = CARTESIAN_POINT('',(-71.21267835339,46.584469909705,
    65.097626962347));
#2355 = ORIENTED_EDGE('',*,*,#2315,.T.);
#2356 = ORIENTED_EDGE('',*,*,#2357,.T.);
#2357 = EDGE_CURVE('',#2307,#2358,#2360,.T.);
#2358 = VERTEX_POINT('',#2359);
#2359 = CARTESIAN_POINT('',(-72.44200938932,46.05411767968,
    66.069979794898));
#2360 = CIRCLE('',#2361,1.2645);
#2361 = AXIS2_PLACEMENT_3D('',#2362,#2363,#2364);
#2362 = CARTESIAN_POINT('',(-71.21157350126,46.05411767968,
    66.361506423847));
#2363 = DIRECTION('',(0.,1.,-2.22044604925E-16));
#2364 = DIRECTION('',(0.,2.22044604925E-16,1.));
#2365 = ORIENTED_EDGE('',*,*,#2366,.F.);
#2366 = EDGE_CURVE('',#2367,#2358,#2369,.T.);
#2367 = VERTEX_POINT('',#2368);
#2368 = CARTESIAN_POINT('',(-71.21188179645,46.447630562466,
    65.094957595388));
#2369 = B_SPLINE_CURVE_WITH_KNOTS('',3,(#2370,#2371,#2372,#2373,#2374,
    #2375,#2376,#2377,#2378,#2379,#2380,#2381,#2382,#2383,#2384,#2385),
  .UNSPECIFIED.,.F.,.F.,(4,3,3,3,3,4),(57.858230905594,58.81575108413,
    59.812628221149,60.809505358169,61.806382495188,62.803259632207),
  .UNSPECIFIED.);
#2370 = CARTESIAN_POINT('',(-71.21188179645,46.447630562466,
    65.094957595388));
#2371 = CARTESIAN_POINT('',(-70.81002224435,46.422231550879,
    65.096285188003));
#2372 = CARTESIAN_POINT('',(-70.40699097613,46.396832539291,
    65.304034789196));
#2373 = CARTESIAN_POINT('',(-70.17576155899,46.371433527704,
    65.632547636288));
#2374 = CARTESIAN_POINT('',(-69.93502791753,46.344990540368,
    65.974563349193));
#2375 = CARTESIAN_POINT('',(-69.88050952437,46.318547553033,
    66.447473797382));
#2376 = CARTESIAN_POINT('',(-70.0370310533,46.292104565698,
    66.835464173838));
#2377 = CARTESIAN_POINT('',(-70.19355258224,46.265661578362,
    67.223454550294));
#2378 = CARTESIAN_POINT('',(-70.56111403327,46.239218591027,
    67.526524855016));
#2379 = CARTESIAN_POINT('',(-70.97189999703,46.212775603692,
    67.60544617382));
#2380 = CARTESIAN_POINT('',(-71.38268596079,46.186332616357,
    67.684367492624));
#2381 = CARTESIAN_POINT('',(-71.83669643728,46.159889629021,
    67.53913982551));
#2382 = CARTESIAN_POINT('',(-72.12574531368,46.133446641686,
    67.237759018192));
#2383 = CARTESIAN_POINT('',(-72.41479419008,46.107003654351,
    66.936378210875));
#2384 = CARTESIAN_POINT('',(-72.53888146639,46.080560667015,
    66.478844263355));
#2385 = CARTESIAN_POINT('',(-72.44200938932,46.05411767968,
    66.069979794898));
#2386 = ORIENTED_EDGE('',*,*,#2387,.F.);
#2387 = EDGE_CURVE('',#2330,#2367,#2388,.T.);
#2388 = LINE('',#2389,#2390);
#2389 = CARTESIAN_POINT('',(-71.21157350126,43.697065711105,
    65.097006423847));
#2390 = VECTOR('',#2391,1.);
#2391 = DIRECTION('',(0.,-1.,2.22044604925E-16));
#2392 = CYLINDRICAL_SURFACE('',#2393,1.2645);
#2393 = AXIS2_PLACEMENT_3D('',#2394,#2395,#2396);
#2394 = CARTESIAN_POINT('',(-71.21157350126,43.697065711105,
    66.361506423847));
#2395 = DIRECTION('',(0.,-1.,2.22044604925E-16));
#2396 = DIRECTION('',(0.,2.22044604925E-16,1.));
#2397 = ADVANCED_FACE('',(#2398),#2467,.F.);
#2398 = FACE_BOUND('',#2399,.F.);
#2399 = EDGE_LOOP('',(#2400,#2430,#2431,#2461));
#2400 = ORIENTED_EDGE('',*,*,#2401,.F.);
#2401 = EDGE_CURVE('',#2330,#2402,#2404,.T.);
#2402 = VERTEX_POINT('',#2403);
#2403 = CARTESIAN_POINT('',(-71.21145490231,47.084469909705,
    65.094900225651));
#2404 = B_SPLINE_CURVE_WITH_KNOTS('',3,(#2405,#2406,#2407,#2408,#2409,
    #2410,#2411,#2412,#2413,#2414,#2415,#2416,#2417,#2418,#2419,#2420,
    #2421,#2422,#2423,#2424,#2425,#2426,#2427,#2428,#2429),
  .UNSPECIFIED.,.F.,.F.,(4,3,3,3,3,3,3,3,4),(-54.1180844618,
    -53.83136539903,-52.83448826201,-51.83761112499,-50.84073398797,
    -49.84385685095,-48.84697971393,-47.85010257691,-47.83489915462),
  .UNSPECIFIED.);
#2405 = CARTESIAN_POINT('',(-71.21267835339,46.584469909705,
    65.097626962347));
#2406 = CARTESIAN_POINT('',(-71.33366374302,46.592075369058,
    65.096610736809));
#2407 = CARTESIAN_POINT('',(-71.45438632902,46.599680828411,
    65.112570652032));
#2408 = CARTESIAN_POINT('',(-71.56978261717,46.607286287764,
    65.146594779627));
#2409 = CARTESIAN_POINT('',(-71.97099738207,46.633729275099,
    65.264891326003));
#2410 = CARTESIAN_POINT('',(-72.3078255335,46.660172262435,
    65.601555957189));
#2411 = CARTESIAN_POINT('',(-72.42631362777,46.68661524977,
    66.002712740804));
#2412 = CARTESIAN_POINT('',(-72.54480172203,46.713058237105,
    66.403869524419));
#2413 = CARTESIAN_POINT('',(-72.44494975913,46.739501224441,
    66.869518460463));
#2414 = CARTESIAN_POINT('',(-72.17239662677,46.765944211776,
    67.186822168977));
#2415 = CARTESIAN_POINT('',(-71.89984349442,46.792387199111,
    67.50412587749));
#2416 = CARTESIAN_POINT('',(-71.45458919261,46.818830186447,
    67.673084358474));
#2417 = CARTESIAN_POINT('',(-71.0401475727,46.845273173782,
    67.61647231668));
#2418 = CARTESIAN_POINT('',(-70.62570595278,46.871716161117,
    67.559860274886));
#2419 = CARTESIAN_POINT('',(-70.24207701476,46.898159148453,
    67.277677710315));
#2420 = CARTESIAN_POINT('',(-70.06460684575,46.924602135788,
    66.898902046627));
#2421 = CARTESIAN_POINT('',(-69.88713667673,46.951045123123,
    66.52012638294));
#2422 = CARTESIAN_POINT('',(-69.91582527673,46.977488110459,
    66.044757620137));
#2423 = CARTESIAN_POINT('',(-70.13755995378,47.003931097794,
    65.690073993513));
#2424 = CARTESIAN_POINT('',(-70.35929463084,47.030374085129,
    65.335390366889));
#2425 = CARTESIAN_POINT('',(-70.77407538495,47.056817072465,
    65.101391876445));
#2426 = CARTESIAN_POINT('',(-71.19231728738,47.0832600598,
    65.095032694084));
#2427 = CARTESIAN_POINT('',(-71.19869591523,47.083663343101,
    65.094935709881));
#2428 = CARTESIAN_POINT('',(-71.20507534812,47.084066626403,
    65.094891673329));
#2429 = CARTESIAN_POINT('',(-71.21145490231,47.084469909705,
    65.094900225651));
#2430 = ORIENTED_EDGE('',*,*,#2387,.T.);
#2431 = ORIENTED_EDGE('',*,*,#2432,.F.);
#2432 = EDGE_CURVE('',#2433,#2367,#2435,.T.);
#2433 = VERTEX_POINT('',#2434);
#2434 = CARTESIAN_POINT('',(-71.21043227449,46.947630562466,
    65.097336074875));
#2435 = B_SPLINE_CURVE_WITH_KNOTS('',3,(#2436,#2437,#2438,#2439,#2440,
    #2441,#2442,#2443,#2444,#2445,#2446,#2447,#2448,#2449,#2450,#2451,
    #2452,#2453,#2454,#2455,#2456,#2457,#2458,#2459,#2460),
  .UNSPECIFIED.,.F.,.F.,(4,3,3,3,3,3,3,3,4),(51.575045598414,
    51.837611124996,52.834488262015,53.831365399034,54.828242536054,
    55.825119673073,56.821996810092,57.818873947111,57.858230905594),
  .UNSPECIFIED.);
#2436 = CARTESIAN_POINT('',(-71.21043227449,46.947630562466,
    65.097336074875));
#2437 = CARTESIAN_POINT('',(-71.09970387116,46.940665795559,
    65.096356615218));
#2438 = CARTESIAN_POINT('',(-70.98920769422,46.933701028652,
    65.109700326333));
#2439 = CARTESIAN_POINT('',(-70.88281095238,46.926736261745,
    65.13829670471));
#2440 = CARTESIAN_POINT('',(-70.47885662992,46.90029327441,
    65.246867986618));
#2441 = CARTESIAN_POINT('',(-70.13399474128,46.873850287075,
    65.575303032026));
#2442 = CARTESIAN_POINT('',(-70.00585275535,46.84740729974,
    65.973481118606));
#2443 = CARTESIAN_POINT('',(-69.87771076943,46.820964312404,
    66.371659205186));
#2444 = CARTESIAN_POINT('',(-69.96628868621,46.794521325069,
    66.839580332939));
#2445 = CARTESIAN_POINT('',(-70.23109879012,46.768078337733,
    67.163374918687));
#2446 = CARTESIAN_POINT('',(-70.49590889404,46.741635350398,
    67.487169504436));
#2447 = CARTESIAN_POINT('',(-70.93695118507,46.715192363063,
    67.66683754818));
#2448 = CARTESIAN_POINT('',(-71.35263979319,46.688749375728,
    67.620248796317));
#2449 = CARTESIAN_POINT('',(-71.76832840131,46.662306388392,
    67.573660044454));
#2450 = CARTESIAN_POINT('',(-72.15866332651,46.635863401057,
    67.300814496984));
#2451 = CARTESIAN_POINT('',(-72.34522812938,46.609420413722,
    66.92644083237));
#2452 = CARTESIAN_POINT('',(-72.53179293224,46.582977426386,
    66.552067167757));
#2453 = CARTESIAN_POINT('',(-72.51458761277,46.556534439051,66.076165386
    ));
#2454 = CARTESIAN_POINT('',(-72.30148673414,46.530091451716,
    65.716218889105));
#2455 = CARTESIAN_POINT('',(-72.08838585552,46.50364846438,
    65.35627239221));
#2456 = CARTESIAN_POINT('',(-71.67938941773,46.477205477045,
    65.112281180176));
#2457 = CARTESIAN_POINT('',(-71.26141675397,46.45076248971,
    65.095846062969));
#2458 = CARTESIAN_POINT('',(-71.24491508875,46.449718513962,
    65.095197200435));
#2459 = CARTESIAN_POINT('',(-71.22839943238,46.448674538214,
    65.09490302734));
#2460 = CARTESIAN_POINT('',(-71.21188179645,46.447630562466,
    65.094957595388));
#2461 = ORIENTED_EDGE('',*,*,#2462,.F.);
#2462 = EDGE_CURVE('',#2402,#2433,#2463,.T.);
#2463 = LINE('',#2464,#2465);
#2464 = CARTESIAN_POINT('',(-71.21157350126,43.697065711105,
    65.097006423847));
#2465 = VECTOR('',#2466,1.);
#2466 = DIRECTION('',(0.,-1.,2.22044604925E-16));
#2467 = CYLINDRICAL_SURFACE('',#2468,1.2645);
#2468 = AXIS2_PLACEMENT_3D('',#2469,#2470,#2471);
#2469 = CARTESIAN_POINT('',(-71.21157350126,43.697065711105,
    66.361506423847));
#2470 = DIRECTION('',(0.,-1.,2.22044604925E-16));
#2471 = DIRECTION('',(0.,2.22044604925E-16,1.));
#2472 = ADVANCED_FACE('',(#2473),#2536,.F.);
#2473 = FACE_BOUND('',#2474,.F.);
#2474 = EDGE_LOOP('',(#2475,#2502,#2503,#2530));
#2475 = ORIENTED_EDGE('',*,*,#2476,.F.);
#2476 = EDGE_CURVE('',#2402,#2477,#2479,.T.);
#2477 = VERTEX_POINT('',#2478);
#2478 = CARTESIAN_POINT('',(-71.21054835359,47.584469909705,
    65.097969638643));
#2479 = B_SPLINE_CURVE_WITH_KNOTS('',3,(#2480,#2481,#2482,#2483,#2484,
    #2485,#2486,#2487,#2488,#2489,#2490,#2491,#2492,#2493,#2494,#2495,
    #2496,#2497,#2498,#2499,#2500,#2501),.UNSPECIFIED.,.F.,.F.,(4,3,3,3,
    3,3,3,4),(-47.83489915462,-46.8532254399,-45.85634830288,
    -44.85947116586,-43.86259402884,-42.86571689182,-41.8688397548,
    -41.55171384744),.UNSPECIFIED.);
#2480 = CARTESIAN_POINT('',(-71.21145490231,47.084469909705,
    65.094900225651));
#2481 = CARTESIAN_POINT('',(-71.62337799051,47.110509613739,
    65.095452442713));
#2482 = CARTESIAN_POINT('',(-72.03580681828,47.136549317772,
    65.315257623245));
#2483 = CARTESIAN_POINT('',(-72.26467757592,47.162589021806,
    65.657732057085));
#2484 = CARTESIAN_POINT('',(-72.49709291128,47.189032009141,
    66.005510476723));
#2485 = CARTESIAN_POINT('',(-72.54022053127,47.215474996477,
    66.479787190276));
#2486 = CARTESIAN_POINT('',(-72.37434797638,47.241917983812,
    66.863783312326));
#2487 = CARTESIAN_POINT('',(-72.20847542149,47.268360971147,
    67.247779434376));
#2488 = CARTESIAN_POINT('',(-71.83360269173,47.294803958482,
    67.541494964922));
#2489 = CARTESIAN_POINT('',(-71.42107382007,47.321246945818,
    67.610680614561));
#2490 = CARTESIAN_POINT('',(-71.00854494842,47.347689933153,
    67.6798662642));
#2491 = CARTESIAN_POINT('',(-70.55835993488,47.374132920488,
    67.524522032931));
#2492 = CARTESIAN_POINT('',(-70.27628598245,47.400575907824,
    67.21565149619));
#2493 = CARTESIAN_POINT('',(-69.99421203002,47.427018895159,
    66.906780959448));
#2494 = CARTESIAN_POINT('',(-69.8802491387,47.453461882494,
    66.444384117233));
#2495 = CARTESIAN_POINT('',(-69.98648661707,47.47990486983,
    66.039809869041));
#2496 = CARTESIAN_POINT('',(-70.09272409544,47.506347857165,
    65.635235620849));
#2497 = CARTESIAN_POINT('',(-70.41916194349,47.5327908445,
    65.288483966679));
#2498 = CARTESIAN_POINT('',(-70.81659438621,47.559233831836,
    65.158045562498));
#2499 = CARTESIAN_POINT('',(-70.94302533675,47.567645857792,
    65.116550582079));
#2500 = CARTESIAN_POINT('',(-71.07664093468,47.576057883748,
    65.096946485506));
#2501 = CARTESIAN_POINT('',(-71.21054835359,47.584469909705,
    65.097969638643));
#2502 = ORIENTED_EDGE('',*,*,#2462,.T.);
#2503 = ORIENTED_EDGE('',*,*,#2504,.F.);
#2504 = EDGE_CURVE('',#2505,#2433,#2507,.T.);
#2505 = VERTEX_POINT('',#2506);
#2506 = CARTESIAN_POINT('',(-71.21201933653,47.447630562466,
    65.09887271563));
#2507 = B_SPLINE_CURVE_WITH_KNOTS('',3,(#2508,#2509,#2510,#2511,#2512,
    #2513,#2514,#2515,#2516,#2517,#2518,#2519,#2520,#2521,#2522,#2523,
    #2524,#2525,#2526,#2527,#2528,#2529),.UNSPECIFIED.,.F.,.F.,(4,3,3,3,
    3,3,3,4),(45.291860291234,45.856348302881,46.8532254399,
    47.850102576919,48.846979713939,49.843856850958,50.840733987977,
    51.575045598414),.UNSPECIFIED.);
#2508 = CARTESIAN_POINT('',(-71.21201933653,47.447630562466,
    65.09887271563));
#2509 = CARTESIAN_POINT('',(-70.97323421946,47.432657052904,
    65.099629874294));
#2510 = CARTESIAN_POINT('',(-70.73406664378,47.417683543343,
    65.164670660148));
#2511 = CARTESIAN_POINT('',(-70.53395292261,47.402710033781,
    65.291386535148));
#2512 = CARTESIAN_POINT('',(-70.1805551722,47.376267046446,
    65.515164819325));
#2513 = CARTESIAN_POINT('',(-69.94895474096,47.349824059111,
    65.931289303765));
#2514 = CARTESIAN_POINT('',(-69.94500983223,47.323381071775,
    66.349560889225));
#2515 = CARTESIAN_POINT('',(-69.9410649235,47.29693808444,
    66.767832474686));
#2516 = CARTESIAN_POINT('',(-70.16477553729,47.270495097105,
    67.188251161166));
#2517 = CARTESIAN_POINT('',(-70.51388968132,47.244052109769,
    67.418655169001));
#2518 = CARTESIAN_POINT('',(-70.86300382535,47.217609122434,
    67.649059176837));
#2519 = CARTESIAN_POINT('',(-71.33752149963,47.191166135099,
    67.689448506027));
#2520 = CARTESIAN_POINT('',(-71.72055373931,47.164723147763,
    67.521362189947));
#2521 = CARTESIAN_POINT('',(-72.10358597898,47.138280160428,
    67.353275873868));
#2522 = CARTESIAN_POINT('',(-72.39513278404,47.111837173093,
    66.976713912517));
#2523 = CARTESIAN_POINT('',(-72.46193605295,47.085394185757,
    66.563792670978));
#2524 = CARTESIAN_POINT('',(-72.52873932187,47.058951198422,
    66.150871429439));
#2525 = CARTESIAN_POINT('',(-72.37079905462,47.032508211087,
    65.701590907712));
#2526 = CARTESIAN_POINT('',(-72.06030554286,47.006065223751,
    65.421304406053));
#2527 = CARTESIAN_POINT('',(-71.83159231213,46.986587003323,
    65.214842019893));
#2528 = CARTESIAN_POINT('',(-71.52010412375,46.967108782894,
    65.100075309561));
#2529 = CARTESIAN_POINT('',(-71.21043227449,46.947630562466,
    65.097336074875));
#2530 = ORIENTED_EDGE('',*,*,#2531,.F.);
#2531 = EDGE_CURVE('',#2477,#2505,#2532,.T.);
#2532 = LINE('',#2533,#2534);
#2533 = CARTESIAN_POINT('',(-71.21157350126,43.697065711105,
    65.097006423847));
#2534 = VECTOR('',#2535,1.);
#2535 = DIRECTION('',(0.,-1.,2.22044604925E-16));
#2536 = CYLINDRICAL_SURFACE('',#2537,1.2645);
#2537 = AXIS2_PLACEMENT_3D('',#2538,#2539,#2540);
#2538 = CARTESIAN_POINT('',(-71.21157350126,43.697065711105,
    66.361506423847));
#2539 = DIRECTION('',(0.,-1.,2.22044604925E-16));
#2540 = DIRECTION('',(0.,2.22044604925E-16,1.));
#2541 = ADVANCED_FACE('',(#2542),#2605,.F.);
#2542 = FACE_BOUND('',#2543,.F.);
#2543 = EDGE_LOOP('',(#2544,#2571,#2572,#2599));
#2544 = ORIENTED_EDGE('',*,*,#2545,.F.);
#2545 = EDGE_CURVE('',#2477,#2546,#2548,.T.);
#2546 = VERTEX_POINT('',#2547);
#2547 = CARTESIAN_POINT('',(-71.21233924771,48.084469909705,
    65.098535911015));
#2548 = B_SPLINE_CURVE_WITH_KNOTS('',3,(#2549,#2550,#2551,#2552,#2553,
    #2554,#2555,#2556,#2557,#2558,#2559,#2560,#2561,#2562,#2563,#2564,
    #2565,#2566,#2567,#2568,#2569,#2570),.UNSPECIFIED.,.F.,.F.,(4,3,3,3,
    3,3,3,4),(-41.55171384744,-40.87196261778,-39.87508548076,
    -38.87820834374,-37.88133120672,-36.8844540697,-35.88757693269,
    -35.26852854026),.UNSPECIFIED.);
#2549 = CARTESIAN_POINT('',(-71.21054835359,47.584469909705,
    65.097969638643));
#2550 = CARTESIAN_POINT('',(-71.49757546351,47.602500871084,
    65.100162741089));
#2551 = CARTESIAN_POINT('',(-71.78594333971,47.620531832463,
    65.197127371848));
#2552 = CARTESIAN_POINT('',(-72.00777036542,47.638562793842,
    65.376419067187));
#2553 = CARTESIAN_POINT('',(-72.33308686454,47.665005781177,
    65.639356130251));
#2554 = CARTESIAN_POINT('',(-72.5152928254,47.691448768512,
    66.079355410571));
#2555 = CARTESIAN_POINT('',(-72.47110690757,47.717891755848,
    66.495305321628));
#2556 = CARTESIAN_POINT('',(-72.42692098975,47.744334743183,
    66.911255232685));
#2557 = CARTESIAN_POINT('',(-72.15634319324,47.770777730518,
    67.303155774478));
#2558 = CARTESIAN_POINT('',(-71.78304719731,47.797220717853,
    67.491879973296));
#2559 = CARTESIAN_POINT('',(-71.40975120137,47.823663705189,
    67.680604172114));
#2560 = CARTESIAN_POINT('',(-70.93373700601,47.850106692524,
    67.666152027958));
#2561 = CARTESIAN_POINT('',(-70.57257762587,47.876549679859,
    67.455129218907));
#2562 = CARTESIAN_POINT('',(-70.21141824574,47.902992667195,
    67.244106409856));
#2563 = CARTESIAN_POINT('',(-69.96511368084,47.92943565453,
    66.83651293591));
#2564 = CARTESIAN_POINT('',(-69.9462429829,47.955878641865,
    66.418648579249));
#2565 = CARTESIAN_POINT('',(-69.92737228496,47.982321629201,
    66.000784222587));
#2566 = CARTESIAN_POINT('',(-70.13593545397,48.008764616536,
    65.57264898321));
#2567 = CARTESIAN_POINT('',(-70.4766039937,48.035207603871,
    65.329931720027));
#2568 = CARTESIAN_POINT('',(-70.68815495021,48.051628372482,
    65.179207296719));
#2569 = CARTESIAN_POINT('',(-70.95064912798,48.068049141094,
    65.099984803534));
#2570 = CARTESIAN_POINT('',(-71.21233924771,48.084469909705,
    65.098535911015));
#2571 = ORIENTED_EDGE('',*,*,#2531,.T.);
#2572 = ORIENTED_EDGE('',*,*,#2573,.F.);
#2573 = EDGE_CURVE('',#2574,#2505,#2576,.T.);
#2574 = VERTEX_POINT('',#2575);
#2575 = CARTESIAN_POINT('',(-71.21245422004,47.947630562466,
    65.095708707292));
#2576 = B_SPLINE_CURVE_WITH_KNOTS('',3,(#2577,#2578,#2579,#2580,#2581,
    #2582,#2583,#2584,#2585,#2586,#2587,#2588,#2589,#2590,#2591,#2592,
    #2593,#2594,#2595,#2596,#2597,#2598),.UNSPECIFIED.,.F.,.F.,(4,3,3,3,
    3,3,3,4),(39.008674984055,39.875085480766,40.871962617785,
    41.868839754804,42.865716891824,43.862594028843,44.859471165862,
    45.291860291234),.UNSPECIFIED.);
#2577 = CARTESIAN_POINT('',(-71.21245422004,47.947630562466,
    65.095708707292));
#2578 = CARTESIAN_POINT('',(-70.84828303643,47.92464831025,
    65.098599215354));
#2579 = CARTESIAN_POINT('',(-70.48181736154,47.901666058033,
    65.26426072505));
#2580 = CARTESIAN_POINT('',(-70.24639714284,47.878683805817,
    65.541286443638));
#2581 = CARTESIAN_POINT('',(-69.97552665535,47.852240818481,
    65.860027509536));
#2582 = CARTESIAN_POINT('',(-69.87813952913,47.825797831146,
    66.326197092574));
#2583 = CARTESIAN_POINT('',(-69.99874874487,47.799354843811,
    66.726721879636));
#2584 = CARTESIAN_POINT('',(-70.11935796061,47.772911856476,
    67.127246666698));
#2585 = CARTESIAN_POINT('',(-70.45796351831,47.74646886914,
    67.462126657784));
#2586 = CARTESIAN_POINT('',(-70.85979811736,47.720025881805,
    67.578297407346));
#2587 = CARTESIAN_POINT('',(-71.26163271641,47.69358289447,
    67.694468156907));
#2588 = CARTESIAN_POINT('',(-71.72669635681,47.667139907134,
    67.591929664945));
#2589 = CARTESIAN_POINT('',(-72.04242122218,47.640696919799,
    67.317549458409));
#2590 = CARTESIAN_POINT('',(-72.35814608755,47.614253932464,
    67.043169251873));
#2591 = CARTESIAN_POINT('',(-72.52453217789,47.587810945128,
    66.596947330762));
#2592 = CARTESIAN_POINT('',(-72.46552898038,47.561367957793,
    66.182839482456));
#2593 = CARTESIAN_POINT('',(-72.40652578287,47.534924970458,
    65.768731634149));
#2594 = CARTESIAN_POINT('',(-72.12213329751,47.508481983122,
    65.386737858646));
#2595 = CARTESIAN_POINT('',(-71.74233952005,47.482038995787,
    65.211457012852));
#2596 = CARTESIAN_POINT('',(-71.57760638177,47.470569518013,
    65.135430059486));
#2597 = CARTESIAN_POINT('',(-71.39492505958,47.45910004024,
    65.098292743751));
#2598 = CARTESIAN_POINT('',(-71.21201933653,47.447630562466,
    65.09887271563));
#2599 = ORIENTED_EDGE('',*,*,#2600,.F.);
#2600 = EDGE_CURVE('',#2546,#2574,#2601,.T.);
#2601 = LINE('',#2602,#2603);
#2602 = CARTESIAN_POINT('',(-71.21157350126,43.697065711105,
    65.097006423847));
#2603 = VECTOR('',#2604,1.);
#2604 = DIRECTION('',(0.,-1.,2.22044604925E-16));
#2605 = CYLINDRICAL_SURFACE('',#2606,1.2645);
#2606 = AXIS2_PLACEMENT_3D('',#2607,#2608,#2609);
#2607 = CARTESIAN_POINT('',(-71.21157350126,43.697065711105,
    66.361506423847));
#2608 = DIRECTION('',(0.,-1.,2.22044604925E-16));
#2609 = DIRECTION('',(0.,2.22044604925E-16,1.));
#2610 = ADVANCED_FACE('',(#2611),#2677,.F.);
#2611 = FACE_BOUND('',#2612,.F.);
#2612 = EDGE_LOOP('',(#2613,#2640,#2641,#2671));
#2613 = ORIENTED_EDGE('',*,*,#2614,.F.);
#2614 = EDGE_CURVE('',#2546,#2615,#2617,.T.);
#2615 = VERTEX_POINT('',#2616);
#2616 = CARTESIAN_POINT('',(-71.21213715015,48.584469909705,
    65.09519672407));
#2617 = B_SPLINE_CURVE_WITH_KNOTS('',3,(#2618,#2619,#2620,#2621,#2622,
    #2623,#2624,#2625,#2626,#2627,#2628,#2629,#2630,#2631,#2632,#2633,
    #2634,#2635,#2636,#2637,#2638,#2639),.UNSPECIFIED.,.F.,.F.,(4,3,3,3,
    3,3,3,4),(-35.26852854026,-34.89069979567,-33.89382265865,
    -32.89694552163,-31.90006838461,-30.90319124759,-29.90631411057,
    -28.98534323308),.UNSPECIFIED.);
#2618 = CARTESIAN_POINT('',(-71.21233924771,48.084469909705,
    65.098535911015));
#2619 = CARTESIAN_POINT('',(-71.37205866646,48.094492128429,
    65.097651596883));
#2620 = CARTESIAN_POINT('',(-71.53147856358,48.104514347153,
    65.125738917152));
#2621 = CARTESIAN_POINT('',(-71.67883375555,48.114536565877,
    65.184223789395));
#2622 = CARTESIAN_POINT('',(-72.06762106725,48.140979553213,
    65.338532408933));
#2623 = CARTESIAN_POINT('',(-72.37242178022,48.167422540548,
    65.704448934998));
#2624 = CARTESIAN_POINT('',(-72.4539198601,48.193865527883,
    66.114722973637));
#2625 = CARTESIAN_POINT('',(-72.53541793998,48.220308515218,
    66.524997012277));
#2626 = CARTESIAN_POINT('',(-72.39361338676,48.246751502554,
    66.97962856349));
#2627 = CARTESIAN_POINT('',(-72.09332116697,48.273194489889,
    67.270818031949));
#2628 = CARTESIAN_POINT('',(-71.79302894719,48.299637477225,
    67.562007500408));
#2629 = CARTESIAN_POINT('',(-71.33424906084,48.32608046456,
    67.689754886111));
#2630 = CARTESIAN_POINT('',(-70.92667719331,48.352523451895,
    67.595670367712));
#2631 = CARTESIAN_POINT('',(-70.51910532578,48.37896643923,
    67.501585849312));
#2632 = CARTESIAN_POINT('',(-70.16274147707,48.405409426566,
    67.18566942681));
#2633 = CARTESIAN_POINT('',(-70.02046977468,48.431852413901,
    66.792317820097));
#2634 = CARTESIAN_POINT('',(-69.87819807229,48.458295401236,
    66.398966213385));
#2635 = CARTESIAN_POINT('',(-69.95001851622,48.484738388572,
    65.928179422462));
#2636 = CARTESIAN_POINT('',(-70.20310395413,48.511181375907,
    65.595141159018));
#2637 = CARTESIAN_POINT('',(-70.43691844258,48.535610887173,
    65.287461776744));
#2638 = CARTESIAN_POINT('',(-70.82544438378,48.560040398439,
    65.097352115636));
#2639 = CARTESIAN_POINT('',(-71.21213715015,48.584469909705,
    65.09519672407));
#2640 = ORIENTED_EDGE('',*,*,#2600,.T.);
#2641 = ORIENTED_EDGE('',*,*,#2642,.F.);
#2642 = EDGE_CURVE('',#2643,#2574,#2645,.T.);
#2643 = VERTEX_POINT('',#2644);
#2644 = CARTESIAN_POINT('',(-71.21052921829,48.447630562466,
    65.096186430505));
#2645 = B_SPLINE_CURVE_WITH_KNOTS('',3,(#2646,#2647,#2648,#2649,#2650,
    #2651,#2652,#2653,#2654,#2655,#2656,#2657,#2658,#2659,#2660,#2661,
    #2662,#2663,#2664,#2665,#2666,#2667,#2668,#2669,#2670),
  .UNSPECIFIED.,.F.,.F.,(4,3,3,3,3,3,3,3,4),(32.725489676875,
    32.896945521632,33.893822658651,34.89069979567,35.88757693269,
    36.884454069709,37.881331206728,38.878208343747,39.008674984055),
  .UNSPECIFIED.);
#2646 = CARTESIAN_POINT('',(-71.21052921829,48.447630562466,
    65.096186430505));
#2647 = CARTESIAN_POINT('',(-71.13839181275,48.44308255493,
    65.095544914073));
#2648 = CARTESIAN_POINT('',(-71.06635465941,48.438534547394,
    65.101183648844));
#2649 = CARTESIAN_POINT('',(-70.99546656204,48.433986539858,
    65.113458344025));
#2650 = CARTESIAN_POINT('',(-70.58330957982,48.407543552523,
    65.184825773971));
#2651 = CARTESIAN_POINT('',(-70.20999623265,48.381100565188,
    65.48052067948));
#2652 = CARTESIAN_POINT('',(-70.04615779824,48.354657577852,
    65.865389040683));
#2653 = CARTESIAN_POINT('',(-69.88231936383,48.328214590517,
    66.250257401887));
#2654 = CARTESIAN_POINT('',(-69.92795584217,48.301771603182,
    66.724299218784));
#2655 = CARTESIAN_POINT('',(-70.16220805246,48.275328615846,
    67.07084299671));
#2656 = CARTESIAN_POINT('',(-70.39646026275,48.248885628511,
    67.417386774636));
#2657 = CARTESIAN_POINT('',(-70.81932820498,48.222442641176,
    67.636432513591));
#2658 = CARTESIAN_POINT('',(-71.23753055708,48.195999653841,
    67.62786042253));
#2659 = CARTESIAN_POINT('',(-71.65573290918,48.169556666505,
    67.619288331468));
#2660 = CARTESIAN_POINT('',(-72.06926967114,48.14311367917,
    67.383098410391));
#2661 = CARTESIAN_POINT('',(-72.28912454712,48.116670691835,
    67.027246585105));
#2662 = CARTESIAN_POINT('',(-72.50897942309,48.090227704499,
    66.67139475982));
#2663 = CARTESIAN_POINT('',(-72.53515241308,48.063784717164,
    66.195881030327));
#2664 = CARTESIAN_POINT('',(-72.35568056221,48.037341729829,
    65.818049662146));
#2665 = CARTESIAN_POINT('',(-72.17620871133,48.010898742493,
    65.440218293965));
#2666 = CARTESIAN_POINT('',(-71.79109201959,47.984455755158,
    65.160069287096));
#2667 = CARTESIAN_POINT('',(-71.37635674934,47.958012767823,
    65.10565105804));
#2668 = CARTESIAN_POINT('',(-71.32207812732,47.954552032704,
    65.098529053479));
#2669 = CARTESIAN_POINT('',(-71.26729218773,47.951091297585,
    65.095273446089));
#2670 = CARTESIAN_POINT('',(-71.21245422004,47.947630562466,
    65.095708707292));
#2671 = ORIENTED_EDGE('',*,*,#2672,.F.);
#2672 = EDGE_CURVE('',#2615,#2643,#2673,.T.);
#2673 = LINE('',#2674,#2675);
#2674 = CARTESIAN_POINT('',(-71.21157350126,43.697065711105,
    65.097006423847));
#2675 = VECTOR('',#2676,1.);
#2676 = DIRECTION('',(0.,-1.,2.22044604925E-16));
#2677 = CYLINDRICAL_SURFACE('',#2678,1.2645);
#2678 = AXIS2_PLACEMENT_3D('',#2679,#2680,#2681);
#2679 = CARTESIAN_POINT('',(-71.21157350126,43.697065711105,
    66.361506423847));
#2680 = DIRECTION('',(0.,-1.,2.22044604925E-16));
#2681 = DIRECTION('',(0.,2.22044604925E-16,1.));
#2682 = ADVANCED_FACE('',(#2683),#2749,.F.);
#2683 = FACE_BOUND('',#2684,.F.);
#2684 = EDGE_LOOP('',(#2685,#2715,#2716,#2743));
#2685 = ORIENTED_EDGE('',*,*,#2686,.F.);
#2686 = EDGE_CURVE('',#2615,#2687,#2689,.T.);
#2687 = VERTEX_POINT('',#2688);
#2688 = CARTESIAN_POINT('',(-71.21042599997,49.084469909705,
    65.096875880172));
#2689 = B_SPLINE_CURVE_WITH_KNOTS('',3,(#2690,#2691,#2692,#2693,#2694,
    #2695,#2696,#2697,#2698,#2699,#2700,#2701,#2702,#2703,#2704,#2705,
    #2706,#2707,#2708,#2709,#2710,#2711,#2712,#2713,#2714),
  .UNSPECIFIED.,.F.,.F.,(4,3,3,3,3,3,3,3,4),(-28.98534323308,
    -28.90943697355,-27.91255983653,-26.91568269951,-25.91880556249,
    -24.92192842547,-23.92505128846,-22.92817415144,-22.7021579259),
  .UNSPECIFIED.);
#2690 = CARTESIAN_POINT('',(-71.21213715015,48.584469909705,
    65.09519672407));
#2691 = CARTESIAN_POINT('',(-71.2440083007,48.586483385774,
    65.095019077072));
#2692 = CARTESIAN_POINT('',(-71.27586699843,48.588496861844,
    65.096118208639));
#2693 = CARTESIAN_POINT('',(-71.30762559713,48.590510337913,
    65.098533525683));
#2694 = CARTESIAN_POINT('',(-71.7247113703,48.616953325248,
    65.130253891757));
#2695 = CARTESIAN_POINT('',(-72.12453248473,48.643396312583,
    65.388984359871));
#2696 = CARTESIAN_POINT('',(-72.32434169034,48.669839299919,
    65.756466339236));
#2697 = CARTESIAN_POINT('',(-72.52415089595,48.696282287254,
    66.1239483186));
#2698 = CARTESIAN_POINT('',(-72.52394819274,48.72272527459,
    66.600181809216));
#2699 = CARTESIAN_POINT('',(-72.32382623078,48.749168261925,
    66.967493562562));
#2700 = CARTESIAN_POINT('',(-72.12370426882,48.77561124926,
    67.334805315909));
#2701 = CARTESIAN_POINT('',(-71.72366304813,48.802054236595,
    67.593195331986));
#2702 = CARTESIAN_POINT('',(-71.30655042328,48.828497223931,
    67.624560631278));
#2703 = CARTESIAN_POINT('',(-70.88943779843,48.854940211266,
    67.655925930569));
#2704 = CARTESIAN_POINT('',(-70.45525376942,48.881383198601,
    67.460266513075));
#2705 = CARTESIAN_POINT('',(-70.20245193084,48.907826185937,
    67.127012924637));
#2706 = CARTESIAN_POINT('',(-69.94965009226,48.934269173272,
    66.793759336199));
#2707 = CARTESIAN_POINT('',(-69.8782304441,48.960712160607,
    66.322911576818));
#2708 = CARTESIAN_POINT('',(-70.02083694587,48.987155147943,
    65.929681225172));
#2709 = CARTESIAN_POINT('',(-70.16344344763,49.013598135278,
    65.536450873527));
#2710 = CARTESIAN_POINT('',(-70.52007609933,49.040041122613,
    65.220837929618));
#2711 = CARTESIAN_POINT('',(-70.92772791117,49.066484109949,
    65.127100401644));
#2712 = CARTESIAN_POINT('',(-71.02015246423,49.072479376534,
    65.105847830513));
#2713 = CARTESIAN_POINT('',(-71.11519960045,49.078474643119,
    65.0960005183));
#2714 = CARTESIAN_POINT('',(-71.21042599997,49.084469909705,
    65.096875880172));
#2715 = ORIENTED_EDGE('',*,*,#2672,.T.);
#2716 = ORIENTED_EDGE('',*,*,#2717,.F.);
#2717 = EDGE_CURVE('',#2718,#2643,#2720,.T.);
#2718 = VERTEX_POINT('',#2719);
#2719 = CARTESIAN_POINT('',(-71.21140059168,48.947630562466,
    65.099000151209));
#2720 = B_SPLINE_CURVE_WITH_KNOTS('',3,(#2721,#2722,#2723,#2724,#2725,
    #2726,#2727,#2728,#2729,#2730,#2731,#2732,#2733,#2734,#2735,#2736,
    #2737,#2738,#2739,#2740,#2741,#2742),.UNSPECIFIED.,.F.,.F.,(4,3,3,3,
    3,3,3,4),(26.442304369696,26.915682699517,27.912559836536,
    28.909436973556,29.906314110575,30.903191247594,31.900068384613,
    32.725489676875),.UNSPECIFIED.);
#2721 = CARTESIAN_POINT('',(-71.21140059168,48.947630562466,
    65.099000151209));
#2722 = CARTESIAN_POINT('',(-71.01110547471,48.935073812275,
    65.098755300656));
#2723 = CARTESIAN_POINT('',(-70.81091400638,48.922517062085,
    65.143618092132));
#2724 = CARTESIAN_POINT('',(-70.63412688192,48.909960311894,
    65.234172568886));
#2725 = CARTESIAN_POINT('',(-70.26183471857,48.883517324559,
    65.424869273498));
#2726 = CARTESIAN_POINT('',(-69.99333434375,48.857074337224,
    65.818195958382));
#2727 = CARTESIAN_POINT('',(-69.95134990428,48.830631349888,
    66.234373798838));
#2728 = CARTESIAN_POINT('',(-69.90936546481,48.804188362553,
    66.650551639294));
#2729 = CARTESIAN_POINT('',(-70.09389696068,48.777745375217,
    67.089580635322));
#2730 = CARTESIAN_POINT('',(-70.4206001134,48.751302387882,
    67.350792691029));
#2731 = CARTESIAN_POINT('',(-70.74730326613,48.724859400547,
    67.612004746736));
#2732 = CARTESIAN_POINT('',(-71.2161780757,48.698416413212,
    67.695399862121));
#2733 = CARTESIAN_POINT('',(-71.61291474459,48.671973425876,
    67.562860420441));
#2734 = CARTESIAN_POINT('',(-72.00965141348,48.645530438541,
    67.430320978761));
#2735 = CARTESIAN_POINT('',(-72.3342499417,48.619087451206,
    67.081846980015));
#2736 = CARTESIAN_POINT('',(-72.43834525728,48.59264446387,
    66.676716317983));
#2737 = CARTESIAN_POINT('',(-72.54244057286,48.566201476535,
    66.27158565595));
#2738 = CARTESIAN_POINT('',(-72.42603267581,48.5397584892,65.80979833063
    ));
#2739 = CARTESIAN_POINT('',(-72.14232841866,48.513315501864,
    65.502424645162));
#2740 = CARTESIAN_POINT('',(-71.90741929509,48.491420522065,
    65.247917068206));
#2741 = CARTESIAN_POINT('',(-71.55781251206,48.469525542265,
    65.099274813542));
#2742 = CARTESIAN_POINT('',(-71.21052921829,48.447630562466,
    65.096186430505));
#2743 = ORIENTED_EDGE('',*,*,#2744,.F.);
#2744 = EDGE_CURVE('',#2687,#2718,#2745,.T.);
#2745 = LINE('',#2746,#2747);
#2746 = CARTESIAN_POINT('',(-71.21157350126,43.697065711105,
    65.097006423847));
#2747 = VECTOR('',#2748,1.);
#2748 = DIRECTION('',(0.,-1.,2.22044604925E-16));
#2749 = CYLINDRICAL_SURFACE('',#2750,1.2645);
#2750 = AXIS2_PLACEMENT_3D('',#2751,#2752,#2753);
#2751 = CARTESIAN_POINT('',(-71.21157350126,43.697065711105,
    66.361506423847));
#2752 = DIRECTION('',(0.,-1.,2.22044604925E-16));
#2753 = DIRECTION('',(0.,2.22044604925E-16,1.));
#2754 = ADVANCED_FACE('',(#2755),#2818,.F.);
#2755 = FACE_BOUND('',#2756,.F.);
#2756 = EDGE_LOOP('',(#2757,#2784,#2785,#2812));
#2757 = ORIENTED_EDGE('',*,*,#2758,.F.);
#2758 = EDGE_CURVE('',#2687,#2759,#2761,.T.);
#2759 = VERTEX_POINT('',#2760);
#2760 = CARTESIAN_POINT('',(-71.21177676408,49.584469909705,
    65.098991692653));
#2761 = B_SPLINE_CURVE_WITH_KNOTS('',3,(#2762,#2763,#2764,#2765,#2766,
    #2767,#2768,#2769,#2770,#2771,#2772,#2773,#2774,#2775,#2776,#2777,
    #2778,#2779,#2780,#2781,#2782,#2783),.UNSPECIFIED.,.F.,.F.,(4,3,3,3,
    3,3,3,4),(-22.7021579259,-21.93129701442,-20.9344198774,
    -19.93754274038,-18.94066560336,-17.94378846634,-16.94691132932,
    -16.41897261872),.UNSPECIFIED.);
#2762 = CARTESIAN_POINT('',(-71.21042599997,49.084469909705,
    65.096875880172));
#2763 = CARTESIAN_POINT('',(-71.5352093599,49.104917630455,65.099861428)
  );
#2764 = CARTESIAN_POINT('',(-71.86207799886,49.125365351205,
    65.227578410706));
#2765 = CARTESIAN_POINT('',(-72.09409492312,49.145813071954,
    65.452945756246));
#2766 = CARTESIAN_POINT('',(-72.39413915126,49.17225605929,
    65.744390750864));
#2767 = CARTESIAN_POINT('',(-72.53555663559,49.198699046625,
    66.19914285214));
#2768 = CARTESIAN_POINT('',(-72.45370932883,49.225142033961,
    66.609347364772));
#2769 = CARTESIAN_POINT('',(-72.37186202207,49.251585021296,
    67.019551877404));
#2770 = CARTESIAN_POINT('',(-72.06674992423,49.278028008631,
    67.385208801391));
#2771 = CARTESIAN_POINT('',(-71.67783139368,49.304470995966,
    67.539186399452));
#2772 = CARTESIAN_POINT('',(-71.28891286313,49.330913983302,
    67.693163997513));
#2773 = CARTESIAN_POINT('',(-70.81618789987,49.357356970637,
    67.635462269649));
#2774 = CARTESIAN_POINT('',(-70.47572610396,49.383799957972,
    67.392455091501));
#2775 = CARTESIAN_POINT('',(-70.13526430805,49.410242945308,
    67.149447913353));
#2776 = CARTESIAN_POINT('',(-69.92706567948,49.436685932643,
    66.721135284923));
#2777 = CARTESIAN_POINT('',(-69.94629208682,49.463128919978,
    66.303287143459));
#2778 = CARTESIAN_POINT('',(-69.96551849416,49.489571907314,
    65.885439001996));
#2779 = CARTESIAN_POINT('',(-70.2121699374,49.516014894649,65.4780553475
    ));
#2780 = CARTESIAN_POINT('',(-70.57350882923,49.542457881984,
    65.267340062184));
#2781 = CARTESIAN_POINT('',(-70.76487121639,49.556461891225,
    65.155746815733));
#2782 = CARTESIAN_POINT('',(-70.98839979441,49.570465900465,
    65.099312807519));
#2783 = CARTESIAN_POINT('',(-71.21177676408,49.584469909705,
    65.098991692653));
#2784 = ORIENTED_EDGE('',*,*,#2744,.T.);
#2785 = ORIENTED_EDGE('',*,*,#2786,.F.);
#2786 = EDGE_CURVE('',#2787,#2718,#2789,.T.);
#2787 = VERTEX_POINT('',#2788);
#2788 = CARTESIAN_POINT('',(-71.21271765007,49.447630562466,
    65.09681929524));
#2789 = B_SPLINE_CURVE_WITH_KNOTS('',3,(#2790,#2791,#2792,#2793,#2794,
    #2795,#2796,#2797,#2798,#2799,#2800,#2801,#2802,#2803,#2804,#2805,
    #2806,#2807,#2808,#2809,#2810,#2811),.UNSPECIFIED.,.F.,.F.,(4,3,3,3,
    3,3,3,4),(20.159119062516,20.934419877402,21.931297014421,
    22.928174151441,23.92505128846,24.921928425479,25.918805562498,
    26.442304369696),.UNSPECIFIED.);
#2790 = CARTESIAN_POINT('',(-71.21271765007,49.447630562466,
    65.09681929524));
#2791 = CARTESIAN_POINT('',(-70.88610120386,49.427065069621,
    65.099826206374));
#2792 = CARTESIAN_POINT('',(-70.55737153228,49.406499576775,
    65.229173908802));
#2793 = CARTESIAN_POINT('',(-70.32502696033,49.38593408393,
    65.456873100894));
#2794 = CARTESIAN_POINT('',(-70.02627970347,49.359491096595,
    65.749647356196));
#2795 = CARTESIAN_POINT('',(-69.88688267535,49.333048109259,
    66.205022806443));
#2796 = CARTESIAN_POINT('',(-69.97055042941,49.306605121924,
    66.614859841011));
#2797 = CARTESIAN_POINT('',(-70.05421818346,49.280162134589,
    67.02469687558));
#2798 = CARTESIAN_POINT('',(-70.36095071969,49.253719147253,
    67.388995494469));
#2799 = CARTESIAN_POINT('',(-70.75054902013,49.227276159918,
    67.541244804412));
#2800 = CARTESIAN_POINT('',(-71.14014732057,49.200833172583,
    67.693494114354));
#2801 = CARTESIAN_POINT('',(-71.61261138522,49.174390185247,
    67.63369411535));
#2802 = CARTESIAN_POINT('',(-71.95199086676,49.147947197912,
    67.389177744624));
#2803 = CARTESIAN_POINT('',(-72.2913703483,49.121504210577,
    67.144661373897));
#2804 = CARTESIAN_POINT('',(-72.49766524672,49.095061223241,
    66.715428631448));
#2805 = CARTESIAN_POINT('',(-72.47658382992,49.068618235906,
    66.297670014657));
#2806 = CARTESIAN_POINT('',(-72.45550241312,49.042175248571,
    65.879911397865));
#2807 = CARTESIAN_POINT('',(-72.20704468109,49.015732261235,
    65.473626906731));
#2808 = CARTESIAN_POINT('',(-71.84477383913,48.9892892739,
    65.264518023334));
#2809 = CARTESIAN_POINT('',(-71.65453138436,48.975403036755,
    65.154706847043));
#2810 = CARTESIAN_POINT('',(-71.4329026086,48.961516799611,
    65.099270926115));
#2811 = CARTESIAN_POINT('',(-71.21140059168,48.947630562466,
    65.099000151209));
#2812 = ORIENTED_EDGE('',*,*,#2813,.F.);
#2813 = EDGE_CURVE('',#2759,#2787,#2814,.T.);
#2814 = LINE('',#2815,#2816);
#2815 = CARTESIAN_POINT('',(-71.21157350126,43.697065711105,
    65.097006423847));
#2816 = VECTOR('',#2817,1.);
#2817 = DIRECTION('',(0.,-1.,2.22044604925E-16));
#2818 = CYLINDRICAL_SURFACE('',#2819,1.2645);
#2819 = AXIS2_PLACEMENT_3D('',#2820,#2821,#2822);
#2820 = CARTESIAN_POINT('',(-71.21157350126,43.697065711105,
    66.361506423847));
#2821 = DIRECTION('',(0.,-1.,2.22044604925E-16));
#2822 = DIRECTION('',(0.,2.22044604925E-16,1.));
#2823 = ADVANCED_FACE('',(#2824),#2890,.F.);
#2824 = FACE_BOUND('',#2825,.F.);
#2825 = EDGE_LOOP('',(#2826,#2853,#2854,#2884));
#2826 = ORIENTED_EDGE('',*,*,#2827,.F.);
#2827 = EDGE_CURVE('',#2759,#2828,#2830,.T.);
#2828 = VERTEX_POINT('',#2829);
#2829 = CARTESIAN_POINT('',(-71.21260425666,50.084469909705,
    65.096132218068));
#2830 = B_SPLINE_CURVE_WITH_KNOTS('',3,(#2831,#2832,#2833,#2834,#2835,
    #2836,#2837,#2838,#2839,#2840,#2841,#2842,#2843,#2844,#2845,#2846,
    #2847,#2848,#2849,#2850,#2851,#2852),.UNSPECIFIED.,.F.,.F.,(4,3,3,3,
    3,3,3,4),(-16.41897261872,-15.9500341923,-14.95315705528,
    -13.95627991826,-12.95940278124,-11.96252564423,-10.96564850721,
    -10.13578731154),.UNSPECIFIED.);
#2831 = CARTESIAN_POINT('',(-71.21177676408,49.584469909705,
    65.098991692653));
#2832 = CARTESIAN_POINT('',(-71.41019003167,49.5969088878,
    65.098706464279));
#2833 = CARTESIAN_POINT('',(-71.60848368368,49.609347865895,
    65.142693047293));
#2834 = CARTESIAN_POINT('',(-71.7840092578,49.62178684399,
    65.231619767583));
#2835 = CARTESIAN_POINT('',(-72.15714445412,49.648229831326,
    65.420661674434));
#2836 = CARTESIAN_POINT('',(-72.42738850634,49.674672818661,
    65.812792404272));
#2837 = CARTESIAN_POINT('',(-72.47122033614,49.701115805996,
    66.228779782499));
#2838 = CARTESIAN_POINT('',(-72.51505216595,49.727558793331,
    66.644767160726));
#2839 = CARTESIAN_POINT('',(-72.33247177333,49.754001780667,
    67.084611187341));
#2840 = CARTESIAN_POINT('',(-72.00693152613,49.780444768002,
    67.347271213717));
#2841 = CARTESIAN_POINT('',(-71.68139127893,49.806887755337,
    67.609931240094));
#2842 = CARTESIAN_POINT('',(-71.21289117714,49.833330742673,
    67.695407266232));
#2843 = CARTESIAN_POINT('',(-70.8155699876,49.859773730008,
    67.564630599237));
#2844 = CARTESIAN_POINT('',(-70.41824879805,49.886216717343,
    67.433853932242));
#2845 = CARTESIAN_POINT('',(-70.09210652075,49.912659704679,
    67.086824572115));
#2846 = CARTESIAN_POINT('',(-69.98621334045,49.939102692014,
    66.682160002429));
#2847 = CARTESIAN_POINT('',(-69.88032016015,49.965545679349,
    66.277495432744));
#2848 = CARTESIAN_POINT('',(-69.99467607686,49.991988666685,
    65.815195653499));
#2849 = CARTESIAN_POINT('',(-70.27701316131,50.01843165402,
    65.506565414968));
#2850 = CARTESIAN_POINT('',(-70.51204773255,50.040444405915,
    65.249642822148));
#2851 = CARTESIAN_POINT('',(-70.86349175435,50.06245715781,
    65.099211850033));
#2852 = CARTESIAN_POINT('',(-71.21260425666,50.084469909705,
    65.096132218068));
#2853 = ORIENTED_EDGE('',*,*,#2813,.T.);
#2854 = ORIENTED_EDGE('',*,*,#2855,.F.);
#2855 = EDGE_CURVE('',#2856,#2787,#2858,.T.);
#2856 = VERTEX_POINT('',#2857);
#2857 = CARTESIAN_POINT('',(-71.21098043567,49.947630562466,
    65.095231259787));
#2858 = B_SPLINE_CURVE_WITH_KNOTS('',3,(#2859,#2860,#2861,#2862,#2863,
    #2864,#2865,#2866,#2867,#2868,#2869,#2870,#2871,#2872,#2873,#2874,
    #2875,#2876,#2877,#2878,#2879,#2880,#2881,#2882,#2883),
  .UNSPECIFIED.,.F.,.F.,(4,3,3,3,3,3,3,3,4),(13.875933755336,
    13.956279918268,14.953157055287,15.950034192307,16.946911329326,
    17.943788466345,18.940665603364,19.937542740383,20.159119062516),
  .UNSPECIFIED.);
#2859 = CARTESIAN_POINT('',(-71.21098043567,49.947630562466,
    65.095231259787));
#2860 = CARTESIAN_POINT('',(-71.17724265262,49.945499314301,
    65.095035052863));
#2861 = CARTESIAN_POINT('',(-71.14351941797,49.943368066136,
    65.0962667224));
#2862 = CARTESIAN_POINT('',(-71.10991488147,49.941236817972,
    65.098972540778));
#2863 = CARTESIAN_POINT('',(-70.69297407286,49.914793830636,
    65.132544380177));
#2864 = CARTESIAN_POINT('',(-70.29430571913,49.888350843301,
    65.393047479672));
#2865 = CARTESIAN_POINT('',(-70.09613009383,49.861907855965,
    65.761412942125));
#2866 = CARTESIAN_POINT('',(-69.89795446853,49.83546486863,
    66.129778404577));
#2867 = CARTESIAN_POINT('',(-69.90027157167,49.809021881295,
    66.606006229986));
#2868 = CARTESIAN_POINT('',(-70.10202235831,49.78257889396,
    66.972425800424));
#2869 = CARTESIAN_POINT('',(-70.30377314495,49.756135906624,
    67.338845370861));
#2870 = CARTESIAN_POINT('',(-70.70495761508,49.729692919289,
    67.595456686327));
#2871 = CARTESIAN_POINT('',(-71.12220534721,49.703249931954,
    67.624969742606));
#2872 = CARTESIAN_POINT('',(-71.53945307935,49.676806944618,
    67.654482798885));
#2873 = CARTESIAN_POINT('',(-71.97276407348,49.650363957283,
    67.456897595978));
#2874 = CARTESIAN_POINT('',(-72.2240837845,49.623920969948,
    67.122524912952));
#2875 = CARTESIAN_POINT('',(-72.47540349553,49.597477982612,
    66.788152229926));
#2876 = CARTESIAN_POINT('',(-72.54473192345,49.571034995277,
    66.316992066781));
#2877 = CARTESIAN_POINT('',(-72.40038094358,49.544592007942,
    65.924398788749));
#2878 = CARTESIAN_POINT('',(-72.25602996371,49.518149020606,
    65.531805510717));
#2879 = CARTESIAN_POINT('',(-71.89799957605,49.491706033271,
    65.217779117798));
#2880 = CARTESIAN_POINT('',(-71.48993563942,49.465263045936,
    65.125852451516));
#2881 = CARTESIAN_POINT('',(-71.39923508775,49.459385551446,
    65.105419870746));
#2882 = CARTESIAN_POINT('',(-71.30606267114,49.453508056956,
    65.095959938075));
#2883 = CARTESIAN_POINT('',(-71.21271765007,49.447630562466,
    65.09681929524));
#2884 = ORIENTED_EDGE('',*,*,#2885,.F.);
#2885 = EDGE_CURVE('',#2828,#2856,#2886,.T.);
#2886 = LINE('',#2887,#2888);
#2887 = CARTESIAN_POINT('',(-71.21157350126,43.697065711105,
    65.097006423847));
#2888 = VECTOR('',#2889,1.);
#2889 = DIRECTION('',(0.,-1.,2.22044604925E-16));
#2890 = CYLINDRICAL_SURFACE('',#2891,1.2645);
#2891 = AXIS2_PLACEMENT_3D('',#2892,#2893,#2894);
#2892 = CARTESIAN_POINT('',(-71.21157350126,43.697065711105,
    66.361506423847));
#2893 = DIRECTION('',(0.,-1.,2.22044604925E-16));
#2894 = DIRECTION('',(0.,2.22044604925E-16,1.));
#2895 = ADVANCED_FACE('',(#2896),#2957,.F.);
#2896 = FACE_BOUND('',#2897,.F.);
#2897 = EDGE_LOOP('',(#2898,#2924,#2933,#2951));
#2898 = ORIENTED_EDGE('',*,*,#2899,.F.);
#2899 = EDGE_CURVE('',#2900,#2902,#2904,.T.);
#2900 = VERTEX_POINT('',#2901);
#2901 = CARTESIAN_POINT('',(-70.38500849441,50.891050236085,
    65.401535157325));
#2902 = VERTEX_POINT('',#2903);
#2903 = CARTESIAN_POINT('',(-71.21083308289,50.447630562466,
    65.098572046315));
#2904 = B_SPLINE_CURVE_WITH_KNOTS('',3,(#2905,#2906,#2907,#2908,#2909,
    #2910,#2911,#2912,#2913,#2914,#2915,#2916,#2917,#2918,#2919,#2920,
    #2921,#2922,#2923),.UNSPECIFIED.,.F.,.F.,(4,3,3,3,3,3,4),(
    2.020572491757,2.990631411057,3.987508548077,4.984385685096,
    5.981262822115,6.978139959134,7.592748448157),.UNSPECIFIED.);
#2905 = CARTESIAN_POINT('',(-70.38500629659,50.891050236085,
    65.401532145446));
#2906 = CARTESIAN_POINT('',(-70.07705713481,50.865318624069,
    65.66776158059));
#2907 = CARTESIAN_POINT('',(-69.90784528738,50.839587012053,
    66.096326838623));
#2908 = CARTESIAN_POINT('',(-69.95270998778,50.813855400037,
    66.500964536763));
#2909 = CARTESIAN_POINT('',(-69.99881501625,50.787412412702,
    66.916788835707));
#2910 = CARTESIAN_POINT('',(-70.27099691789,50.760969425366,
    67.307344285831));
#2911 = CARTESIAN_POINT('',(-70.64509272214,50.734526438031,
    67.494373062335));
#2912 = CARTESIAN_POINT('',(-71.0191885264,50.708083450696,
    67.681401838839));
#2913 = CARTESIAN_POINT('',(-71.49519823328,50.68164046336,
    67.664903941722));
#2914 = CARTESIAN_POINT('',(-71.85543374911,50.655197476025,
    67.452297182967));
#2915 = CARTESIAN_POINT('',(-72.21566926494,50.62875448869,
    67.239690424211));
#2916 = CARTESIAN_POINT('',(-72.46013058972,50.602311501354,
    66.830974803817));
#2917 = CARTESIAN_POINT('',(-72.47713778764,50.575868514019,
    66.413022389878));
#2918 = CARTESIAN_POINT('',(-72.49414498555,50.549425526684,
    65.995069975938));
#2919 = CARTESIAN_POINT('',(-72.2836980566,50.522982539348,
    65.567880768453));
#2920 = CARTESIAN_POINT('',(-71.94195915733,50.496539552013,
    65.326682528105));
#2921 = CARTESIAN_POINT('',(-71.73126556157,50.480236555497,
    65.177975650848));
#2922 = CARTESIAN_POINT('',(-71.47066605302,50.463933558982,
    65.099966539522));
#2923 = CARTESIAN_POINT('',(-71.21083308289,50.447630562466,
    65.098572046315));
#2924 = ORIENTED_EDGE('',*,*,#2925,.T.);
#2925 = EDGE_CURVE('',#2900,#2926,#2928,.T.);
#2926 = VERTEX_POINT('',#2927);
#2927 = CARTESIAN_POINT('',(-70.38636220232,50.891050236085,
    67.31962257657));
#2928 = CIRCLE('',#2929,1.2645);
#2929 = AXIS2_PLACEMENT_3D('',#2930,#2931,#2932);
#2930 = CARTESIAN_POINT('',(-71.21157350126,50.891050236085,
    66.361506423847));
#2931 = DIRECTION('',(0.,-1.,2.22044604925E-16));
#2932 = DIRECTION('',(0.,2.22044604925E-16,1.));
#2933 = ORIENTED_EDGE('',*,*,#2934,.F.);
#2934 = EDGE_CURVE('',#2935,#2926,#2937,.T.);
#2935 = VERTEX_POINT('',#2936);
#2936 = CARTESIAN_POINT('',(-71.21068985111,50.584469909705,
    65.095761136838));
#2937 = B_SPLINE_CURVE_WITH_KNOTS('',3,(#2938,#2939,#2940,#2941,#2942,
    #2943,#2944,#2945,#2946,#2947,#2948,#2949,#2950),.UNSPECIFIED.,.F.,
  .F.,(4,3,3,3,4),(-3.85260200437,-2.990631411057,-1.993754274038,
    -0.996877137019,0.),.UNSPECIFIED.);
#2938 = CARTESIAN_POINT('',(-71.21068985111,50.584469909705,
    65.095761136838));
#2939 = CARTESIAN_POINT('',(-71.57296326303,50.607334389826,
    65.098671775323));
#2940 = CARTESIAN_POINT('',(-71.93748446718,50.630198869947,
    65.262406843079));
#2941 = CARTESIAN_POINT('',(-72.17300801876,50.653063350067,
    65.536988317552));
#2942 = CARTESIAN_POINT('',(-72.44539323193,50.679506337403,
    65.854544387649));
#2943 = CARTESIAN_POINT('',(-72.54524226482,50.705949324738,
    66.320359090612));
#2944 = CARTESIAN_POINT('',(-72.42620642285,50.732392312074,
    66.721362869807));
#2945 = CARTESIAN_POINT('',(-72.30717058087,50.758835299409,
    67.122366649001));
#2946 = CARTESIAN_POINT('',(-71.96924986403,50.785278286744,
    67.458559504427));
#2947 = CARTESIAN_POINT('',(-71.56864144333,50.81172127408,
    67.576426342746));
#2948 = CARTESIAN_POINT('',(-71.16803302263,50.838164261415,
    67.694293181065));
#2949 = CARTESIAN_POINT('',(-70.70473689808,50.86460724875,
    67.593834002276));
#2950 = CARTESIAN_POINT('',(-70.38636220232,50.891050236085,
    67.31962257657));
#2951 = ORIENTED_EDGE('',*,*,#2952,.T.);
#2952 = EDGE_CURVE('',#2935,#2902,#2953,.T.);
#2953 = LINE('',#2954,#2955);
#2954 = CARTESIAN_POINT('',(-71.21157350126,43.697065711105,
    65.097006423847));
#2955 = VECTOR('',#2956,1.);
#2956 = DIRECTION('',(0.,-1.,2.22044604925E-16));
#2957 = CYLINDRICAL_SURFACE('',#2958,1.2645);
#2958 = AXIS2_PLACEMENT_3D('',#2959,#2960,#2961);
#2959 = CARTESIAN_POINT('',(-71.21157350126,43.697065711105,
    66.361506423847));
#2960 = DIRECTION('',(0.,-1.,2.22044604925E-16));
#2961 = DIRECTION('',(-0.348322210725,2.081390315635E-16,0.93737486499)
  );
#2962 = ADVANCED_FACE('',(#2963),#3004,.F.);
#2963 = FACE_BOUND('',#2964,.F.);
#2964 = EDGE_LOOP('',(#2965,#2978,#2987,#2998));
#2965 = ORIENTED_EDGE('',*,*,#2966,.T.);
#2966 = EDGE_CURVE('',#2967,#2969,#2971,.T.);
#2967 = VERTEX_POINT('',#2968);
#2968 = CARTESIAN_POINT('',(-71.21194969697,46.286838512497,
    64.816006350845));
#2969 = VERTEX_POINT('',#2970);
#2970 = CARTESIAN_POINT('',(-70.87877719188,46.05411767968,
    67.871050496973));
#2971 = B_SPLINE_CURVE_WITH_KNOTS('',3,(#2972,#2973,#2974,#2975,#2976,
    #2977),.UNSPECIFIED.,.F.,.F.,(4,1,1,4),(72.256631032565,
    73.214151211102,74.211028348121,75.181087267422),.UNSPECIFIED.);
#2972 = CARTESIAN_POINT('',(-71.21194969697,46.286838512497,
    64.816006350845));
#2973 = CARTESIAN_POINT('',(-70.72158252506,46.261439500909,
    64.817626339302));
#2974 = CARTESIAN_POINT('',(-69.71777428583,46.209597501987,
    65.335057064444));
#2975 = CARTESIAN_POINT('',(-69.5226130182,46.132023891048,
    67.027949998233));
#2976 = CARTESIAN_POINT('',(-70.39390774999,46.079849291696,
    67.76314155705));
#2977 = CARTESIAN_POINT('',(-70.87877657269,46.05411767968,
    67.871055004342));
#2978 = ORIENTED_EDGE('',*,*,#2979,.T.);
#2979 = EDGE_CURVE('',#2969,#2980,#2982,.T.);
#2980 = VERTEX_POINT('',#2981);
#2981 = CARTESIAN_POINT('',(-70.17159993897,46.05411767968,
    67.501376587393));
#2982 = CIRCLE('',#2983,1.543);
#2983 = AXIS2_PLACEMENT_3D('',#2984,#2985,#2986);
#2984 = CARTESIAN_POINT('',(-71.21157350126,46.05411767968,
    66.361506423847));
#2985 = DIRECTION('',(0.,1.,-2.22044604925E-16));
#2986 = DIRECTION('',(-3.4537074E-14,2.22044604925E-16,1.));
#2987 = ORIENTED_EDGE('',*,*,#2988,.F.);
#2988 = EDGE_CURVE('',#2989,#2980,#2991,.T.);
#2989 = VERTEX_POINT('',#2990);
#2990 = CARTESIAN_POINT('',(-71.21076802661,46.245261959674,
    64.820378891113));
#2991 = B_SPLINE_CURVE_WITH_KNOTS('',3,(#2992,#2993,#2994,#2995,#2996,
    #2997),.UNSPECIFIED.,.F.,.F.,(4,1,1,4),(72.256631032565,
    72.664866621748,73.661743758767,74.658620895786),.UNSPECIFIED.);
#2992 = CARTESIAN_POINT('',(-71.21076802661,46.245261959674,
    64.820378891113));
#2993 = CARTESIAN_POINT('',(-71.00007810748,46.234433174347,
    64.819415732696));
#2994 = CARTESIAN_POINT('',(-70.27608808581,46.197161401684,
    64.957782120604));
#2995 = CARTESIAN_POINT('',(-69.41386691298,46.133446641686,
    66.062682233365));
#2996 = CARTESIAN_POINT('',(-69.79282977057,46.080560667015,
    67.155801298277));
#2997 = CARTESIAN_POINT('',(-70.17159993897,46.05411767968,
    67.501376587393));
#2998 = ORIENTED_EDGE('',*,*,#2999,.F.);
#2999 = EDGE_CURVE('',#2967,#2989,#3000,.T.);
#3000 = LINE('',#3001,#3002);
#3001 = CARTESIAN_POINT('',(-71.21157350126,51.995261959674,
    64.818506423847));
#3002 = VECTOR('',#3003,1.);
#3003 = DIRECTION('',(-4.244569310429E-30,-1.,3.445092848398E-16));
#3004 = CYLINDRICAL_SURFACE('',#3005,1.543);
#3005 = AXIS2_PLACEMENT_3D('',#3006,#3007,#3008);
#3006 = CARTESIAN_POINT('',(-71.21157350126,51.995261959674,
    66.361506423847));
#3007 = DIRECTION('',(0.,-1.,2.22044604925E-16));
#3008 = DIRECTION('',(0.994106991992,-2.407038125766E-17,-0.108403360063
    ));
#3009 = ADVANCED_FACE('',(#3010),#3050,.F.);
#3010 = FACE_BOUND('',#3011,.F.);
#3011 = EDGE_LOOP('',(#3012,#3028,#3029,#3044));
#3012 = ORIENTED_EDGE('',*,*,#3013,.T.);
#3013 = EDGE_CURVE('',#3014,#2967,#3016,.T.);
#3014 = VERTEX_POINT('',#3015);
#3015 = CARTESIAN_POINT('',(-71.21018092482,46.786838512497,
    64.818908678917));
#3016 = B_SPLINE_CURVE_WITH_KNOTS('',3,(#3017,#3018,#3019,#3020,#3021,
    #3022,#3023,#3024,#3025,#3026,#3027),.UNSPECIFIED.,.F.,.F.,(4,1,1,1,
    1,1,1,1,4),(65.973445725386,66.236011251968,67.232888388987,
    68.229765526006,69.226642663025,70.223519800044,71.220396937063,
    72.217274074083,72.256631032565),.UNSPECIFIED.);
#3017 = CARTESIAN_POINT('',(-71.21018092482,46.786838512497,
    64.818908678917));
#3018 = CARTESIAN_POINT('',(-71.075065127,46.77987374559,64.817713498015
    ));
#3019 = CARTESIAN_POINT('',(-70.42831720733,46.746465991348,
    64.895815905199));
#3020 = CARTESIAN_POINT('',(-69.47584718982,46.68661524977,
    65.80291681648));
#3021 = CARTESIAN_POINT('',(-69.80010751153,46.607286287764,
    67.515852285334));
#3022 = CARTESIAN_POINT('',(-71.41464666946,46.527957325758,
    68.173569465637));
#3023 = CARTESIAN_POINT('',(-72.84355957477,46.448628363752,
    67.174754092572));
#3024 = CARTESIAN_POINT('',(-72.78057545153,46.369299401746,
    65.432603560543));
#3025 = CARTESIAN_POINT('',(-71.7627199652,46.315369451328,
    64.825390952213));
#3026 = CARTESIAN_POINT('',(-71.23210526221,46.287882488245,
    64.815939764448));
#3027 = CARTESIAN_POINT('',(-71.21194969697,46.286838512497,
    64.816006350845));
#3028 = ORIENTED_EDGE('',*,*,#2999,.T.);
#3029 = ORIENTED_EDGE('',*,*,#3030,.F.);
#3030 = EDGE_CURVE('',#3031,#2989,#3033,.T.);
#3031 = VERTEX_POINT('',#3032);
#3032 = CARTESIAN_POINT('',(-71.21292169172,46.745261959674,
    64.819263632945));
#3033 = B_SPLINE_CURVE_WITH_KNOTS('',3,(#3034,#3035,#3036,#3037,#3038,
    #3039,#3040,#3041,#3042,#3043),.UNSPECIFIED.,.F.,.F.,(4,1,1,1,1,1,1,
    4),(65.973445725386,66.683603799633,67.680480936652,68.677358073671,
    69.67423521069,70.671112347709,71.667989484729,72.256631032565),
  .UNSPECIFIED.);
#3034 = CARTESIAN_POINT('',(-71.21292169172,46.745261959674,
    64.819263632945));
#3035 = CARTESIAN_POINT('',(-70.8472608281,46.726424431692,
    64.822335027836));
#3036 = CARTESIAN_POINT('',(-69.96357833592,46.681143916374,
    65.135189175093));
#3037 = CARTESIAN_POINT('',(-69.40508283768,46.609420413722,
    66.609180507253));
#3038 = CARTESIAN_POINT('',(-70.4387290607,46.530091451716,
    68.012972430588));
#3039 = CARTESIAN_POINT('',(-72.17893083471,46.45076248971,
    67.907269757305));
#3040 = CARTESIAN_POINT('',(-73.03469602485,46.371433527704,
    66.388132366774));
#3041 = CARTESIAN_POINT('',(-72.33478100486,46.302933351025,
    65.056030966842));
#3042 = CARTESIAN_POINT('',(-71.51456525399,46.260876161682,
    64.821767684929));
#3043 = CARTESIAN_POINT('',(-71.21076802661,46.245261959674,
    64.820378891113));
#3044 = ORIENTED_EDGE('',*,*,#3045,.F.);
#3045 = EDGE_CURVE('',#3014,#3031,#3046,.T.);
#3046 = LINE('',#3047,#3048);
#3047 = CARTESIAN_POINT('',(-71.21157350126,51.995261959674,
    64.818506423847));
#3048 = VECTOR('',#3049,1.);
#3049 = DIRECTION('',(-4.244569310429E-30,-1.,3.445092848398E-16));
#3050 = CYLINDRICAL_SURFACE('',#3051,1.543);
#3051 = AXIS2_PLACEMENT_3D('',#3052,#3053,#3054);
#3052 = CARTESIAN_POINT('',(-71.21157350126,51.995261959674,
    66.361506423847));
#3053 = DIRECTION('',(0.,-1.,2.22044604925E-16));
#3054 = DIRECTION('',(-3.4537074E-14,2.22044604925E-16,1.));
#3055 = ADVANCED_FACE('',(#3056),#3096,.F.);
#3056 = FACE_BOUND('',#3057,.F.);
#3057 = EDGE_LOOP('',(#3058,#3073,#3074,#3090));
#3058 = ORIENTED_EDGE('',*,*,#3059,.T.);
#3059 = EDGE_CURVE('',#3060,#3014,#3062,.T.);
#3060 = VERTEX_POINT('',#3061);
#3061 = CARTESIAN_POINT('',(-71.21211752959,47.286838512497,
    64.820783757355));
#3062 = B_SPLINE_CURVE_WITH_KNOTS('',3,(#3063,#3064,#3065,#3066,#3067,
    #3068,#3069,#3070,#3071,#3072),.UNSPECIFIED.,.F.,.F.,(4,1,1,1,1,1,1,
    4),(59.690260418206,60.254748429853,61.251625566872,62.248502703891,
    63.24537984091,64.242256977929,65.239134114949,65.973445725386),
  .UNSPECIFIED.);
#3063 = CARTESIAN_POINT('',(-71.21211752959,47.286838512497,
    64.820783757355));
#3064 = CARTESIAN_POINT('',(-70.92074114711,47.271865002935,
    64.821707676548));
#3065 = CARTESIAN_POINT('',(-70.11350769321,47.230448506038,
    65.041231991503));
#3066 = CARTESIAN_POINT('',(-69.3882597705,47.162589021806,
    66.344309953467));
#3067 = CARTESIAN_POINT('',(-70.20720514907,47.0832600598,
    67.883351550713));
#3068 = CARTESIAN_POINT('',(-71.94428882977,47.003931097794,
    68.031206200633));
#3069 = CARTESIAN_POINT('',(-73.01156455982,46.924602135788,
    66.652712472604));
#3070 = CARTESIAN_POINT('',(-72.48414870666,46.852237940689,
    65.15241318976));
#3071 = CARTESIAN_POINT('',(-71.58805649888,46.806316732925,
    64.822251216774));
#3072 = CARTESIAN_POINT('',(-71.21018092482,46.786838512497,
    64.818908678917));
#3073 = ORIENTED_EDGE('',*,*,#3045,.T.);
#3074 = ORIENTED_EDGE('',*,*,#3075,.F.);
#3075 = EDGE_CURVE('',#3076,#3031,#3078,.T.);
#3076 = VERTEX_POINT('',#3077);
#3077 = CARTESIAN_POINT('',(-71.21142878146,47.245261959674,
    64.8159363457));
#3078 = B_SPLINE_CURVE_WITH_KNOTS('',3,(#3079,#3080,#3081,#3082,#3083,
    #3084,#3085,#3086,#3087,#3088,#3089),.UNSPECIFIED.,.F.,.F.,(4,1,1,1,
    1,1,1,1,4),(59.690260418206,59.705463840499,60.702340977518,
    61.699218114537,62.696095251556,63.692972388575,64.689849525594,
    65.686726662614,65.973445725386),.UNSPECIFIED.);
#3079 = CARTESIAN_POINT('',(-71.21142878146,47.245261959674,
    64.8159363457));
#3080 = CARTESIAN_POINT('',(-71.20364416136,47.244858676373,
    64.815925909771));
#3081 = CARTESIAN_POINT('',(-70.68543762169,47.218012405736,
    64.819503034796));
#3082 = CARTESIAN_POINT('',(-69.66545013181,47.164723147763,
    65.394928800178));
#3083 = CARTESIAN_POINT('',(-69.56042875628,47.085394185757,
    67.135128090819));
#3084 = CARTESIAN_POINT('',(-70.96479281645,47.006065223751,
    68.168123813555));
#3085 = CARTESIAN_POINT('',(-72.59475103161,46.926736261746,
    67.549611509505));
#3086 = CARTESIAN_POINT('',(-72.96028265382,46.847407299739,
    65.844993933429));
#3087 = CARTESIAN_POINT('',(-72.02004240663,46.786915865716,
    64.90521014547));
#3088 = CARTESIAN_POINT('',(-71.36055352738,46.752867419027,
    64.818023588656));
#3089 = CARTESIAN_POINT('',(-71.21292169172,46.745261959674,
    64.819263632945));
#3090 = ORIENTED_EDGE('',*,*,#3091,.F.);
#3091 = EDGE_CURVE('',#3060,#3076,#3092,.T.);
#3092 = LINE('',#3093,#3094);
#3093 = CARTESIAN_POINT('',(-71.21157350126,51.995261959674,
    64.818506423847));
#3094 = VECTOR('',#3095,1.);
#3095 = DIRECTION('',(-4.244569310429E-30,-1.,3.445092848398E-16));
#3096 = CYLINDRICAL_SURFACE('',#3097,1.543);
#3097 = AXIS2_PLACEMENT_3D('',#3098,#3099,#3100);
#3098 = CARTESIAN_POINT('',(-71.21157350126,51.995261959674,
    66.361506423847));
#3099 = DIRECTION('',(0.,-1.,2.22044604925E-16));
#3100 = DIRECTION('',(-3.4537074E-14,2.22044604925E-16,1.));
#3101 = ADVANCED_FACE('',(#3102),#3141,.F.);
#3102 = FACE_BOUND('',#3103,.F.);
#3103 = EDGE_LOOP('',(#3104,#3119,#3120,#3135));
#3104 = ORIENTED_EDGE('',*,*,#3105,.T.);
#3105 = EDGE_CURVE('',#3106,#3060,#3108,.T.);
#3106 = VERTEX_POINT('',#3107);
#3107 = CARTESIAN_POINT('',(-71.21264819409,47.786838512497,
    64.816922891507));
#3108 = B_SPLINE_CURVE_WITH_KNOTS('',3,(#3109,#3110,#3111,#3112,#3113,
    #3114,#3115,#3116,#3117,#3118),.UNSPECIFIED.,.F.,.F.,(4,1,1,1,1,1,1,
    4),(53.407075111027,54.273485607738,55.270362744757,56.267239881776,
    57.264117018795,58.260994155815,59.257871292834,59.690260418206),
  .UNSPECIFIED.);
#3109 = CARTESIAN_POINT('',(-71.21264819409,47.786838512497,
    64.816922891507));
#3110 = CARTESIAN_POINT('',(-70.76827007126,47.76385626028,
    64.820450019969));
#3111 = CARTESIAN_POINT('',(-69.80657676902,47.714431020728,
    65.255185317794));
#3112 = CARTESIAN_POINT('',(-69.46562098663,47.638562793842,
    66.887261559058));
#3113 = CARTESIAN_POINT('',(-70.70516636156,47.559233831836,
    68.113168620138));
#3114 = CARTESIAN_POINT('',(-72.40764132511,47.47990486983,
    67.737802325719));
#3115 = CARTESIAN_POINT('',(-73.01673678749,47.400575907824,
    66.104301912259));
#3116 = CARTESIAN_POINT('',(-72.17215825187,47.336220455379,
    64.969870588859));
#3117 = CARTESIAN_POINT('',(-71.43530735217,47.29830799027,
    64.820076049479));
#3118 = CARTESIAN_POINT('',(-71.21211752959,47.286838512497,
    64.820783757355));
#3119 = ORIENTED_EDGE('',*,*,#3091,.T.);
#3120 = ORIENTED_EDGE('',*,*,#3121,.F.);
#3121 = EDGE_CURVE('',#3122,#3076,#3124,.T.);
#3122 = VERTEX_POINT('',#3123);
#3123 = CARTESIAN_POINT('',(-71.21032256978,47.745261959674,
    64.819681782036));
#3124 = B_SPLINE_CURVE_WITH_KNOTS('',3,(#3125,#3126,#3127,#3128,#3129,
    #3130,#3131,#3132,#3133,#3134),.UNSPECIFIED.,.F.,.F.,(4,1,1,1,1,1,1,
    4),(53.407075111027,53.724201018384,54.721078155403,55.717955292422,
    56.714832429441,57.71170956646,58.708586703479,59.690260418206),
  .UNSPECIFIED.);
#3125 = CARTESIAN_POINT('',(-71.21032256978,47.745261959674,
    64.819681782036));
#3126 = CARTESIAN_POINT('',(-71.04692269048,47.736849933718,
    64.818433284377));
#3127 = CARTESIAN_POINT('',(-70.37135495409,47.701994920426,
    64.917552663786));
#3128 = CARTESIAN_POINT('',(-69.44796873043,47.640696919799,
    65.898400020808));
#3129 = CARTESIAN_POINT('',(-69.86515672876,47.561367957793,
    67.591112541656));
#3130 = CARTESIAN_POINT('',(-71.51316497526,47.482038995787,
    68.159786678898));
#3131 = CARTESIAN_POINT('',(-72.88547487329,47.402710033781,
    67.084571818559));
#3132 = CARTESIAN_POINT('',(-72.72839867096,47.323784355077,
    65.357196529966));
#3133 = CARTESIAN_POINT('',(-71.71407593456,47.271301663708,
    64.816610185895));
#3134 = CARTESIAN_POINT('',(-71.21142878146,47.245261959674,
    64.8159363457));
#3135 = ORIENTED_EDGE('',*,*,#3136,.F.);
#3136 = EDGE_CURVE('',#3106,#3122,#3137,.T.);
#3137 = LINE('',#3138,#3139);
#3138 = CARTESIAN_POINT('',(-71.21157350126,51.995261959674,
    64.818506423847));
#3139 = VECTOR('',#3140,1.);
#3140 = DIRECTION('',(-4.244569310429E-30,-1.,3.445092848398E-16));
#3141 = CYLINDRICAL_SURFACE('',#3142,1.543);
#3142 = AXIS2_PLACEMENT_3D('',#3143,#3144,#3145);
#3143 = CARTESIAN_POINT('',(-71.21157350126,51.995261959674,
    66.361506423847));
#3144 = DIRECTION('',(0.,-1.,2.22044604925E-16));
#3145 = DIRECTION('',(-3.4537074E-14,2.22044604925E-16,1.));
#3146 = ADVANCED_FACE('',(#3147),#3187,.F.);
#3147 = FACE_BOUND('',#3148,.F.);
#3148 = EDGE_LOOP('',(#3149,#3165,#3166,#3181));
#3149 = ORIENTED_EDGE('',*,*,#3150,.T.);
#3150 = EDGE_CURVE('',#3151,#3106,#3153,.T.);
#3151 = VERTEX_POINT('',#3152);
#3152 = CARTESIAN_POINT('',(-71.21029922002,48.286838512497,
    64.817505830943));
#3153 = B_SPLINE_CURVE_WITH_KNOTS('',3,(#3154,#3155,#3156,#3157,#3158,
    #3159,#3160,#3161,#3162,#3163,#3164),.UNSPECIFIED.,.F.,.F.,(4,1,1,1,
    1,1,1,1,4),(47.123889803847,47.295345648604,48.292222785623,
    49.289099922642,50.285977059661,51.28285419668,52.2797313337,
    53.276608470719,53.407075111027),.UNSPECIFIED.);
#3154 = CARTESIAN_POINT('',(-71.21029922002,48.286838512497,
    64.817505830943));
#3155 = CARTESIAN_POINT('',(-71.12227390033,48.282290504961,
    64.816723023624));
#3156 = CARTESIAN_POINT('',(-70.52328609939,48.25129951009,
    64.863609014867));
#3157 = CARTESIAN_POINT('',(-69.53386988706,48.193865527883,
    65.647308112769));
#3158 = CARTESIAN_POINT('',(-69.70093296201,48.114536565877,
    67.382649805469));
#3159 = CARTESIAN_POINT('',(-71.24894063665,48.035207603871,
    68.184518311298));
#3160 = CARTESIAN_POINT('',(-72.76278932873,47.955878641865,
    67.319889489892));
#3161 = CARTESIAN_POINT('',(-72.8586017215,47.876549679859,
    65.579159514547));
#3162 = CARTESIAN_POINT('',(-71.85722502777,47.82020297007,
    64.85071877887));
#3163 = CARTESIAN_POINT('',(-71.27956395853,47.790299247616,
    64.816391766131));
#3164 = CARTESIAN_POINT('',(-71.21264819409,47.786838512497,
    64.816922891507));
#3165 = ORIENTED_EDGE('',*,*,#3136,.T.);
#3166 = ORIENTED_EDGE('',*,*,#3167,.F.);
#3167 = EDGE_CURVE('',#3168,#3122,#3170,.T.);
#3168 = VERTEX_POINT('',#3169);
#3169 = CARTESIAN_POINT('',(-71.21250789966,48.245261959674,
    64.820372773155));
#3170 = B_SPLINE_CURVE_WITH_KNOTS('',3,(#3171,#3172,#3173,#3174,#3175,
    #3176,#3177,#3178,#3179,#3180),.UNSPECIFIED.,.F.,.F.,(4,1,1,1,1,1,1,
    4),(47.123889803847,47.742938196269,48.739815333288,49.736692470307,
    50.733569607326,51.730446744345,52.727323881365,53.407075111027),
  .UNSPECIFIED.);
#3171 = CARTESIAN_POINT('',(-71.21250789966,48.245261959674,
    64.820372773155));
#3172 = CARTESIAN_POINT('',(-70.89318179863,48.228841191063,
    64.822140777233));
#3173 = CARTESIAN_POINT('',(-70.05707162183,48.185977435116,
    65.074484403852));
#3174 = CARTESIAN_POINT('',(-69.39003499074,48.116670691835,
    66.443766857074));
#3175 = CARTESIAN_POINT('',(-70.29169084754,48.037341729829,
    67.935858743902));
#3176 = CARTESIAN_POINT('',(-72.03425289605,47.958012767823,
    67.988764220612));
#3177 = CARTESIAN_POINT('',(-73.02476663274,47.878683805817,
    66.554120007121));
#3178 = CARTESIAN_POINT('',(-72.42848817443,47.807766869767,
    65.114199538618));
#3179 = CARTESIAN_POINT('',(-71.56056601035,47.763292921053,
    64.822357904673));
#3180 = CARTESIAN_POINT('',(-71.21032256978,47.745261959674,
    64.819681782036));
#3181 = ORIENTED_EDGE('',*,*,#3182,.F.);
#3182 = EDGE_CURVE('',#3151,#3168,#3183,.T.);
#3183 = LINE('',#3184,#3185);
#3184 = CARTESIAN_POINT('',(-71.21157350126,51.995261959674,
    64.818506423847));
#3185 = VECTOR('',#3186,1.);
#3186 = DIRECTION('',(-4.244569310429E-30,-1.,3.445092848398E-16));
#3187 = CYLINDRICAL_SURFACE('',#3188,1.543);
#3188 = AXIS2_PLACEMENT_3D('',#3189,#3190,#3191);
#3189 = CARTESIAN_POINT('',(-71.21157350126,51.995261959674,
    66.361506423847));
#3190 = DIRECTION('',(0.,-1.,2.22044604925E-16));
#3191 = DIRECTION('',(-3.4537074E-14,2.22044604925E-16,1.));
#3192 = ADVANCED_FACE('',(#3193),#3232,.F.);
#3193 = FACE_BOUND('',#3194,.F.);
#3194 = EDGE_LOOP('',(#3195,#3210,#3211,#3226));
#3195 = ORIENTED_EDGE('',*,*,#3196,.T.);
#3196 = EDGE_CURVE('',#3197,#3151,#3199,.T.);
#3197 = VERTEX_POINT('',#3198);
#3198 = CARTESIAN_POINT('',(-71.21136250919,48.786838512497,
    64.820939260003));
#3199 = B_SPLINE_CURVE_WITH_KNOTS('',3,(#3200,#3201,#3202,#3203,#3204,
    #3205,#3206,#3207,#3208,#3209),.UNSPECIFIED.,.F.,.F.,(4,1,1,1,1,1,1,
    4),(40.840704496667,41.314082826489,42.310959963508,43.307837100527,
    44.304714237546,45.301591374565,46.298468511585,47.123889803847),
  .UNSPECIFIED.);
#3200 = CARTESIAN_POINT('',(-71.21136250919,48.786838512497,
    64.820939260003));
#3201 = CARTESIAN_POINT('',(-70.9669533629,48.774281762306,
    64.820640482302));
#3202 = CARTESIAN_POINT('',(-70.20824112848,48.73528202478,
    64.990667452216));
#3203 = CARTESIAN_POINT('',(-69.39738678842,48.669839299919,
    66.178489442086));
#3204 = CARTESIAN_POINT('',(-70.07290778044,48.590510337913,
    67.785658459575));
#3205 = CARTESIAN_POINT('',(-71.78933442615,48.511181375907,
    68.090945916371));
#3206 = CARTESIAN_POINT('',(-72.97760377143,48.431852413901,
    66.815274789291));
#3207 = CARTESIAN_POINT('',(-72.57589619486,48.357071459431,
    65.221710503321));
#3208 = CARTESIAN_POINT('',(-71.63406997707,48.308733492296,
    64.821274415384));
#3209 = CARTESIAN_POINT('',(-71.21029922002,48.286838512497,
    64.817505830943));
#3210 = ORIENTED_EDGE('',*,*,#3182,.T.);
#3211 = ORIENTED_EDGE('',*,*,#3212,.F.);
#3212 = EDGE_CURVE('',#3213,#3168,#3215,.T.);
#3213 = VERTEX_POINT('',#3214);
#3214 = CARTESIAN_POINT('',(-71.21226129109,48.745261959674,
    64.81629814646));
#3215 = B_SPLINE_CURVE_WITH_KNOTS('',3,(#3216,#3217,#3218,#3219,#3220,
    #3221,#3222,#3223,#3224,#3225),.UNSPECIFIED.,.F.,.F.,(4,1,1,1,1,1,1,
    4),(40.840704496667,41.761675374154,42.758552511173,43.755429648192,
    44.752306785211,45.749183922231,46.74606105925,47.123889803847),
  .UNSPECIFIED.);
#3216 = CARTESIAN_POINT('',(-71.21226129109,48.745261959674,
    64.81629814646));
#3217 = CARTESIAN_POINT('',(-70.740401316,48.720832448408,
    64.818928252578));
#3218 = CARTESIAN_POINT('',(-69.75313253654,48.669959949807,
    65.302008822453));
#3219 = CARTESIAN_POINT('',(-69.49689004386,48.59264446387,
    66.981691851803));
#3220 = CARTESIAN_POINT('',(-70.80144382454,48.513315501864,
    68.138178304759));
#3221 = CARTESIAN_POINT('',(-72.48091562677,48.433986539859,
    67.670528918899));
#3222 = CARTESIAN_POINT('',(-73.00002458434,48.354657577852,
    66.006243074241));
#3223 = CARTESIAN_POINT('',(-72.11519473045,48.291749384458,
    64.943995341499));
#3224 = CARTESIAN_POINT('',(-71.40740474673,48.255284178398,
    64.819293693119));
#3225 = CARTESIAN_POINT('',(-71.21250789966,48.245261959674,
    64.820372773155));
#3226 = ORIENTED_EDGE('',*,*,#3227,.F.);
#3227 = EDGE_CURVE('',#3197,#3213,#3228,.T.);
#3228 = LINE('',#3229,#3230);
#3229 = CARTESIAN_POINT('',(-71.21157350126,51.995261959674,
    64.818506423847));
#3230 = VECTOR('',#3231,1.);
#3231 = DIRECTION('',(-4.244569310429E-30,-1.,3.445092848398E-16));
#3232 = CYLINDRICAL_SURFACE('',#3233,1.543);
#3233 = AXIS2_PLACEMENT_3D('',#3234,#3235,#3236);
#3234 = CARTESIAN_POINT('',(-71.21157350126,51.995261959674,
    66.361506423847));
#3235 = DIRECTION('',(0.,-1.,2.22044604925E-16));
#3236 = DIRECTION('',(-3.4537074E-14,2.22044604925E-16,1.));
#3237 = ADVANCED_FACE('',(#3238),#3278,.F.);
#3238 = FACE_BOUND('',#3239,.F.);
#3239 = EDGE_LOOP('',(#3240,#3255,#3256,#3272));
#3240 = ORIENTED_EDGE('',*,*,#3241,.T.);
#3241 = EDGE_CURVE('',#3242,#3197,#3244,.T.);
#3242 = VERTEX_POINT('',#3243);
#3243 = CARTESIAN_POINT('',(-71.21296964331,49.286838512497,
    64.818278081071));
#3244 = B_SPLINE_CURVE_WITH_KNOTS('',3,(#3245,#3246,#3247,#3248,#3249,
    #3250,#3251,#3252,#3253,#3254),.UNSPECIFIED.,.F.,.F.,(4,1,1,1,1,1,1,
    4),(34.557519189488,35.332820004374,36.329697141393,37.326574278412,
    38.323451415431,39.320328552451,40.31720568947,40.840704496667),
  .UNSPECIFIED.);
#3245 = CARTESIAN_POINT('',(-71.21296964331,49.286838512497,
    64.818278081071));
#3246 = CARTESIAN_POINT('',(-70.81441750688,49.266273019651,
    64.821947249817));
#3247 = CARTESIAN_POINT('',(-69.89751515462,49.219264539471,
    65.18272762004));
#3248 = CARTESIAN_POINT('',(-69.42502738916,49.145813071954,
    66.726227735098));
#3249 = CARTESIAN_POINT('',(-70.54789406388,49.066484109949,
    68.059828610415));
#3250 = CARTESIAN_POINT('',(-72.27746002297,48.987155147943,
    67.840916633041));
#3251 = CARTESIAN_POINT('',(-73.03265107462,48.907826185937,
    66.269609108489));
#3252 = CARTESIAN_POINT('',(-72.26708116678,48.841053974121,
    65.017729451155));
#3253 = CARTESIAN_POINT('',(-71.48164927242,48.800724749641,
    64.82126967177));
#3254 = CARTESIAN_POINT('',(-71.21136250919,48.786838512497,
    64.820939260003));
#3255 = ORIENTED_EDGE('',*,*,#3227,.T.);
#3256 = ORIENTED_EDGE('',*,*,#3257,.F.);
#3257 = EDGE_CURVE('',#3258,#3213,#3260,.T.);
#3258 = VERTEX_POINT('',#3259);
#3259 = CARTESIAN_POINT('',(-71.21017326836,49.245261959674,
    64.81834712856));
#3260 = B_SPLINE_CURVE_WITH_KNOTS('',3,(#3261,#3262,#3263,#3264,#3265,
    #3266,#3267,#3268,#3269,#3270,#3271),.UNSPECIFIED.,.F.,.F.,(4,1,1,1,
    1,1,1,1,4),(34.557519189488,34.78353541502,35.780412552039,
    36.777289689058,37.774166826077,38.771043963096,39.767921100116,
    40.764798237135,40.840704496667),.UNSPECIFIED.);
#3261 = CARTESIAN_POINT('',(-71.21017326836,49.245261959674,
    64.81834712856));
#3262 = CARTESIAN_POINT('',(-71.09397371561,49.239266693089,
    64.817278972475));
#3263 = CARTESIAN_POINT('',(-70.46644284057,49.206828439168,
    64.882294002862));
#3264 = CARTESIAN_POINT('',(-69.49741861449,49.147947197912,
    65.739861551018));
#3265 = CARTESIAN_POINT('',(-69.75886705367,49.068618235906,
    67.463510644081));
#3266 = CARTESIAN_POINT('',(-71.34829992852,48.9892892739,68.17976801346
    ));
#3267 = CARTESIAN_POINT('',(-72.81274501402,48.909960311894,
    67.233870516883));
#3268 = CARTESIAN_POINT('',(-72.81348705687,48.830631349888,
    65.490505686468));
#3269 = CARTESIAN_POINT('',(-71.80057835967,48.775731899148,
    64.835036698156));
#3270 = CARTESIAN_POINT('',(-71.25115190817,48.747275435743,
    64.816081373571));
#3271 = CARTESIAN_POINT('',(-71.21226129109,48.745261959674,
    64.81629814646));
#3272 = ORIENTED_EDGE('',*,*,#3273,.F.);
#3273 = EDGE_CURVE('',#3242,#3258,#3274,.T.);
#3274 = LINE('',#3275,#3276);
#3275 = CARTESIAN_POINT('',(-71.21157350126,51.995261959674,
    64.818506423847));
#3276 = VECTOR('',#3277,1.);
#3277 = DIRECTION('',(-4.244569310429E-30,-1.,3.445092848398E-16));
#3278 = CYLINDRICAL_SURFACE('',#3279,1.543);
#3279 = AXIS2_PLACEMENT_3D('',#3280,#3281,#3282);
#3280 = CARTESIAN_POINT('',(-71.21157350126,51.995261959674,
    66.361506423847));
#3281 = DIRECTION('',(0.,-1.,2.22044604925E-16));
#3282 = DIRECTION('',(-3.4537074E-14,2.22044604925E-16,1.));
#3283 = ADVANCED_FACE('',(#3284),#3324,.F.);
#3284 = FACE_BOUND('',#3285,.F.);
#3285 = EDGE_LOOP('',(#3286,#3302,#3303,#3318));
#3286 = ORIENTED_EDGE('',*,*,#3287,.T.);
#3287 = EDGE_CURVE('',#3288,#3242,#3290,.T.);
#3288 = VERTEX_POINT('',#3289);
#3289 = CARTESIAN_POINT('',(-71.21084981585,49.786838512497,
    64.816340288501));
#3290 = B_SPLINE_CURVE_WITH_KNOTS('',3,(#3291,#3292,#3293,#3294,#3295,
    #3296,#3297,#3298,#3299,#3300,#3301),.UNSPECIFIED.,.F.,.F.,(4,1,1,1,
    1,1,1,1,4),(28.274333882308,28.35468004524,29.351557182259,
    30.348434319278,31.345311456297,32.342188593317,33.339065730336,
    34.335942867355,34.557519189488),.UNSPECIFIED.);
#3291 = CARTESIAN_POINT('',(-71.21084981585,49.786838512497,
    64.816340288501));
#3292 = CARTESIAN_POINT('',(-71.1696814495,49.784707264332,
    64.816100867953));
#3293 = CARTESIAN_POINT('',(-70.6179637533,49.756133028832,
    64.836251185281));
#3294 = CARTESIAN_POINT('',(-69.60580880561,49.701115805996,
    65.497626733582));
#3295 = CARTESIAN_POINT('',(-69.61429110726,49.62178684399,
    67.240970825175));
#3296 = CARTESIAN_POINT('',(-71.08292132652,49.542457881984,
    68.180356969335));
#3297 = CARTESIAN_POINT('',(-72.66915825166,49.463128919978,
    67.457049808989));
#3298 = CARTESIAN_POINT('',(-72.92295128672,49.383799957972,
    65.73225708839));
#3299 = CARTESIAN_POINT('',(-71.95207500609,49.325036488812,
    64.880707089045));
#3300 = CARTESIAN_POINT('',(-71.32687345312,49.292716006987,
    64.817229454653));
#3301 = CARTESIAN_POINT('',(-71.21296964331,49.286838512497,
    64.818278081071));
#3302 = ORIENTED_EDGE('',*,*,#3273,.T.);
#3303 = ORIENTED_EDGE('',*,*,#3304,.F.);
#3304 = EDGE_CURVE('',#3305,#3258,#3307,.T.);
#3305 = VERTEX_POINT('',#3306);
#3306 = CARTESIAN_POINT('',(-71.21182153173,49.745261959674,
    64.820928938491));
#3307 = B_SPLINE_CURVE_WITH_KNOTS('',3,(#3308,#3309,#3310,#3311,#3312,
    #3313,#3314,#3315,#3316,#3317),.UNSPECIFIED.,.F.,.F.,(4,1,1,1,1,1,1,
    4),(28.274333882308,28.802272592905,29.799149729924,30.796026866943,
    31.792904003962,32.789781140982,33.786658278001,34.557519189488),
  .UNSPECIFIED.);
#3308 = CARTESIAN_POINT('',(-71.21182153173,49.745261959674,
    64.820928938491));
#3309 = CARTESIAN_POINT('',(-70.93924686648,49.731257950434,
    64.821320777351));
#3310 = CARTESIAN_POINT('',(-70.15145038402,49.690810953858,
    65.020214867568));
#3311 = CARTESIAN_POINT('',(-69.39010568562,49.623920969948,
    66.277695389423));
#3312 = CARTESIAN_POINT('',(-70.15226578971,49.544592007942,
    67.845634619954));
#3313 = CARTESIAN_POINT('',(-71.88278682959,49.465263045936,
    68.056865381745));
#3314 = CARTESIAN_POINT('',(-72.99972150805,49.38593408393,
    66.718292110779));
#3315 = CARTESIAN_POINT('',(-72.52115395158,49.312600388509,
    65.179376304544));
#3316 = CARTESIAN_POINT('',(-71.60648859013,49.265709680424,
    64.821990228836));
#3317 = CARTESIAN_POINT('',(-71.21017326836,49.245261959674,
    64.81834712856));
#3318 = ORIENTED_EDGE('',*,*,#3319,.F.);
#3319 = EDGE_CURVE('',#3288,#3305,#3320,.T.);
#3320 = LINE('',#3321,#3322);
#3321 = CARTESIAN_POINT('',(-71.21157350126,51.995261959674,
    64.818506423847));
#3322 = VECTOR('',#3323,1.);
#3323 = DIRECTION('',(-4.244569310429E-30,-1.,3.445092848398E-16));
#3324 = CYLINDRICAL_SURFACE('',#3325,1.543);
#3325 = AXIS2_PLACEMENT_3D('',#3326,#3327,#3328);
#3326 = CARTESIAN_POINT('',(-71.21157350126,51.995261959674,
    66.361506423847));
#3327 = DIRECTION('',(0.,-1.,2.22044604925E-16));
#3328 = DIRECTION('',(-3.4537074E-14,2.22044604925E-16,1.));
#3329 = ADVANCED_FACE('',(#3330),#3369,.F.);
#3330 = FACE_BOUND('',#3331,.F.);
#3331 = EDGE_LOOP('',(#3332,#3347,#3348,#3363));
#3332 = ORIENTED_EDGE('',*,*,#3333,.T.);
#3333 = EDGE_CURVE('',#3334,#3288,#3336,.T.);
#3334 = VERTEX_POINT('',#3335);
#3335 = CARTESIAN_POINT('',(-71.21067000933,50.286838512497,
    64.82041686708));
#3336 = B_SPLINE_CURVE_WITH_KNOTS('',3,(#3337,#3338,#3339,#3340,#3341,
    #3342,#3343,#3344,#3345,#3346),.UNSPECIFIED.,.F.,.F.,(4,1,1,1,1,1,1,
    4),(21.991148575128,22.373417223125,23.370294360144,24.367171497163,
    25.364048634182,26.360925771202,27.357802908221,28.274333882308),
  .UNSPECIFIED.);
#3337 = CARTESIAN_POINT('',(-71.21067000933,50.286838512497,
    64.82041686708));
#3338 = CARTESIAN_POINT('',(-71.01346793622,50.276698521677,
    64.819358506582));
#3339 = CARTESIAN_POINT('',(-70.30330932434,50.240115543522,
    64.946019120564));
#3340 = CARTESIAN_POINT('',(-69.42156708508,50.177089578032,
    66.01419152619));
#3341 = CARTESIAN_POINT('',(-69.94805390764,50.097760616026,
    67.676149498692));
#3342 = CARTESIAN_POINT('',(-71.62958829578,50.01843165402,
    68.136340706814));
#3343 = CARTESIAN_POINT('',(-72.92899296477,49.939102692014,
    66.974072177238));
#3344 = CARTESIAN_POINT('',(-72.66569778197,49.861904978173,
    65.298101124558));
#3345 = CARTESIAN_POINT('',(-71.68046879378,49.811150251667,
    64.819071425127));
#3346 = CARTESIAN_POINT('',(-71.21084981585,49.786838512497,
    64.816340288501));
#3347 = ORIENTED_EDGE('',*,*,#3319,.T.);
#3348 = ORIENTED_EDGE('',*,*,#3349,.F.);
#3349 = EDGE_CURVE('',#3350,#3305,#3352,.T.);
#3350 = VERTEX_POINT('',#3351);
#3351 = CARTESIAN_POINT('',(-71.21283127554,50.245261959674,
    64.81743967848));
#3352 = B_SPLINE_CURVE_WITH_KNOTS('',3,(#3353,#3354,#3355,#3356,#3357,
    #3358,#3359,#3360,#3361,#3362),.UNSPECIFIED.,.F.,.F.,(4,1,1,1,1,1,1,
    4),(21.991148575128,22.82100977079,23.817886907809,24.814764044828,
    25.811641181847,26.808518318867,27.805395455886,28.274333882308),
  .UNSPECIFIED.);
#3353 = CARTESIAN_POINT('',(-71.21283127554,50.245261959674,
    64.81743967848));
#3354 = CARTESIAN_POINT('',(-70.78682843564,50.223249207779,
    64.821197584468));
#3355 = CARTESIAN_POINT('',(-69.84282377742,50.174793468549,
    65.225266311232));
#3356 = CARTESIAN_POINT('',(-69.44757580667,50.099894741983,
    66.823111485216));
#3357 = CARTESIAN_POINT('',(-70.64149640899,50.020565779977,
    68.093494172467));
#3358 = CARTESIAN_POINT('',(-72.35655134863,49.941236817971,
    67.780589051872));
#3359 = CARTESIAN_POINT('',(-73.02492986774,49.861907855965,
    66.170436423007));
#3360 = CARTESIAN_POINT('',(-72.21027843784,49.7965829032,
    64.988357272151));
#3361 = CARTESIAN_POINT('',(-71.45393436043,49.757700937769,
    64.820580889949));
#3362 = CARTESIAN_POINT('',(-71.21182153173,49.745261959674,
    64.820928938491));
#3363 = ORIENTED_EDGE('',*,*,#3364,.F.);
#3364 = EDGE_CURVE('',#3334,#3350,#3365,.T.);
#3365 = LINE('',#3366,#3367);
#3366 = CARTESIAN_POINT('',(-71.21157350126,51.995261959674,
    64.818506423847));
#3367 = VECTOR('',#3368,1.);
#3368 = DIRECTION('',(-4.244569310429E-30,-1.,3.445092848398E-16));
#3369 = CYLINDRICAL_SURFACE('',#3370,1.543);
#3370 = AXIS2_PLACEMENT_3D('',#3371,#3372,#3373);
#3371 = CARTESIAN_POINT('',(-71.21157350126,51.995261959674,
    66.361506423847));
#3372 = DIRECTION('',(0.,-1.,2.22044604925E-16));
#3373 = DIRECTION('',(-3.4537074E-14,2.22044604925E-16,1.));
#3374 = ADVANCED_FACE('',(#3375),#3414,.F.);
#3375 = FACE_BOUND('',#3376,.F.);
#3376 = EDGE_LOOP('',(#3377,#3389,#3398,#3408));
#3377 = ORIENTED_EDGE('',*,*,#3378,.F.);
#3378 = EDGE_CURVE('',#3379,#3381,#3383,.T.);
#3379 = VERTEX_POINT('',#3380);
#3380 = CARTESIAN_POINT('',(-72.70486322727,50.891050236085,
    66.760959704509));
#3381 = VERTEX_POINT('',#3382);
#3382 = CARTESIAN_POINT('',(-71.21049523144,50.745261959674,
    64.816986868407));
#3383 = B_SPLINE_CURVE_WITH_KNOTS('',3,(#3384,#3385,#3386,#3387,#3388),
  .UNSPECIFIED.,.F.,.F.,(4,1,4),(13.875933755336,14.845992674637,
    15.707963267949),.UNSPECIFIED.);
#3384 = CARTESIAN_POINT('',(-72.70486751287,50.891050236085,
    66.760961229361));
#3385 = CARTESIAN_POINT('',(-72.83226842702,50.865318624069,
    66.280844628708));
#3386 = CARTESIAN_POINT('',(-72.59794521336,50.816722531932,
    65.245186295894));
#3387 = CARTESIAN_POINT('',(-71.65255760755,50.768126439795,
    64.820538560919));
#3388 = CARTESIAN_POINT('',(-71.21049523144,50.745261959674,
    64.816986868407));
#3389 = ORIENTED_EDGE('',*,*,#3390,.T.);
#3390 = EDGE_CURVE('',#3379,#3391,#3393,.T.);
#3391 = VERTEX_POINT('',#3392);
#3392 = CARTESIAN_POINT('',(-72.70222292948,50.891050236085,
    65.96299258199));
#3393 = CIRCLE('',#3394,1.543);
#3394 = AXIS2_PLACEMENT_3D('',#3395,#3396,#3397);
#3395 = CARTESIAN_POINT('',(-71.21157350126,50.891050236085,
    66.361506423847));
#3396 = DIRECTION('',(0.,-1.,0.));
#3397 = DIRECTION('',(-3.4537074E-14,0.,1.));
#3398 = ORIENTED_EDGE('',*,*,#3399,.T.);
#3399 = EDGE_CURVE('',#3391,#3400,#3402,.T.);
#3400 = VERTEX_POINT('',#3401);
#3401 = CARTESIAN_POINT('',(-71.21310270035,50.786838512497,
    64.820086306313));
#3402 = B_SPLINE_CURVE_WITH_KNOTS('',3,(#3403,#3404,#3405,#3406,#3407),
  .UNSPECIFIED.,.F.,.F.,(4,1,4),(14.398400126972,15.395277263991,
    15.707963267949),.UNSPECIFIED.);
#3403 = CARTESIAN_POINT('',(-72.70222292948,50.891050236085,
    65.96299258199));
#3404 = CARTESIAN_POINT('',(-72.5697998169,50.86460724875,
    65.467661137223));
#3405 = CARTESIAN_POINT('',(-72.04698575689,50.829870007554,
    64.91617031013));
#3406 = CARTESIAN_POINT('',(-71.37418306213,50.795132766358,
    64.818882670219));
#3407 = CARTESIAN_POINT('',(-71.21310270035,50.786838512497,
    64.820086306313));
#3408 = ORIENTED_EDGE('',*,*,#3409,.T.);
#3409 = EDGE_CURVE('',#3400,#3381,#3410,.T.);
#3410 = LINE('',#3411,#3412);
#3411 = CARTESIAN_POINT('',(-71.21157350126,51.995261959674,
    64.818506423847));
#3412 = VECTOR('',#3413,1.);
#3413 = DIRECTION('',(-4.244569310429E-30,-1.,3.445092848398E-16));
#3414 = CYLINDRICAL_SURFACE('',#3415,1.543);
#3415 = AXIS2_PLACEMENT_3D('',#3416,#3417,#3418);
#3416 = CARTESIAN_POINT('',(-71.21157350126,51.995261959674,
    66.361506423847));
#3417 = DIRECTION('',(0.,-1.,2.22044604925E-16));
#3418 = DIRECTION('',(-0.793012883815,-1.352706533055E-16,
    -0.609204863821));
#3419 = ADVANCED_FACE('',(#3420),#3448,.F.);
#3420 = FACE_BOUND('',#3421,.F.);
#3421 = EDGE_LOOP('',(#3422,#3433,#3442));
#3422 = ORIENTED_EDGE('',*,*,#3423,.F.);
#3423 = EDGE_CURVE('',#3424,#3426,#3428,.T.);
#3424 = VERTEX_POINT('',#3425);
#3425 = CARTESIAN_POINT('',(71.64581406051,46.05411767968,
    65.162499220054));
#3426 = VERTEX_POINT('',#3427);
#3427 = CARTESIAN_POINT('',(71.17578128075,46.084469909705,
    65.073164176437));
#3428 = B_SPLINE_CURVE_WITH_KNOTS('',3,(#3429,#3430,#3431,#3432),
  .UNSPECIFIED.,.F.,.F.,(4,4),(-60.78268714045,-60.40126976898),
  .PIECEWISE_BEZIER_KNOTS.);
#3429 = CARTESIAN_POINT('',(71.646839471057,46.05411767968,
    65.160440040593));
#3430 = CARTESIAN_POINT('',(71.49817312271,46.064235089688,
    65.101136516585));
#3431 = CARTESIAN_POINT('',(71.337100560948,46.074352499697,
    65.072426715104));
#3432 = CARTESIAN_POINT('',(71.17578128075,46.084469909705,
    65.073164176437));
#3433 = ORIENTED_EDGE('',*,*,#3434,.T.);
#3434 = EDGE_CURVE('',#3424,#3435,#3437,.T.);
#3435 = VERTEX_POINT('',#3436);
#3436 = CARTESIAN_POINT('',(71.175121184366,46.05411767968,
    65.07162968419));
#3437 = CIRCLE('',#3438,1.2645);
#3438 = AXIS2_PLACEMENT_3D('',#3439,#3440,#3441);
#3439 = CARTESIAN_POINT('',(71.175121184366,46.05411767968,
    66.33612968419));
#3440 = DIRECTION('',(0.,1.,-2.22044604925E-16));
#3441 = DIRECTION('',(0.,2.22044604925E-16,1.));
#3442 = ORIENTED_EDGE('',*,*,#3443,.F.);
#3443 = EDGE_CURVE('',#3426,#3435,#3444,.T.);
#3444 = LINE('',#3445,#3446);
#3445 = CARTESIAN_POINT('',(71.175121184366,43.697065711105,
    65.07162968419));
#3446 = VECTOR('',#3447,1.);
#3447 = DIRECTION('',(0.,-1.,2.22044604925E-16));
#3448 = CYLINDRICAL_SURFACE('',#3449,1.2645);
#3449 = AXIS2_PLACEMENT_3D('',#3450,#3451,#3452);
#3450 = CARTESIAN_POINT('',(71.175121184366,43.697065711105,
    66.33612968419));
#3451 = DIRECTION('',(0.,-1.,2.22044604925E-16));
#3452 = DIRECTION('',(0.,2.22044604925E-16,1.));
#3453 = ADVANCED_FACE('',(#3454),#3520,.F.);
#3454 = FACE_BOUND('',#3455,.F.);
#3455 = EDGE_LOOP('',(#3456,#3483,#3484,#3493,#3514));
#3456 = ORIENTED_EDGE('',*,*,#3457,.F.);
#3457 = EDGE_CURVE('',#3426,#3458,#3460,.T.);
#3458 = VERTEX_POINT('',#3459);
#3459 = CARTESIAN_POINT('',(71.17401633224,46.584469909705,
    65.072250209719));
#3460 = B_SPLINE_CURVE_WITH_KNOTS('',3,(#3461,#3462,#3463,#3464,#3465,
    #3466,#3467,#3468,#3469,#3470,#3471,#3472,#3473,#3474,#3475,#3476,
    #3477,#3478,#3479,#3480,#3481,#3482),.UNSPECIFIED.,.F.,.F.,(4,3,3,3,
    3,3,3,4),(-60.40126976898,-59.81262822115,-58.81575108413,
    -57.81887394711,-56.82199681009,-55.82511967307,-54.82824253605,
    -54.1180844618),.UNSPECIFIED.);
#3461 = CARTESIAN_POINT('',(71.17578128075,46.084469909705,
    65.073164176437));
#3462 = CARTESIAN_POINT('',(70.926817185521,46.100084111713,
    65.07430230074));
#3463 = CARTESIAN_POINT('',(70.677265462283,46.115698313721,
    65.145577204421));
#3464 = CARTESIAN_POINT('',(70.47182192683,46.131312515729,
    65.282774736133));
#3465 = CARTESIAN_POINT('',(70.123898875538,46.157755503064,
    65.515121710489));
#3466 = CARTESIAN_POINT('',(69.902478776638,46.184198490399,
    65.93653578313));
#3467 = CARTESIAN_POINT('',(69.908653052536,46.210641477734,
    66.354733553894));
#3468 = CARTESIAN_POINT('',(69.914827328434,46.23708446507,
    66.772931324659));
#3469 = CARTESIAN_POINT('',(70.148595979131,46.263527452405,
    67.187912793547));
#3470 = CARTESIAN_POINT('',(70.503165027956,46.289970439741,
    67.409840884749));
#3471 = CARTESIAN_POINT('',(70.85773407678,46.316413427076,
    67.631768975951));
#3472 = CARTESIAN_POINT('',(71.333103523733,46.342856414411,
    67.660643689466));
#3473 = CARTESIAN_POINT('',(71.711968379083,46.369299401746,
    67.483344719296));
#3474 = CARTESIAN_POINT('',(72.090833234433,46.395742389082,
    67.306045749125));
#3475 = CARTESIAN_POINT('',(72.37319349818,46.422185376417,
    66.922573095269));
#3476 = CARTESIAN_POINT('',(72.430002936427,46.448628363752,
    66.50816412143));
#3477 = CARTESIAN_POINT('',(72.486812374674,46.475071351088,
    66.093755147591));
#3478 = CARTESIAN_POINT('',(72.318070987419,46.501514338423,
    65.648409853768));
#3479 = CARTESIAN_POINT('',(72.000899602201,46.527957325758,
    65.375701436833));
#3480 = CARTESIAN_POINT('',(71.774952179225,46.546794853741,
    65.181428665384));
#3481 = CARTESIAN_POINT('',(71.473678138356,46.565632381723,
    65.074767240954));
#3482 = CARTESIAN_POINT('',(71.17401633224,46.584469909705,
    65.072250209719));
#3483 = ORIENTED_EDGE('',*,*,#3443,.T.);
#3484 = ORIENTED_EDGE('',*,*,#3485,.T.);
#3485 = EDGE_CURVE('',#3435,#3486,#3488,.T.);
#3486 = VERTEX_POINT('',#3487);
#3487 = CARTESIAN_POINT('',(69.944685296312,46.05411767968,
    66.04460305524));
#3488 = CIRCLE('',#3489,1.2645);
#3489 = AXIS2_PLACEMENT_3D('',#3490,#3491,#3492);
#3490 = CARTESIAN_POINT('',(71.175121184366,46.05411767968,
    66.33612968419));
#3491 = DIRECTION('',(0.,1.,-2.22044604925E-16));
#3492 = DIRECTION('',(0.,2.22044604925E-16,1.));
#3493 = ORIENTED_EDGE('',*,*,#3494,.F.);
#3494 = EDGE_CURVE('',#3495,#3486,#3497,.T.);
#3495 = VERTEX_POINT('',#3496);
#3496 = CARTESIAN_POINT('',(71.174812891444,46.447630562466,
    65.069580834609));
#3497 = B_SPLINE_CURVE_WITH_KNOTS('',3,(#3498,#3499,#3500,#3501,#3502,
    #3503,#3504,#3505,#3506,#3507,#3508,#3509,#3510,#3511,#3512,#3513),
  .UNSPECIFIED.,.F.,.F.,(4,3,3,3,3,4),(57.858230905593,58.815751084131,
    59.81262822115,60.80950535817,61.806382495189,62.803259632208),
  .UNSPECIFIED.);
#3498 = CARTESIAN_POINT('',(71.174812891444,46.447630562466,
    65.069580834609));
#3499 = CARTESIAN_POINT('',(71.576672448124,46.422231550879,
    65.070908425339));
#3500 = CARTESIAN_POINT('',(71.979703714827,46.396832539291,
    65.278658023387));
#3501 = CARTESIAN_POINT('',(72.210933141063,46.371433527704,
    65.60717087872));
#3502 = CARTESIAN_POINT('',(72.451666791996,46.344990540368,
    65.949186600205));
#3503 = CARTESIAN_POINT('',(72.506185206151,46.318547553033,
    66.422097069315));
#3504 = CARTESIAN_POINT('',(72.349663666424,46.292104565698,
    66.810087450967));
#3505 = CARTESIAN_POINT('',(72.193142126696,46.265661578362,
    67.198077832619));
#3506 = CARTESIAN_POINT('',(71.825580633086,46.239218591027,
    67.501148126812));
#3507 = CARTESIAN_POINT('',(71.414794697631,46.212775603692,
    67.580069454734));
#3508 = CARTESIAN_POINT('',(71.004008762176,46.186332616357,
    67.658990782656));
#3509 = CARTESIAN_POINT('',(70.549998384875,46.159889629021,
    67.513763144307));
#3510 = CARTESIAN_POINT('',(70.26094949914,46.133446641686,
    67.212382329567));
#3511 = CARTESIAN_POINT('',(69.971900613405,46.107003654351,
    66.911001514827));
#3512 = CARTESIAN_POINT('',(69.847813219234,46.080560667015,
    66.453467523696));
#3513 = CARTESIAN_POINT('',(69.944685296312,46.05411767968,
    66.04460305524));
#3514 = ORIENTED_EDGE('',*,*,#3515,.F.);
#3515 = EDGE_CURVE('',#3458,#3495,#3516,.T.);
#3516 = LINE('',#3517,#3518);
#3517 = CARTESIAN_POINT('',(71.175121184366,43.697065711105,
    65.07162968419));
#3518 = VECTOR('',#3519,1.);
#3519 = DIRECTION('',(0.,-1.,2.22044604925E-16));
#3520 = CYLINDRICAL_SURFACE('',#3521,1.2645);
#3521 = AXIS2_PLACEMENT_3D('',#3522,#3523,#3524);
#3522 = CARTESIAN_POINT('',(71.175121184366,43.697065711105,
    66.33612968419));
#3523 = DIRECTION('',(0.,-1.,2.22044604925E-16));
#3524 = DIRECTION('',(0.,2.22044604925E-16,1.));
#3525 = ADVANCED_FACE('',(#3526),#3595,.F.);
#3526 = FACE_BOUND('',#3527,.F.);
#3527 = EDGE_LOOP('',(#3528,#3558,#3559,#3589));
#3528 = ORIENTED_EDGE('',*,*,#3529,.F.);
#3529 = EDGE_CURVE('',#3458,#3530,#3532,.T.);
#3530 = VERTEX_POINT('',#3531);
#3531 = CARTESIAN_POINT('',(71.175239783321,47.084469909705,
    65.069523472954));
#3532 = B_SPLINE_CURVE_WITH_KNOTS('',3,(#3533,#3534,#3535,#3536,#3537,
    #3538,#3539,#3540,#3541,#3542,#3543,#3544,#3545,#3546,#3547,#3548,
    #3549,#3550,#3551,#3552,#3553,#3554,#3555,#3556,#3557),
  .UNSPECIFIED.,.F.,.F.,(4,3,3,3,3,3,3,3,4),(-54.1180844618,
    -53.83136539903,-52.83448826201,-51.83761112499,-50.84073398797,
    -49.84385685095,-48.84697971393,-47.85010257692,-47.83489915462),
  .UNSPECIFIED.);
#3533 = CARTESIAN_POINT('',(71.17401633224,46.584469909705,
    65.072250209719));
#3534 = CARTESIAN_POINT('',(71.053030941363,46.592075369058,
    65.071233984088));
#3535 = CARTESIAN_POINT('',(70.932308354113,46.599680828411,
    65.087193899399));
#3536 = CARTESIAN_POINT('',(70.816912064765,46.607286287764,
    65.121218027303));
#3537 = CARTESIAN_POINT('',(70.415697295729,46.6337292751,
    65.239514574759));
#3538 = CARTESIAN_POINT('',(70.078869140837,46.660172262435,
    65.576179209719));
#3539 = CARTESIAN_POINT('',(69.960381045357,46.68661524977,
    65.977335997537));
#3540 = CARTESIAN_POINT('',(69.841892949876,46.713058237105,
    66.378492785354));
#3541 = CARTESIAN_POINT('',(69.941744913806,46.739501224441,
    66.844141726028));
#3542 = CARTESIAN_POINT('',(70.214298048966,46.765944211776,
    67.161445437769));
#3543 = CARTESIAN_POINT('',(70.486851184125,46.792387199112,
    67.47874914951));
#3544 = CARTESIAN_POINT('',(70.932105490513,46.818830186447,
    67.647707632318));
#3545 = CARTESIAN_POINT('',(71.346547114693,46.845273173782,
    67.591095589962));
#3546 = CARTESIAN_POINT('',(71.760988738872,46.871716161117,
    67.534483547606));
#3547 = CARTESIAN_POINT('',(72.144617680843,46.898159148453,
    67.252300980087));
#3548 = CARTESIAN_POINT('',(72.322087851684,46.924602135788,
    66.873525312491));
#3549 = CARTESIAN_POINT('',(72.499558022525,46.951045123123,
    66.494749644895));
#3550 = CARTESIAN_POINT('',(72.470869422236,46.977488110459,
    66.019380877221));
#3551 = CARTESIAN_POINT('',(72.249134742899,47.003931097794,
    65.664697246952));
#3552 = CARTESIAN_POINT('',(72.027400063562,47.030374085129,
    65.310013616683));
#3553 = CARTESIAN_POINT('',(71.612619305177,47.056817072465,
    65.076015123818));
#3554 = CARTESIAN_POINT('',(71.194377398443,47.0832600598,
    65.069655941388));
#3555 = CARTESIAN_POINT('',(71.187998770533,47.083663343102,
    65.069558957184));
#3556 = CARTESIAN_POINT('',(71.181619337579,47.084066626403,
    65.069514920632));
#3557 = CARTESIAN_POINT('',(71.175239783321,47.084469909705,
    65.069523472954));
#3558 = ORIENTED_EDGE('',*,*,#3515,.T.);
#3559 = ORIENTED_EDGE('',*,*,#3560,.F.);
#3560 = EDGE_CURVE('',#3561,#3495,#3563,.T.);
#3561 = VERTEX_POINT('',#3562);
#3562 = CARTESIAN_POINT('',(71.176262411214,46.947630562466,
    65.071959311817));
#3563 = B_SPLINE_CURVE_WITH_KNOTS('',3,(#3564,#3565,#3566,#3567,#3568,
    #3569,#3570,#3571,#3572,#3573,#3574,#3575,#3576,#3577,#3578,#3579,
    #3580,#3581,#3582,#3583,#3584,#3585,#3586,#3587,#3588),
  .UNSPECIFIED.,.F.,.F.,(4,3,3,3,3,3,3,3,4),(51.575045598414,
    51.837611124997,52.834488262016,53.831365399035,54.828242536054,
    55.825119673074,56.821996810093,57.818873947112,57.858230905593),
  .UNSPECIFIED.);
#3564 = CARTESIAN_POINT('',(71.176262411214,46.947630562466,
    65.071959311817));
#3565 = CARTESIAN_POINT('',(71.286990816602,46.940665795559,
    65.070979852148));
#3566 = CARTESIAN_POINT('',(71.397486995596,46.933701028652,
    65.084323563508));
#3567 = CARTESIAN_POINT('',(71.503883739399,46.926736261746,
    65.112919942402));
#3568 = CARTESIAN_POINT('',(71.907838069316,46.90029327441,
    65.22149122627));
#3569 = CARTESIAN_POINT('',(72.252699964193,46.873850287075,
    65.549926277536));
#3570 = CARTESIAN_POINT('',(72.380841952583,46.84740729974,
    65.948104371616));
#3571 = CARTESIAN_POINT('',(72.508983940972,46.820964312404,
    66.346282465696));
#3572 = CARTESIAN_POINT('',(72.420406022872,46.794521325069,
    66.814203602591));
#3573 = CARTESIAN_POINT('',(72.155595913879,46.768078337734,
    67.137998194163));
#3574 = CARTESIAN_POINT('',(71.890785804887,46.741635350398,
    67.461792785735));
#3575 = CARTESIAN_POINT('',(71.449743505001,46.715192363063,
    67.641460831985));
#3576 = CARTESIAN_POINT('',(71.034054889484,46.688749375728,
    67.594872079594));
#3577 = CARTESIAN_POINT('',(70.618366273967,46.662306388392,
    67.548283327203));
#3578 = CARTESIAN_POINT('',(70.228031342818,46.635863401057,
    67.275437776172));
#3579 = CARTESIAN_POINT('',(70.041466535851,46.609420413722,
    66.90106410402));
#3580 = CARTESIAN_POINT('',(69.854901728885,46.582977426386,
    66.526690431867));
#3581 = CARTESIAN_POINT('',(69.872107046101,46.556534439051,
    66.050788638594));
#3582 = CARTESIAN_POINT('',(70.085207929941,46.530091451716,
    65.69084213599));
#3583 = CARTESIAN_POINT('',(70.298308813781,46.50364846438,
    65.330895633386));
#3584 = CARTESIAN_POINT('',(70.707305264244,46.477205477045,
    65.086904421452));
#3585 = CARTESIAN_POINT('',(71.125277933332,46.45076248971,
    65.070469302414));
#3586 = CARTESIAN_POINT('',(71.141779598756,46.449718513962,
    65.069820439808));
#3587 = CARTESIAN_POINT('',(71.158295255323,46.448674538214,
    65.069526266638));
#3588 = CARTESIAN_POINT('',(71.174812891444,46.447630562466,
    65.069580834609));
#3589 = ORIENTED_EDGE('',*,*,#3590,.F.);
#3590 = EDGE_CURVE('',#3530,#3561,#3591,.T.);
#3591 = LINE('',#3592,#3593);
#3592 = CARTESIAN_POINT('',(71.175121184366,43.697065711105,
    65.07162968419));
#3593 = VECTOR('',#3594,1.);
#3594 = DIRECTION('',(0.,-1.,2.22044604925E-16));
#3595 = CYLINDRICAL_SURFACE('',#3596,1.2645);
#3596 = AXIS2_PLACEMENT_3D('',#3597,#3598,#3599);
#3597 = CARTESIAN_POINT('',(71.175121184366,43.697065711105,
    66.33612968419));
#3598 = DIRECTION('',(0.,-1.,2.22044604925E-16));
#3599 = DIRECTION('',(0.,2.22044604925E-16,1.));
#3600 = ADVANCED_FACE('',(#3601),#3664,.F.);
#3601 = FACE_BOUND('',#3602,.F.);
#3602 = EDGE_LOOP('',(#3603,#3630,#3631,#3658));
#3603 = ORIENTED_EDGE('',*,*,#3604,.F.);
#3604 = EDGE_CURVE('',#3530,#3605,#3607,.T.);
#3605 = VERTEX_POINT('',#3606);
#3606 = CARTESIAN_POINT('',(71.176146332046,47.584469909705,
    65.072592885981));
#3607 = B_SPLINE_CURVE_WITH_KNOTS('',3,(#3608,#3609,#3610,#3611,#3612,
    #3613,#3614,#3615,#3616,#3617,#3618,#3619,#3620,#3621,#3622,#3623,
    #3624,#3625,#3626,#3627,#3628,#3629),.UNSPECIFIED.,.F.,.F.,(4,3,3,3,
    3,3,3,4),(-47.83489915462,-46.8532254399,-45.85634830288,
    -44.85947116586,-43.86259402884,-42.86571689182,-41.8688397548,
    -41.55171384744),.UNSPECIFIED.);
#3608 = CARTESIAN_POINT('',(71.175239783321,47.084469909705,
    65.069523472954));
#3609 = CARTESIAN_POINT('',(70.763316690884,47.110509613739,
    65.070075690019));
#3610 = CARTESIAN_POINT('',(70.350887858869,47.136549317772,
    65.289880872819));
#3611 = CARTESIAN_POINT('',(70.122017098871,47.162589021806,
    65.632355310184));
#3612 = CARTESIAN_POINT('',(69.889601761115,47.189032009141,
    65.980133733403));
#3613 = CARTESIAN_POINT('',(69.846474140685,47.215474996477,
    66.454410451835));
#3614 = CARTESIAN_POINT('',(70.012346697281,47.241917983812,
    66.838406577837));
#3615 = CARTESIAN_POINT('',(70.178219253876,47.268360971147,
    67.222402703838));
#3616 = CARTESIAN_POINT('',(70.553091987496,47.294803958482,
    67.516118237409));
#3617 = CARTESIAN_POINT('',(70.965620863395,47.321246945818,
    67.585303887761));
#3618 = CARTESIAN_POINT('',(71.378149739294,47.347689933153,
    67.654489538113));
#3619 = CARTESIAN_POINT('',(71.828334757473,47.374132920488,
    67.499145305245));
#3620 = CARTESIAN_POINT('',(72.110408712805,47.400575907824,
    67.190274765324));
#3621 = CARTESIAN_POINT('',(72.392482668138,47.427018895159,
    66.881404225404));
#3622 = CARTESIAN_POINT('',(72.506445560625,47.453461882494,
    66.41900737843));
#3623 = CARTESIAN_POINT('',(72.400208081163,47.47990486983,
    66.014433126073));
#3624 = CARTESIAN_POINT('',(72.293970601701,47.506347857165,
    65.609858873717));
#3625 = CARTESIAN_POINT('',(71.967532750291,47.5327908445,
    65.263107215978));
#3626 = CARTESIAN_POINT('',(71.570100303486,47.559233831836,
    65.132668810454));
#3627 = CARTESIAN_POINT('',(71.443669351641,47.567645857792,
    65.091173829608));
#3628 = CARTESIAN_POINT('',(71.310053752338,47.576057883748,
    65.071569732833));
#3629 = CARTESIAN_POINT('',(71.176146332046,47.584469909705,
    65.072592885981));
#3630 = ORIENTED_EDGE('',*,*,#3590,.T.);
#3631 = ORIENTED_EDGE('',*,*,#3632,.F.);
#3632 = EDGE_CURVE('',#3633,#3561,#3635,.T.);
#3633 = VERTEX_POINT('',#3634);
#3634 = CARTESIAN_POINT('',(71.174675349092,47.447630562466,
    65.073495952523));
#3635 = B_SPLINE_CURVE_WITH_KNOTS('',3,(#3636,#3637,#3638,#3639,#3640,
    #3641,#3642,#3643,#3644,#3645,#3646,#3647,#3648,#3649,#3650,#3651,
    #3652,#3653,#3654,#3655,#3656,#3657),.UNSPECIFIED.,.F.,.F.,(4,3,3,3,
    3,3,3,4),(45.291860291234,45.856348302882,46.853225439901,
    47.85010257692,48.846979713939,49.843856850959,50.840733987978,
    51.575045598414),.UNSPECIFIED.);
#3636 = CARTESIAN_POINT('',(71.174675349092,47.447630562466,
    65.073495952523));
#3637 = CARTESIAN_POINT('',(71.413460470599,47.432657052904,
    65.074253111202));
#3638 = CARTESIAN_POINT('',(71.652628050713,47.417683543343,
    65.139293898264));
#3639 = CARTESIAN_POINT('',(71.852741775608,47.402710033781,
    65.266009775617));
#3640 = CARTESIAN_POINT('',(72.206139532576,47.376267046446,
    65.48978806395));
#3641 = CARTESIAN_POINT('',(72.437739968115,47.349824059111,
    65.905912556114));
#3642 = CARTESIAN_POINT('',(72.441684876917,47.323381071775,
    66.324184149345));
#3643 = CARTESIAN_POINT('',(72.44562978572,47.29693808444,
    66.742455742576));
#3644 = CARTESIAN_POINT('',(72.221919167786,47.270495097105,
    67.162874436874));
#3645 = CARTESIAN_POINT('',(71.872805017268,47.244052109769,
    67.393278448984));
#3646 = CARTESIAN_POINT('',(71.523690866749,47.217609122434,
    67.623682461094));
#3647 = CARTESIAN_POINT('',(71.049173183644,47.191166135099,
    67.664071791016));
#3648 = CARTESIAN_POINT('',(70.666140936863,47.164723147763,
    67.495985471822));
#3649 = CARTESIAN_POINT('',(70.283108690081,47.138280160428,
    67.327899152628));
#3650 = CARTESIAN_POINT('',(69.991561879622,47.111837173093,
    66.951337184319));
#3651 = CARTESIAN_POINT('',(69.92475860946,47.085394185757,
    66.538415935095));
#3652 = CARTESIAN_POINT('',(69.857955339298,47.058951198422,
    66.125494685871));
#3653 = CARTESIAN_POINT('',(70.015895609434,47.032508211087,
    65.676214155732));
#3654 = CARTESIAN_POINT('',(70.326389126979,47.006065223751,
    65.395927648897));
#3655 = CARTESIAN_POINT('',(70.555102361973,46.986587003323,
    65.189465258926));
#3656 = CARTESIAN_POINT('',(70.866590556196,46.967108782894,
    65.074698546538));
#3657 = CARTESIAN_POINT('',(71.176262411214,46.947630562466,
    65.071959311817));
#3658 = ORIENTED_EDGE('',*,*,#3659,.F.);
#3659 = EDGE_CURVE('',#3605,#3633,#3660,.T.);
#3660 = LINE('',#3661,#3662);
#3661 = CARTESIAN_POINT('',(71.175121184366,43.697065711105,
    65.07162968419));
#3662 = VECTOR('',#3663,1.);
#3663 = DIRECTION('',(0.,-1.,2.22044604925E-16));
#3664 = CYLINDRICAL_SURFACE('',#3665,1.2645);
#3665 = AXIS2_PLACEMENT_3D('',#3666,#3667,#3668);
#3666 = CARTESIAN_POINT('',(71.175121184366,43.697065711105,
    66.33612968419));
#3667 = DIRECTION('',(0.,-1.,2.22044604925E-16));
#3668 = DIRECTION('',(0.,2.22044604925E-16,1.));
#3669 = ADVANCED_FACE('',(#3670),#3733,.F.);
#3670 = FACE_BOUND('',#3671,.F.);
#3671 = EDGE_LOOP('',(#3672,#3699,#3700,#3727));
#3672 = ORIENTED_EDGE('',*,*,#3673,.F.);
#3673 = EDGE_CURVE('',#3605,#3674,#3676,.T.);
#3674 = VERTEX_POINT('',#3675);
#3675 = CARTESIAN_POINT('',(71.174355437907,48.084469909705,
    65.073159158358));
#3676 = B_SPLINE_CURVE_WITH_KNOTS('',3,(#3677,#3678,#3679,#3680,#3681,
    #3682,#3683,#3684,#3685,#3686,#3687,#3688,#3689,#3690,#3691,#3692,
    #3693,#3694,#3695,#3696,#3697,#3698),.UNSPECIFIED.,.F.,.F.,(4,3,3,3,
    3,3,3,4),(-41.55171384744,-40.87196261778,-39.87508548076,
    -38.87820834374,-37.88133120672,-36.8844540697,-35.88757693269,
    -35.26852854026),.UNSPECIFIED.);
#3677 = CARTESIAN_POINT('',(71.176146332046,47.584469909705,
    65.072592885981));
#3678 = CARTESIAN_POINT('',(70.889119219177,47.602500871084,
    65.074785988449));
#3679 = CARTESIAN_POINT('',(70.600751340011,47.620531832463,
    65.171750620206));
#3680 = CARTESIAN_POINT('',(70.378924312015,47.638562793842,
    65.35104231739));
#3681 = CARTESIAN_POINT('',(70.053607809548,47.665005781177,
    65.61397938316));
#3682 = CARTESIAN_POINT('',(69.87140184681,47.691448768512,
    66.053978668009));
#3683 = CARTESIAN_POINT('',(69.915587765089,47.717891755848,
    66.469928583347));
#3684 = CARTESIAN_POINT('',(69.959773683367,47.744334743183,
    66.885878498685));
#3685 = CARTESIAN_POINT('',(70.23035148266,47.770777730518,
    67.277779044512));
#3686 = CARTESIAN_POINT('',(70.603647482439,47.797220717853,
    67.466503245273));
#3687 = CARTESIAN_POINT('',(70.976943482217,47.823663705189,
    67.655227446034));
#3688 = CARTESIAN_POINT('',(71.452957682481,47.850106692524,
    67.640775301729));
#3689 = CARTESIAN_POINT('',(71.81411706633,47.876549679859,
    67.429752490506));
#3690 = CARTESIAN_POINT('',(72.17527645018,47.902992667195,
    67.218729679283));
#3691 = CARTESIAN_POINT('',(72.421581017615,47.92943565453,
    66.811136201143));
#3692 = CARTESIAN_POINT('',(72.440451715752,47.955878641865,
    66.39327184018));
#3693 = CARTESIAN_POINT('',(72.459322413889,47.982321629201,
    65.975407479218));
#3694 = CARTESIAN_POINT('',(72.250759242727,48.008764616536,
    65.547272235434));
#3695 = CARTESIAN_POINT('',(71.910090699497,48.035207603871,
    65.304554969753));
#3696 = CARTESIAN_POINT('',(71.698539740805,48.051628372482,
    65.153830544893));
#3697 = CARTESIAN_POINT('',(71.436045560337,48.068049141094,
    65.074608050892));
#3698 = CARTESIAN_POINT('',(71.174355437907,48.084469909705,
    65.073159158358));
#3699 = ORIENTED_EDGE('',*,*,#3659,.T.);
#3700 = ORIENTED_EDGE('',*,*,#3701,.F.);
#3701 = EDGE_CURVE('',#3702,#3633,#3704,.T.);
#3702 = VERTEX_POINT('',#3703);
#3703 = CARTESIAN_POINT('',(71.17424046557,47.947630562466,
    65.070331944125));
#3704 = B_SPLINE_CURVE_WITH_KNOTS('',3,(#3705,#3706,#3707,#3708,#3709,
    #3710,#3711,#3712,#3713,#3714,#3715,#3716,#3717,#3718,#3719,#3720,
    #3721,#3722,#3723,#3724,#3725,#3726),.UNSPECIFIED.,.F.,.F.,(4,3,3,3,
    3,3,3,4),(39.008674984055,39.875085480767,40.871962617786,
    41.868839754805,42.865716891824,43.862594028844,44.859471165863,
    45.291860291234),.UNSPECIFIED.);
#3705 = CARTESIAN_POINT('',(71.17424046557,47.947630562466,
    65.070331944125));
#3706 = CARTESIAN_POINT('',(71.538411655949,47.92464831025,
    65.073222452241));
#3707 = CARTESIAN_POINT('',(71.90487733764,47.901666058033,
    65.238883965014));
#3708 = CARTESIAN_POINT('',(72.140297560709,47.878683805817,
    65.515909688748));
#3709 = CARTESIAN_POINT('',(72.41116805323,47.852240818481,
    65.834650760566));
#3710 = CARTESIAN_POINT('',(72.508555181261,47.825797831146,
    66.300820352262));
#3711 = CARTESIAN_POINT('',(72.387945963281,47.799354843811,
    66.701345146763));
#3712 = CARTESIAN_POINT('',(72.267336745301,47.772911856476,
    67.101869941264));
#3713 = CARTESIAN_POINT('',(71.928731181311,47.74646886914,
    67.436749938569));
#3714 = CARTESIAN_POINT('',(71.526896574797,47.720025881805,
    67.552920690288));
#3715 = CARTESIAN_POINT('',(71.125061968283,47.69358289447,
    67.669091442007));
#3716 = CARTESIAN_POINT('',(70.659998319246,47.667139907134,
    67.56655294814));
#3717 = CARTESIAN_POINT('',(70.344273448012,47.640696919799,
    67.292172736507));
#3718 = CARTESIAN_POINT('',(70.028548576778,47.614253932464,
    67.017792524875));
#3719 = CARTESIAN_POINT('',(69.862162483348,47.587810945128,
    66.571570595477));
#3720 = CARTESIAN_POINT('',(69.921165681954,47.561367957793,
    66.157462739479));
#3721 = CARTESIAN_POINT('',(69.98016888056,47.534924970458,
    65.743354883481));
#3722 = CARTESIAN_POINT('',(70.264561371203,47.508481983122,
    65.361361100883));
#3723 = CARTESIAN_POINT('',(70.644355155723,47.482038995787,
    65.186080251833));
#3724 = CARTESIAN_POINT('',(70.809088297062,47.470569518013,
    65.110053297056));
#3725 = CARTESIAN_POINT('',(70.991769622647,47.45910004024,
    65.072915980633));
#3726 = CARTESIAN_POINT('',(71.174675349092,47.447630562466,
    65.073495952523));
#3727 = ORIENTED_EDGE('',*,*,#3728,.F.);
#3728 = EDGE_CURVE('',#3674,#3702,#3729,.T.);
#3729 = LINE('',#3730,#3731);
#3730 = CARTESIAN_POINT('',(71.175121184366,43.697065711105,
    65.07162968419));
#3731 = VECTOR('',#3732,1.);
#3732 = DIRECTION('',(0.,-1.,2.22044604925E-16));
#3733 = CYLINDRICAL_SURFACE('',#3734,1.2645);
#3734 = AXIS2_PLACEMENT_3D('',#3735,#3736,#3737);
#3735 = CARTESIAN_POINT('',(71.175121184366,43.697065711105,
    66.33612968419));
#3736 = DIRECTION('',(0.,-1.,2.22044604925E-16));
#3737 = DIRECTION('',(0.,2.22044604925E-16,1.));
#3738 = ADVANCED_FACE('',(#3739),#3805,.F.);
#3739 = FACE_BOUND('',#3740,.F.);
#3740 = EDGE_LOOP('',(#3741,#3768,#3769,#3799));
#3741 = ORIENTED_EDGE('',*,*,#3742,.F.);
#3742 = EDGE_CURVE('',#3674,#3743,#3745,.T.);
#3743 = VERTEX_POINT('',#3744);
#3744 = CARTESIAN_POINT('',(71.174557535468,48.584469909705,
    65.069819971379));
#3745 = B_SPLINE_CURVE_WITH_KNOTS('',3,(#3746,#3747,#3748,#3749,#3750,
    #3751,#3752,#3753,#3754,#3755,#3756,#3757,#3758,#3759,#3760,#3761,
    #3762,#3763,#3764,#3765,#3766,#3767),.UNSPECIFIED.,.F.,.F.,(4,3,3,3,
    3,3,3,4),(-35.26852854026,-34.89069979567,-33.89382265865,
    -32.89694552163,-31.90006838461,-30.90319124759,-29.90631411057,
    -28.98534323308),.UNSPECIFIED.);
#3746 = CARTESIAN_POINT('',(71.174355437907,48.084469909705,
    65.073159158358));
#3747 = CARTESIAN_POINT('',(71.014636017517,48.094492128429,
    65.072274844218));
#3748 = CARTESIAN_POINT('',(70.855216118755,48.104514347153,
    65.100362164775));
#3749 = CARTESIAN_POINT('',(70.707860925269,48.114536565877,
    65.15884703762));
#3750 = CARTESIAN_POINT('',(70.319073609566,48.140979553213,
    65.313155658746));
#3751 = CARTESIAN_POINT('',(70.014272893456,48.167422540548,
    65.679072188577));
#3752 = CARTESIAN_POINT('',(69.93277481274,48.193865527883,
    66.089346231439));
#3753 = CARTESIAN_POINT('',(69.851276732024,48.220308515218,
    66.499620274301));
#3754 = CARTESIAN_POINT('',(69.993081286702,48.246751502554,
    66.954251830194));
#3755 = CARTESIAN_POINT('',(70.293373509578,48.273194489889,
    67.24544130165));
#3756 = CARTESIAN_POINT('',(70.593665732453,48.299637477225,
    67.536630773106));
#3757 = CARTESIAN_POINT('',(71.052445623525,48.32608046456,
    67.664378160125));
#3758 = CARTESIAN_POINT('',(71.46001749525,48.352523451895,
    67.570293640757));
#3759 = CARTESIAN_POINT('',(71.867589366975,48.378966439231,
    67.47620912139));
#3760 = CARTESIAN_POINT('',(72.223953219354,48.405409426566,
    67.160292695636));
#3761 = CARTESIAN_POINT('',(72.366224923209,48.431852413901,
    66.766941084875));
#3762 = CARTESIAN_POINT('',(72.508496627064,48.458295401236,
    66.373589474114));
#3763 = CARTESIAN_POINT('',(72.436676182396,48.484738388572,
    65.902802678345));
#3764 = CARTESIAN_POINT('',(72.183590741873,48.511181375907,
    65.569764411473));
#3765 = CARTESIAN_POINT('',(71.949776251017,48.535610887173,
    65.262085026033));
#3766 = CARTESIAN_POINT('',(71.561250305818,48.560040398439,
    65.071975362967));
#3767 = CARTESIAN_POINT('',(71.174557535468,48.584469909705,
    65.069819971379));
#3768 = ORIENTED_EDGE('',*,*,#3728,.T.);
#3769 = ORIENTED_EDGE('',*,*,#3770,.F.);
#3770 = EDGE_CURVE('',#3771,#3702,#3773,.T.);
#3771 = VERTEX_POINT('',#3772);
#3772 = CARTESIAN_POINT('',(71.176165467356,48.447630562466,
    65.070809667347));
#3773 = B_SPLINE_CURVE_WITH_KNOTS('',3,(#3774,#3775,#3776,#3777,#3778,
    #3779,#3780,#3781,#3782,#3783,#3784,#3785,#3786,#3787,#3788,#3789,
    #3790,#3791,#3792,#3793,#3794,#3795,#3796,#3797,#3798),
  .UNSPECIFIED.,.F.,.F.,(4,3,3,3,3,3,3,3,4),(32.725489676875,
    32.896945521633,33.893822658652,34.890699795671,35.88757693269,
    36.884454069709,37.881331206728,38.878208343748,39.008674984055),
  .UNSPECIFIED.);
#3774 = CARTESIAN_POINT('',(71.176165467356,48.447630562466,
    65.070809667347));
#3775 = CARTESIAN_POINT('',(71.248302874239,48.44308255493,
    65.070168150903));
#3776 = CARTESIAN_POINT('',(71.320340028917,48.438534547394,
    65.075806885779));
#3777 = CARTESIAN_POINT('',(71.391228127607,48.433986539859,
    65.088081581188));
#3778 = CARTESIAN_POINT('',(71.803385117476,48.407543552523,
    65.15944901246));
#3779 = CARTESIAN_POINT('',(72.176698471581,48.381100565188,
    65.455143923461));
#3780 = CARTESIAN_POINT('',(72.340536909035,48.354657577852,
    65.840012291812));
#3781 = CARTESIAN_POINT('',(72.50437534649,48.328214590517,
    66.224880660164));
#3782 = CARTESIAN_POINT('',(72.458738867294,48.301771603182,
    66.698922485866));
#3783 = CARTESIAN_POINT('',(72.224486652654,48.275328615847,
    67.045466270228));
#3784 = CARTESIAN_POINT('',(71.990234438014,48.248885628511,
    67.39201005459));
#3785 = CARTESIAN_POINT('',(71.56736648793,48.222442641176,
    67.611055797613));
#3786 = CARTESIAN_POINT('',(71.149164128066,48.195999653841,
    67.602483706392));
#3787 = CARTESIAN_POINT('',(70.730961768202,48.169556666505,
    67.593911615171));
#3788 = CARTESIAN_POINT('',(70.317424998557,48.14311367917,
    67.357721689706));
#3789 = CARTESIAN_POINT('',(70.097570118498,48.116670691835,
    67.001869857812));
#3790 = CARTESIAN_POINT('',(69.877715238438,48.090227704499,
    66.646018025917));
#3791 = CARTESIAN_POINT('',(69.851542247962,48.063784717164,
    66.170504287592));
#3792 = CARTESIAN_POINT('',(70.03101410217,48.037341729829,
    65.792672912394));
#3793 = CARTESIAN_POINT('',(70.210485956378,48.010898742493,
    65.414841537196));
#3794 = CARTESIAN_POINT('',(70.595602655271,47.984455755158,
    65.134692525124));
#3795 = CARTESIAN_POINT('',(71.010337933223,47.958012767823,
    65.080274295058));
#3796 = CARTESIAN_POINT('',(71.064616556257,47.954552032704,
    65.073152290365));
#3797 = CARTESIAN_POINT('',(71.119402496864,47.951091297585,
    65.069896682914));
#3798 = CARTESIAN_POINT('',(71.17424046557,47.947630562466,
    65.070331944125));
#3799 = ORIENTED_EDGE('',*,*,#3800,.F.);
#3800 = EDGE_CURVE('',#3743,#3771,#3801,.T.);
#3801 = LINE('',#3802,#3803);
#3802 = CARTESIAN_POINT('',(71.175121184366,43.697065711105,
    65.07162968419));
#3803 = VECTOR('',#3804,1.);
#3804 = DIRECTION('',(0.,-1.,2.22044604925E-16));
#3805 = CYLINDRICAL_SURFACE('',#3806,1.2645);
#3806 = AXIS2_PLACEMENT_3D('',#3807,#3808,#3809);
#3807 = CARTESIAN_POINT('',(71.175121184366,43.697065711105,
    66.33612968419));
#3808 = DIRECTION('',(0.,-1.,2.22044604925E-16));
#3809 = DIRECTION('',(0.,2.22044604925E-16,1.));
#3810 = ADVANCED_FACE('',(#3811),#3877,.F.);
#3811 = FACE_BOUND('',#3812,.F.);
#3812 = EDGE_LOOP('',(#3813,#3843,#3844,#3871));
#3813 = ORIENTED_EDGE('',*,*,#3814,.F.);
#3814 = EDGE_CURVE('',#3743,#3815,#3817,.T.);
#3815 = VERTEX_POINT('',#3816);
#3816 = CARTESIAN_POINT('',(71.176268685674,49.084469909705,
    65.071499127499));
#3817 = B_SPLINE_CURVE_WITH_KNOTS('',3,(#3818,#3819,#3820,#3821,#3822,
    #3823,#3824,#3825,#3826,#3827,#3828,#3829,#3830,#3831,#3832,#3833,
    #3834,#3835,#3836,#3837,#3838,#3839,#3840,#3841,#3842),
  .UNSPECIFIED.,.F.,.F.,(4,3,3,3,3,3,3,3,4),(-28.98534323308,
    -28.90943697355,-27.91255983653,-26.91568269951,-25.91880556249,
    -24.92192842547,-23.92505128846,-22.92817415144,-22.7021579259),
  .UNSPECIFIED.);
#3818 = CARTESIAN_POINT('',(71.174557535468,48.584469909705,
    65.069819971379));
#3819 = CARTESIAN_POINT('',(71.142686384596,48.586483385774,
    65.06964232438));
#3820 = CARTESIAN_POINT('',(71.110827686531,48.588496861844,
    65.070741455958));
#3821 = CARTESIAN_POINT('',(71.079069087507,48.590510337913,
    65.073156773026));
#3822 = CARTESIAN_POINT('',(70.661983310043,48.616953325248,
    65.104877139427));
#3823 = CARTESIAN_POINT('',(70.262162191496,48.643396312584,
    65.363607610203));
#3824 = CARTESIAN_POINT('',(70.062352983831,48.669839299919,
    65.73108959335));
#3825 = CARTESIAN_POINT('',(69.862543776165,48.696282287254,
    66.098571576497));
#3826 = CARTESIAN_POINT('',(69.862746479382,48.72272527459,
    66.574805072015));
#3827 = CARTESIAN_POINT('',(70.062868443398,48.749168261925,
    66.942116829142));
#3828 = CARTESIAN_POINT('',(70.262990407414,48.77561124926,
    67.309428586269));
#3829 = CARTESIAN_POINT('',(70.66303163223,48.802054236596,
    67.567818605006));
#3830 = CARTESIAN_POINT('',(71.080144261374,48.828497223931,
    67.59918390462));
#3831 = CARTESIAN_POINT('',(71.497256890517,48.854940211266,
    67.630549204235));
#3832 = CARTESIAN_POINT('',(71.931440923987,48.881383198601,
    67.434889784727));
#3833 = CARTESIAN_POINT('',(72.184242765171,48.907826185937,
    67.10163619286));
#3834 = CARTESIAN_POINT('',(72.437044606355,48.934269173272,
    66.768382600992));
#3835 = CARTESIAN_POINT('',(72.508464255253,48.960712160607,
    66.297534836764));
#3836 = CARTESIAN_POINT('',(72.365857752017,48.987155147943,
    65.904304481071));
#3837 = CARTESIAN_POINT('',(72.223251248781,49.013598135278,
    65.511074125378));
#3838 = CARTESIAN_POINT('',(71.86661859341,49.040041122613,
    65.195461178221));
#3839 = CARTESIAN_POINT('',(71.458966777381,49.066484109949,
    65.101723649281));
#3840 = CARTESIAN_POINT('',(71.366542223372,49.072479376534,
    65.080471077931));
#3841 = CARTESIAN_POINT('',(71.271495086169,49.078474643119,
    65.070623765617));
#3842 = CARTESIAN_POINT('',(71.176268685674,49.084469909705,
    65.071499127499));
#3843 = ORIENTED_EDGE('',*,*,#3800,.T.);
#3844 = ORIENTED_EDGE('',*,*,#3845,.F.);
#3845 = EDGE_CURVE('',#3846,#3771,#3848,.T.);
#3846 = VERTEX_POINT('',#3847);
#3847 = CARTESIAN_POINT('',(71.175294093948,48.947630562466,
    65.073623388103));
#3848 = B_SPLINE_CURVE_WITH_KNOTS('',3,(#3849,#3850,#3851,#3852,#3853,
    #3854,#3855,#3856,#3857,#3858,#3859,#3860,#3861,#3862,#3863,#3864,
    #3865,#3866,#3867,#3868,#3869,#3870),.UNSPECIFIED.,.F.,.F.,(4,3,3,3,
    3,3,3,4),(26.442304369695,26.915682699518,27.912559836537,
    28.909436973556,29.906314110575,30.903191247594,31.900068384614,
    32.725489676875),.UNSPECIFIED.);
#3849 = CARTESIAN_POINT('',(71.175294093948,48.947630562466,
    65.073623388103));
#3850 = CARTESIAN_POINT('',(71.375589214637,48.935073812275,
    65.073378537546));
#3851 = CARTESIAN_POINT('',(71.575780686684,48.922517062085,
    65.118241329855));
#3852 = CARTESIAN_POINT('',(71.752567814429,48.909960311894,
    65.208795808291));
#3853 = CARTESIAN_POINT('',(72.124859984697,48.883517324559,
    65.399492516445));
#3854 = CARTESIAN_POINT('',(72.393360364503,48.857074337224,
    65.792819208634));
#3855 = CARTESIAN_POINT('',(72.435344804755,48.830631349888,
    66.20899705682));
#3856 = CARTESIAN_POINT('',(72.477329245007,48.804188362553,
    66.625174905006));
#3857 = CARTESIAN_POINT('',(72.292797745704,48.777745375218,
    67.064203909188));
#3858 = CARTESIAN_POINT('',(71.966094586913,48.751302387882,
    67.325415969746));
#3859 = CARTESIAN_POINT('',(71.639391428122,48.724859400547,
    67.586628030304));
#3860 = CARTESIAN_POINT('',(71.170516609842,48.698416413212,
    67.670023147238));
#3861 = CARTESIAN_POINT('',(70.773779933581,48.671973425876,
    67.537483703096));
#3862 = CARTESIAN_POINT('',(70.377043257319,48.645530438541,
    67.404944258954));
#3863 = CARTESIAN_POINT('',(70.052444723076,48.619087451206,
    67.056470253736));
#3864 = CARTESIAN_POINT('',(69.948349405561,48.59264446387,
    66.651339584179));
#3865 = CARTESIAN_POINT('',(69.844254088045,48.566201476535,
    66.246208914622));
#3866 = CARTESIAN_POINT('',(69.960661987258,48.5397584892,
    65.784421580725));
#3867 = CARTESIAN_POINT('',(70.244366249681,48.513315501864,
    65.477047889549));
#3868 = CARTESIAN_POINT('',(70.47927537761,48.491420522065,
    65.222540307865));
#3869 = CARTESIAN_POINT('',(70.828882167136,48.469525542266,
    65.073898050441));
#3870 = CARTESIAN_POINT('',(71.176165467356,48.447630562466,
    65.070809667347));
#3871 = ORIENTED_EDGE('',*,*,#3872,.F.);
#3872 = EDGE_CURVE('',#3815,#3846,#3873,.T.);
#3873 = LINE('',#3874,#3875);
#3874 = CARTESIAN_POINT('',(71.175121184366,43.697065711105,
    65.07162968419));
#3875 = VECTOR('',#3876,1.);
#3876 = DIRECTION('',(0.,-1.,2.22044604925E-16));
#3877 = CYLINDRICAL_SURFACE('',#3878,1.2645);
#3878 = AXIS2_PLACEMENT_3D('',#3879,#3880,#3881);
#3879 = CARTESIAN_POINT('',(71.175121184366,43.697065711105,
    66.33612968419));
#3880 = DIRECTION('',(0.,-1.,2.22044604925E-16));
#3881 = DIRECTION('',(0.,2.22044604925E-16,1.));
#3882 = ADVANCED_FACE('',(#3883),#3946,.F.);
#3883 = FACE_BOUND('',#3884,.F.);
#3884 = EDGE_LOOP('',(#3885,#3912,#3913,#3940));
#3885 = ORIENTED_EDGE('',*,*,#3886,.F.);
#3886 = EDGE_CURVE('',#3815,#3887,#3889,.T.);
#3887 = VERTEX_POINT('',#3888);
#3888 = CARTESIAN_POINT('',(71.174917921549,49.584469909705,
    65.073614940001));
#3889 = B_SPLINE_CURVE_WITH_KNOTS('',3,(#3890,#3891,#3892,#3893,#3894,
    #3895,#3896,#3897,#3898,#3899,#3900,#3901,#3902,#3903,#3904,#3905,
    #3906,#3907,#3908,#3909,#3910,#3911),.UNSPECIFIED.,.F.,.F.,(4,3,3,3,
    3,3,3,4),(-22.7021579259,-21.93129701442,-20.9344198774,
    -19.93754274038,-18.94066560336,-17.94378846634,-16.94691132932,
    -16.41897261872),.UNSPECIFIED.);
#3890 = CARTESIAN_POINT('',(71.176268685674,49.084469909705,
    65.071499127499));
#3891 = CARTESIAN_POINT('',(70.851485322399,49.104917630455,
    65.074484675357));
#3892 = CARTESIAN_POINT('',(70.524616680075,49.125365351205,
    65.202201659378));
#3893 = CARTESIAN_POINT('',(70.292599753428,49.145813071955,
    65.427569007237));
#3894 = CARTESIAN_POINT('',(69.992555522194,49.17225605929,
    65.719014004854));
#3895 = CARTESIAN_POINT('',(69.851138036412,49.198699046625,
    66.173766110811));
#3896 = CARTESIAN_POINT('',(69.932985344012,49.225142033961,
    66.583970627665));
#3897 = CARTESIAN_POINT('',(70.014832651613,49.251585021296,
    66.994175144519));
#3898 = CARTESIAN_POINT('',(70.319944752596,49.278028008631,
    67.35983207227));
#3899 = CARTESIAN_POINT('',(70.708863287149,49.304470995966,
    67.513809671916));
#3900 = CARTESIAN_POINT('',(71.097781821702,49.330913983302,
    67.667787271562));
#3901 = CARTESIAN_POINT('',(71.570506789827,49.357356970637,
    67.610085543104));
#3902 = CARTESIAN_POINT('',(71.910968589242,49.383799957972,
    67.367078362455));
#3903 = CARTESIAN_POINT('',(72.251430388658,49.410242945308,
    67.124071181806));
#3904 = CARTESIAN_POINT('',(72.459629019364,49.436685932643,
    66.695758548968));
#3905 = CARTESIAN_POINT('',(72.440402611827,49.463128919978,
    66.277910403203));
#3906 = CARTESIAN_POINT('',(72.421176204289,49.489571907314,
    65.860062257439));
#3907 = CARTESIAN_POINT('',(72.174524758508,49.516014894649,
    65.45267859875));
#3908 = CARTESIAN_POINT('',(71.81318586296,49.542457881984,
    65.241963311265));
#3909 = CARTESIAN_POINT('',(71.621823473835,49.556461891225,
    65.130370063665));
#3910 = CARTESIAN_POINT('',(71.398294893518,49.570465900465,
    65.07393605487));
#3911 = CARTESIAN_POINT('',(71.174917921549,49.584469909705,
    65.073614940001));
#3912 = ORIENTED_EDGE('',*,*,#3872,.T.);
#3913 = ORIENTED_EDGE('',*,*,#3914,.F.);
#3914 = EDGE_CURVE('',#3915,#3846,#3917,.T.);
#3915 = VERTEX_POINT('',#3916);
#3916 = CARTESIAN_POINT('',(71.173977035531,49.447630562466,
    65.071442532094));
#3917 = B_SPLINE_CURVE_WITH_KNOTS('',3,(#3918,#3919,#3920,#3921,#3922,
    #3923,#3924,#3925,#3926,#3927,#3928,#3929,#3930,#3931,#3932,#3933,
    #3934,#3935,#3936,#3937,#3938,#3939),.UNSPECIFIED.,.F.,.F.,(4,3,3,3,
    3,3,3,4),(20.159119062516,20.934419877403,21.931297014422,
    22.928174151441,23.92505128846,24.921928425479,25.918805562498,
    26.442304369695),.UNSPECIFIED.);
#3918 = CARTESIAN_POINT('',(71.173977035531,49.447630562466,
    65.071442532094));
#3919 = CARTESIAN_POINT('',(71.500593487815,49.427065069621,
    65.074449443284));
#3920 = CARTESIAN_POINT('',(71.829323165501,49.406499576775,
    65.203797148115));
#3921 = CARTESIAN_POINT('',(72.061667741766,49.38593408393,
    65.431496344435));
#3922 = CARTESIAN_POINT('',(72.360415004172,49.359491096595,
    65.724270605175));
#3923 = CARTESIAN_POINT('',(72.499812034877,49.333048109259,
    66.17964606388));
#3924 = CARTESIAN_POINT('',(72.416144279267,49.306605121924,
    66.58948310606));
#3925 = CARTESIAN_POINT('',(72.332476523658,49.280162134589,
    66.99932014824));
#3926 = CARTESIAN_POINT('',(72.025743981736,49.253719147253,
    67.363618773895));
#3927 = CARTESIAN_POINT('',(71.636145674061,49.227276159918,
    67.515868086666));
#3928 = CARTESIAN_POINT('',(71.246547366386,49.200833172583,
    67.668117399436));
#3929 = CARTESIAN_POINT('',(70.774083292958,49.174390185247,
    67.608317399321));
#3930 = CARTESIAN_POINT('',(70.434703805117,49.147947197912,
    67.363801024053));
#3931 = CARTESIAN_POINT('',(70.095324317275,49.121504210577,
    67.119284648785));
#3932 = CARTESIAN_POINT('',(69.889029415019,49.095061223241,
    66.690051898364));
#3933 = CARTESIAN_POINT('',(69.910110832214,49.068618235906,
    66.272293273813));
#3934 = CARTESIAN_POINT('',(69.931192249408,49.042175248571,
    65.854534649263));
#3935 = CARTESIAN_POINT('',(70.179649986053,49.015732261235,
    65.448250150583));
#3936 = CARTESIAN_POINT('',(70.541920834741,48.9892892739,
    65.239141263302));
#3937 = CARTESIAN_POINT('',(70.732163293042,48.975403036756,
    65.129330084972));
#3938 = CARTESIAN_POINT('',(70.953792072916,48.961516799611,
    65.073894163014));
#3939 = CARTESIAN_POINT('',(71.175294093948,48.947630562466,
    65.073623388103));
#3940 = ORIENTED_EDGE('',*,*,#3941,.F.);
#3941 = EDGE_CURVE('',#3887,#3915,#3942,.T.);
#3942 = LINE('',#3943,#3944);
#3943 = CARTESIAN_POINT('',(71.175121184366,43.697065711105,
    65.07162968419));
#3944 = VECTOR('',#3945,1.);
#3945 = DIRECTION('',(0.,-1.,2.22044604925E-16));
#3946 = CYLINDRICAL_SURFACE('',#3947,1.2645);
#3947 = AXIS2_PLACEMENT_3D('',#3948,#3949,#3950);
#3948 = CARTESIAN_POINT('',(71.175121184366,43.697065711105,
    66.33612968419));
#3949 = DIRECTION('',(0.,-1.,2.22044604925E-16));
#3950 = DIRECTION('',(0.,2.22044604925E-16,1.));
#3951 = ADVANCED_FACE('',(#3952),#4018,.F.);
#3952 = FACE_BOUND('',#3953,.F.);
#3953 = EDGE_LOOP('',(#3954,#3981,#3982,#4012));
#3954 = ORIENTED_EDGE('',*,*,#3955,.F.);
#3955 = EDGE_CURVE('',#3887,#3956,#3958,.T.);
#3956 = VERTEX_POINT('',#3957);
#3957 = CARTESIAN_POINT('',(71.174090429058,50.084469909705,
    65.0707554654));
#3958 = B_SPLINE_CURVE_WITH_KNOTS('',3,(#3959,#3960,#3961,#3962,#3963,
    #3964,#3965,#3966,#3967,#3968,#3969,#3970,#3971,#3972,#3973,#3974,
    #3975,#3976,#3977,#3978,#3979,#3980),.UNSPECIFIED.,.F.,.F.,(4,3,3,3,
    3,3,3,4),(-16.41897261872,-15.9500341923,-14.95315705528,
    -13.95627991826,-12.95940278124,-11.96252564423,-10.96564850721,
    -10.13578731154),.UNSPECIFIED.);
#3959 = CARTESIAN_POINT('',(71.174917921549,49.584469909705,
    65.073614940001));
#3960 = CARTESIAN_POINT('',(70.976504651919,49.5969088878,
    65.073329711624));
#3961 = CARTESIAN_POINT('',(70.778210997866,49.609347865895,
    65.117316295091));
#3962 = CARTESIAN_POINT('',(70.602685421937,49.62178684399,
    65.206243016296));
#3963 = CARTESIAN_POINT('',(70.229550221775,49.648229831326,
    65.395284925092));
#3964 = CARTESIAN_POINT('',(69.959306166767,49.674672818661,
    65.787415658967));
#3965 = CARTESIAN_POINT('',(69.915474336516,49.701115805996,
    66.203403041475));
#3966 = CARTESIAN_POINT('',(69.871642506264,49.727558793332,
    66.619390423984));
#3967 = CARTESIAN_POINT('',(70.05422290077,49.754001780667,
    67.059234455127));
#3968 = CARTESIAN_POINT('',(70.379763151316,49.780444768002,
    67.321894484206));
#3969 = CARTESIAN_POINT('',(70.705303401862,49.806887755337,
    67.584554513286));
#3970 = CARTESIAN_POINT('',(71.173803508448,49.833330742673,
    67.670030540302));
#3971 = CARTESIAN_POINT('',(71.571124702093,49.859773730008,
    67.539253871963));
#3972 = CARTESIAN_POINT('',(71.968445895738,49.886216717343,
    67.408477203623));
#3973 = CARTESIAN_POINT('',(72.294588176441,49.912659704679,
    67.061447839927));
#3974 = CARTESIAN_POINT('',(72.40048135781,49.939102692014,
    66.656783266074));
#3975 = CARTESIAN_POINT('',(72.50637453918,49.965545679349,
    66.252118692221));
#3976 = CARTESIAN_POINT('',(72.392018621215,49.991988666685,
    65.78981890821));
#3977 = CARTESIAN_POINT('',(72.109681533895,50.01843165402,
    65.481188666508));
#3978 = CARTESIAN_POINT('',(71.874646960263,50.040444405915,
    65.224266071049));
#3979 = CARTESIAN_POINT('',(71.523202934962,50.06245715781,65.0738350974
    ));
#3980 = CARTESIAN_POINT('',(71.174090429058,50.084469909705,
    65.0707554654));
#3981 = ORIENTED_EDGE('',*,*,#3941,.T.);
#3982 = ORIENTED_EDGE('',*,*,#3983,.F.);
#3983 = EDGE_CURVE('',#3984,#3915,#3986,.T.);
#3984 = VERTEX_POINT('',#3985);
#3985 = CARTESIAN_POINT('',(71.175714249959,49.947630562466,
    65.069854496616));
#3986 = B_SPLINE_CURVE_WITH_KNOTS('',3,(#3987,#3988,#3989,#3990,#3991,
    #3992,#3993,#3994,#3995,#3996,#3997,#3998,#3999,#4000,#4001,#4002,
    #4003,#4004,#4005,#4006,#4007,#4008,#4009,#4010,#4011),
  .UNSPECIFIED.,.F.,.F.,(4,3,3,3,3,3,3,3,4),(13.875933755336,
    13.956279918268,14.953157055288,15.950034192307,16.946911329326,
    17.943788466345,18.940665603364,19.937542740383,20.159119062516),
  .UNSPECIFIED.);
#3987 = CARTESIAN_POINT('',(71.175714249959,49.947630562466,
    65.069854496616));
#3988 = CARTESIAN_POINT('',(71.209452033641,49.945499314301,
    65.069658289689));
#3989 = CARTESIAN_POINT('',(71.243175268909,49.943368066136,
    65.070889959249));
#3990 = CARTESIAN_POINT('',(71.276779806037,49.941236817972,
    65.073595777678));
#3991 = CARTESIAN_POINT('',(71.693720622379,49.914793830636,
    65.107167617705));
#3992 = CARTESIAN_POINT('',(72.092388983537,49.888350843301,
    65.367670722028));
#3993 = CARTESIAN_POINT('',(72.29056461252,49.861907855966,
    65.736036191319));
#3994 = CARTESIAN_POINT('',(72.488740241502,49.83546486863,
    66.104401660611));
#3995 = CARTESIAN_POINT('',(72.486423138309,49.809021881295,
    66.580629494871));
#3996 = CARTESIAN_POINT('',(72.284672347922,49.78257889396,
    66.947049072115));
#3997 = CARTESIAN_POINT('',(72.082921557536,49.756135906624,
    67.313468649359));
#3998 = CARTESIAN_POINT('',(71.681737079956,49.729692919289,
    67.570079969588));
#3999 = CARTESIAN_POINT('',(71.264489340075,49.703249931954,
    67.599593026414));
#4000 = CARTESIAN_POINT('',(70.847241600194,49.676806944618,
    67.629106083241));
#4001 = CARTESIAN_POINT('',(70.413930598012,49.650363957283,
    67.431520876665));
#4002 = CARTESIAN_POINT('',(70.162610882318,49.623920969948,
    67.097148187429));
#4003 = CARTESIAN_POINT('',(69.911291166624,49.597477982612,
    66.762775498193));
#4004 = CARTESIAN_POINT('',(69.841962737418,49.571034995277,
    66.291615326296));
#4005 = CARTESIAN_POINT('',(69.98631371997,49.544592007942,
    65.899022040972));
#4006 = CARTESIAN_POINT('',(70.130664702522,49.518149020607,
    65.506428755649));
#4007 = CARTESIAN_POINT('',(70.488695096832,49.491706033271,
    65.192402356898));
#4008 = CARTESIAN_POINT('',(70.896759041042,49.465263045936,
    65.100475688909));
#4009 = CARTESIAN_POINT('',(70.987459594395,49.459385551446,
    65.080043107759));
#4010 = CARTESIAN_POINT('',(71.080632012728,49.453508056956,
    65.070583174913));
#4011 = CARTESIAN_POINT('',(71.173977035531,49.447630562466,
    65.071442532094));
#4012 = ORIENTED_EDGE('',*,*,#4013,.F.);
#4013 = EDGE_CURVE('',#3956,#3984,#4014,.T.);
#4014 = LINE('',#4015,#4016);
#4015 = CARTESIAN_POINT('',(71.175121184366,43.697065711105,
    65.07162968419));
#4016 = VECTOR('',#4017,1.);
#4017 = DIRECTION('',(0.,-1.,2.22044604925E-16));
#4018 = CYLINDRICAL_SURFACE('',#4019,1.2645);
#4019 = AXIS2_PLACEMENT_3D('',#4020,#4021,#4022);
#4020 = CARTESIAN_POINT('',(71.175121184366,43.697065711105,
    66.33612968419));
#4021 = DIRECTION('',(0.,-1.,2.22044604925E-16));
#4022 = DIRECTION('',(0.,2.22044604925E-16,1.));
#4023 = ADVANCED_FACE('',(#4024),#4085,.F.);
#4024 = FACE_BOUND('',#4025,.F.);
#4025 = EDGE_LOOP('',(#4026,#4052,#4061,#4079));
#4026 = ORIENTED_EDGE('',*,*,#4027,.F.);
#4027 = EDGE_CURVE('',#4028,#4030,#4032,.T.);
#4028 = VERTEX_POINT('',#4029);
#4029 = CARTESIAN_POINT('',(72.001686206793,50.891050236085,
    65.376158403326));
#4030 = VERTEX_POINT('',#4031);
#4031 = CARTESIAN_POINT('',(71.175861603157,50.447630562466,
    65.073195283104));
#4032 = B_SPLINE_CURVE_WITH_KNOTS('',3,(#4033,#4034,#4035,#4036,#4037,
    #4038,#4039,#4040,#4041,#4042,#4043,#4044,#4045,#4046,#4047,#4048,
    #4049,#4050,#4051),.UNSPECIFIED.,.F.,.F.,(4,3,3,3,3,3,4),(
    2.020572491757,2.990631411058,3.987508548077,4.984385685096,
    5.981262822115,6.978139959134,7.592748448157),.UNSPECIFIED.);
#4033 = CARTESIAN_POINT('',(72.001688404539,50.891050236085,
    65.376155391558));
#4034 = CARTESIAN_POINT('',(72.309637541539,50.865318624069,
    65.6423848223));
#4035 = CARTESIAN_POINT('',(72.47884942938,50.839587012053,
    66.070950090921));
#4036 = CARTESIAN_POINT('',(72.433984735829,50.813855400037,
    66.475587798492));
#4037 = CARTESIAN_POINT('',(72.387879714401,50.787412412702,
    66.891412107128));
#4038 = CARTESIAN_POINT('',(72.115697784364,50.760969425366,
    67.281967565722));
#4039 = CARTESIAN_POINT('',(71.741601967696,50.734526438031,
    67.468996345288));
#4040 = CARTESIAN_POINT('',(71.367506151028,50.708083450696,
    67.656025124854));
#4041 = CARTESIAN_POINT('',(70.89149644773,50.68164046336,
    67.639527225391));
#4042 = CARTESIAN_POINT('',(70.531260928083,50.655197476025,
    67.426920462501));
#4043 = CARTESIAN_POINT('',(70.171025408436,50.62875448869,
    67.214313699611));
#4044 = CARTESIAN_POINT('',(69.92656407244,50.602311501354,
    66.805598073294));
#4045 = CARTESIAN_POINT('',(69.909556872642,50.575868514019,
    66.387645651857));
#4046 = CARTESIAN_POINT('',(69.892549672843,50.549425526684,
    65.96969323042));
#4047 = CARTESIAN_POINT('',(70.102996609242,50.522982539348,
    65.542504013863));
#4048 = CARTESIAN_POINT('',(70.444735515702,50.496539552013,
    65.301305768822));
#4049 = CARTESIAN_POINT('',(70.655429115885,50.480236555497,
    65.152598888671));
#4050 = CARTESIAN_POINT('',(70.916028628764,50.463933558982,
    65.074589776116));
#4051 = CARTESIAN_POINT('',(71.175861603157,50.447630562466,
    65.073195283104));
#4052 = ORIENTED_EDGE('',*,*,#4053,.T.);
#4053 = EDGE_CURVE('',#4028,#4054,#4056,.T.);
#4054 = VERTEX_POINT('',#4055);
#4055 = CARTESIAN_POINT('',(72.000332483303,50.891050236085,
    67.294245836912));
#4056 = CIRCLE('',#4057,1.2645);
#4057 = AXIS2_PLACEMENT_3D('',#4058,#4059,#4060);
#4058 = CARTESIAN_POINT('',(71.175121184366,50.891050236085,
    66.33612968419));
#4059 = DIRECTION('',(0.,-1.,2.22044604925E-16));
#4060 = DIRECTION('',(0.,2.22044604925E-16,1.));
#4061 = ORIENTED_EDGE('',*,*,#4062,.F.);
#4062 = EDGE_CURVE('',#4063,#4054,#4065,.T.);
#4063 = VERTEX_POINT('',#4064);
#4064 = CARTESIAN_POINT('',(71.176004836513,50.584469909705,
    65.070384384404));
#4065 = B_SPLINE_CURVE_WITH_KNOTS('',3,(#4066,#4067,#4068,#4069,#4070,
    #4071,#4072,#4073,#4074,#4075,#4076,#4077,#4078),.UNSPECIFIED.,.F.,
  .F.,(4,3,3,3,4),(-3.85260200437,-2.990631411058,-1.993754274038,
    -0.996877137019,0.),.UNSPECIFIED.);
#4066 = CARTESIAN_POINT('',(71.176004836513,50.584469909705,
    65.070384384404));
#4067 = CARTESIAN_POINT('',(70.813731417149,50.607334389826,
    65.073295020391));
#4068 = CARTESIAN_POINT('',(70.449210201339,50.630198869947,
    65.237030085203));
#4069 = CARTESIAN_POINT('',(70.213686649915,50.653063350068,
    65.511611565402));
#4070 = CARTESIAN_POINT('',(69.941301436932,50.679506337403,
    65.82916764212));
#4071 = CARTESIAN_POINT('',(69.841452420036,50.705949324738,
    66.294982363303));
#4072 = CARTESIAN_POINT('',(69.960488250315,50.732392312074,
    66.69598613091));
#4073 = CARTESIAN_POINT('',(70.079524080593,50.758835299409,
    67.096989898518));
#4074 = CARTESIAN_POINT('',(70.417444758047,50.785278286744,
    67.43318271255));
#4075 = CARTESIAN_POINT('',(70.818053184786,50.81172127408,
    67.551049553576));
#4076 = CARTESIAN_POINT('',(71.218661611525,50.838164261415,
    67.668916394601));
#4077 = CARTESIAN_POINT('',(71.68195778755,50.86460724875,
    67.568457262619));
#4078 = CARTESIAN_POINT('',(72.000332483303,50.891050236085,
    67.294245836912));
#4079 = ORIENTED_EDGE('',*,*,#4080,.T.);
#4080 = EDGE_CURVE('',#4063,#4030,#4081,.T.);
#4081 = LINE('',#4082,#4083);
#4082 = CARTESIAN_POINT('',(71.175121184366,43.697065711105,
    65.07162968419));
#4083 = VECTOR('',#4084,1.);
#4084 = DIRECTION('',(0.,-1.,2.22044604925E-16));
#4085 = CYLINDRICAL_SURFACE('',#4086,1.2645);
#4086 = AXIS2_PLACEMENT_3D('',#4087,#4088,#4089);
#4087 = CARTESIAN_POINT('',(71.175121184366,43.697065711105,
    66.33612968419));
#4088 = DIRECTION('',(0.,-1.,2.22044604925E-16));
#4089 = DIRECTION('',(-0.348322212371,2.081390314276E-16,0.937374864379)
  );
#4090 = ADVANCED_FACE('',(#4091),#4132,.F.);
#4091 = FACE_BOUND('',#4092,.F.);
#4092 = EDGE_LOOP('',(#4093,#4106,#4115,#4126));
#4093 = ORIENTED_EDGE('',*,*,#4094,.T.);
#4094 = EDGE_CURVE('',#4095,#4097,#4099,.T.);
#4095 = VERTEX_POINT('',#4096);
#4096 = CARTESIAN_POINT('',(71.174744991421,46.286838512497,
    64.790629585412));
#4097 = VERTEX_POINT('',#4098);
#4098 = CARTESIAN_POINT('',(71.507917502178,46.05411767968,
    67.845673781733));
#4099 = B_SPLINE_CURVE_WITH_KNOTS('',3,(#4100,#4101,#4102,#4103,#4104,
    #4105),.UNSPECIFIED.,.F.,.F.,(4,1,1,4),(72.256631032565,
    73.214151211103,74.211028348122,75.181087267423),.UNSPECIFIED.);
#4100 = CARTESIAN_POINT('',(71.174744991421,46.286838512497,
    64.790629585412));
#4101 = CARTESIAN_POINT('',(71.665112168927,46.261439500909,
    64.792249571571));
#4102 = CARTESIAN_POINT('',(72.668920404359,46.209597501987,
    65.309680288879));
#4103 = CARTESIAN_POINT('',(72.864081747141,46.132023891048,
    67.002573297561));
#4104 = CARTESIAN_POINT('',(71.992786914891,46.079849291696,
    67.737764832046));
#4105 = CARTESIAN_POINT('',(71.507918121362,46.05411767968,
    67.845678288941));
#4106 = ORIENTED_EDGE('',*,*,#4107,.T.);
#4107 = EDGE_CURVE('',#4097,#4108,#4110,.T.);
#4108 = VERTEX_POINT('',#4109);
#4109 = CARTESIAN_POINT('',(72.215094746653,46.05411767968,
    67.475999847737));
#4110 = CIRCLE('',#4111,1.543);
#4111 = AXIS2_PLACEMENT_3D('',#4112,#4113,#4114);
#4112 = CARTESIAN_POINT('',(71.175121184366,46.05411767968,
    66.33612968419));
#4113 = DIRECTION('',(0.,1.,-2.22044604925E-16));
#4114 = DIRECTION('',(-3.4537074E-14,2.22044604925E-16,1.));
#4115 = ORIENTED_EDGE('',*,*,#4116,.F.);
#4116 = EDGE_CURVE('',#4117,#4108,#4119,.T.);
#4117 = VERTEX_POINT('',#4118);
#4118 = CARTESIAN_POINT('',(71.175926663781,46.245261959674,
    64.795002140921));
#4119 = B_SPLINE_CURVE_WITH_KNOTS('',3,(#4120,#4121,#4122,#4123,#4124,
    #4125),.UNSPECIFIED.,.F.,.F.,(4,1,1,4),(72.256631032565,
    72.664866621749,73.661743758768,74.658620895787),.UNSPECIFIED.);
#4120 = CARTESIAN_POINT('',(71.175926663781,46.245261959674,
    64.795002140921));
#4121 = CARTESIAN_POINT('',(71.38661658561,46.234433174347,
    64.794038984686));
#4122 = CARTESIAN_POINT('',(72.110606608419,46.197161401684,
    64.932405372113));
#4123 = CARTESIAN_POINT('',(72.972827674301,46.133446641686,
    66.037305355302));
#4124 = CARTESIAN_POINT('',(72.593864915057,46.080560667015,
    67.130424558621));
#4125 = CARTESIAN_POINT('',(72.215094746653,46.05411767968,
    67.475999847737));
#4126 = ORIENTED_EDGE('',*,*,#4127,.F.);
#4127 = EDGE_CURVE('',#4095,#4117,#4128,.T.);
#4128 = LINE('',#4129,#4130);
#4129 = CARTESIAN_POINT('',(71.175121184366,51.995261959674,
    64.79312968419));
#4130 = VECTOR('',#4131,1.);
#4131 = DIRECTION('',(-4.244569310429E-30,-1.,3.445092848398E-16));
#4132 = CYLINDRICAL_SURFACE('',#4133,1.543);
#4133 = AXIS2_PLACEMENT_3D('',#4134,#4135,#4136);
#4134 = CARTESIAN_POINT('',(71.175121184366,51.995261959674,
    66.33612968419));
#4135 = DIRECTION('',(0.,-1.,2.22044604925E-16));
#4136 = DIRECTION('',(0.994106991984,-2.407038127391E-17,-0.108403360136
    ));
#4137 = ADVANCED_FACE('',(#4138),#4178,.F.);
#4138 = FACE_BOUND('',#4139,.F.);
#4139 = EDGE_LOOP('',(#4140,#4156,#4157,#4172));
#4140 = ORIENTED_EDGE('',*,*,#4141,.T.);
#4141 = EDGE_CURVE('',#4142,#4095,#4144,.T.);
#4142 = VERTEX_POINT('',#4143);
#4143 = CARTESIAN_POINT('',(71.1765137609,46.786838512497,
    64.793531910705));
#4144 = B_SPLINE_CURVE_WITH_KNOTS('',3,(#4145,#4146,#4147,#4148,#4149,
    #4150,#4151,#4152,#4153,#4154,#4155),.UNSPECIFIED.,.F.,.F.,(4,1,1,1,
    1,1,1,1,4),(65.973445725386,66.236011251969,67.232888388988,
    68.229765526007,69.226642663026,70.223519800045,71.220396937065,
    72.217274074084,72.256631032565),.UNSPECIFIED.);
#4145 = CARTESIAN_POINT('',(71.1765137609,46.786838512497,
    64.793531910705));
#4146 = CARTESIAN_POINT('',(71.311629561226,46.77987374559,
    64.792336729788));
#4147 = CARTESIAN_POINT('',(71.958377492899,46.746465991348,
    64.870439138411));
#4148 = CARTESIAN_POINT('',(72.91084752764,46.68661524977,
    65.777540065871));
#4149 = CARTESIAN_POINT('',(72.58658720112,46.607286287764,
    67.490475568192));
#4150 = CARTESIAN_POINT('',(70.972048010794,46.527957325758,
    68.148192757666));
#4151 = CARTESIAN_POINT('',(69.543135083716,46.448628363752,
    67.149377371567));
#4152 = CARTESIAN_POINT('',(69.606119198697,46.369299401746,
    65.407226797375));
#4153 = CARTESIAN_POINT('',(70.623974716581,46.315369451328,
    64.800014189294));
#4154 = CARTESIAN_POINT('',(71.154589425952,46.287882488245,
    64.79056299911));
#4155 = CARTESIAN_POINT('',(71.174744991421,46.286838512497,
    64.790629585412));
#4156 = ORIENTED_EDGE('',*,*,#4127,.T.);
#4157 = ORIENTED_EDGE('',*,*,#4158,.F.);
#4158 = EDGE_CURVE('',#4159,#4117,#4161,.T.);
#4159 = VERTEX_POINT('',#4160);
#4160 = CARTESIAN_POINT('',(71.173772993911,46.745261959674,
    64.793886877461));
#4161 = B_SPLINE_CURVE_WITH_KNOTS('',3,(#4162,#4163,#4164,#4165,#4166,
    #4167,#4168,#4169,#4170,#4171),.UNSPECIFIED.,.F.,.F.,(4,1,1,1,1,1,1,
    4),(65.973445725386,66.683603799634,67.680480936653,68.677358073672,
    69.674235210691,70.67111234771,71.66798948473,72.256631032565),
  .UNSPECIFIED.);
#4162 = CARTESIAN_POINT('',(71.173772993911,46.745261959674,
    64.793886877461));
#4163 = CARTESIAN_POINT('',(71.539433861319,46.726424431692,
    64.796958272634));
#4164 = CARTESIAN_POINT('',(72.423116362623,46.681143916375,
    65.109812423828));
#4165 = CARTESIAN_POINT('',(72.981611866199,46.609420413722,
    66.583803767539));
#4166 = CARTESIAN_POINT('',(71.947965633785,46.530091451716,
    67.987595712735));
#4167 = CARTESIAN_POINT('',(70.207763838654,46.45076248971,
    67.881893024825));
#4168 = CARTESIAN_POINT('',(69.351998647611,46.371433527704,
    66.362755642869));
#4169 = CARTESIAN_POINT('',(70.051913657906,46.302933351025,
    65.030654192023));
#4170 = CARTESIAN_POINT('',(70.872129432514,46.260876161682,
    64.79639093159));
#4171 = CARTESIAN_POINT('',(71.175926663781,46.245261959674,
    64.795002140921));
#4172 = ORIENTED_EDGE('',*,*,#4173,.F.);
#4173 = EDGE_CURVE('',#4142,#4159,#4174,.T.);
#4174 = LINE('',#4175,#4176);
#4175 = CARTESIAN_POINT('',(71.175121184366,51.995261959674,
    64.79312968419));
#4176 = VECTOR('',#4177,1.);
#4177 = DIRECTION('',(-4.244569310429E-30,-1.,3.445092848398E-16));
#4178 = CYLINDRICAL_SURFACE('',#4179,1.543);
#4179 = AXIS2_PLACEMENT_3D('',#4180,#4181,#4182);
#4180 = CARTESIAN_POINT('',(71.175121184366,51.995261959674,
    66.33612968419));
#4181 = DIRECTION('',(0.,-1.,2.22044604925E-16));
#4182 = DIRECTION('',(-3.4537074E-14,2.22044604925E-16,1.));
#4183 = ADVANCED_FACE('',(#4184),#4224,.F.);
#4184 = FACE_BOUND('',#4185,.F.);
#4185 = EDGE_LOOP('',(#4186,#4201,#4202,#4218));
#4186 = ORIENTED_EDGE('',*,*,#4187,.T.);
#4187 = EDGE_CURVE('',#4188,#4142,#4190,.T.);
#4188 = VERTEX_POINT('',#4189);
#4189 = CARTESIAN_POINT('',(71.174577156033,47.286838512497,
    64.795406989083));
#4190 = B_SPLINE_CURVE_WITH_KNOTS('',3,(#4191,#4192,#4193,#4194,#4195,
    #4196,#4197,#4198,#4199,#4200),.UNSPECIFIED.,.F.,.F.,(4,1,1,1,1,1,1,
    4),(59.690260418206,60.254748429854,61.251625566873,62.248502703892,
    63.245379840911,64.24225697793,65.23913411495,65.973445725386),
  .UNSPECIFIED.);
#4191 = CARTESIAN_POINT('',(71.174577156033,47.286838512497,
    64.795406989083));
#4192 = CARTESIAN_POINT('',(71.465953543922,47.271865002935,
    64.796330908293));
#4193 = CARTESIAN_POINT('',(72.273187012811,47.230448506038,
    65.015855227329));
#4194 = CARTESIAN_POINT('',(72.998434948984,47.162589021806,
    66.31893321348));
#4195 = CARTESIAN_POINT('',(72.179489555221,47.0832600598,
    67.857974839344));
#4196 = CARTESIAN_POINT('',(70.44240584222,47.003931097794,
    68.005829491941));
#4197 = CARTESIAN_POINT('',(69.375130092426,46.924602135788,
    66.627335738439));
#4198 = CARTESIAN_POINT('',(69.902545955249,46.852237940689,
    65.127036427505));
#4199 = CARTESIAN_POINT('',(70.798638179806,46.806316732925,
    64.796874448605));
#4200 = CARTESIAN_POINT('',(71.1765137609,46.786838512497,
    64.793531910705));
#4201 = ORIENTED_EDGE('',*,*,#4173,.T.);
#4202 = ORIENTED_EDGE('',*,*,#4203,.F.);
#4203 = EDGE_CURVE('',#4204,#4159,#4206,.T.);
#4204 = VERTEX_POINT('',#4205);
#4205 = CARTESIAN_POINT('',(71.175265904167,47.245261959674,
    64.790559590131));
#4206 = B_SPLINE_CURVE_WITH_KNOTS('',3,(#4207,#4208,#4209,#4210,#4211,
    #4212,#4213,#4214,#4215,#4216,#4217),.UNSPECIFIED.,.F.,.F.,(4,1,1,1,
    1,1,1,1,4),(59.690260418206,59.7054638405,60.702340977519,
    61.699218114538,62.696095251557,63.692972388576,64.689849525595,
    65.686726662615,65.973445725386),.UNSPECIFIED.);
#4207 = CARTESIAN_POINT('',(71.175265904167,47.245261959674,
    64.790559590131));
#4208 = CARTESIAN_POINT('',(71.183050524349,47.244858676373,
    64.790549154202));
#4209 = CARTESIAN_POINT('',(71.701257069353,47.218012405736,
    64.794126279267));
#4210 = CARTESIAN_POINT('',(72.721244569726,47.164723147763,
    65.369552050602));
#4211 = CARTESIAN_POINT('',(72.826265946347,47.085394185757,
    67.109751359071));
#4212 = CARTESIAN_POINT('',(71.421901871707,47.006065223751,
    68.142747092599));
#4213 = CARTESIAN_POINT('',(69.79194363978,46.926736261746,
    67.524234781871));
#4214 = CARTESIAN_POINT('',(69.426412013815,46.84740729974,
    65.819617188844));
#4215 = CARTESIAN_POINT('',(70.366652270653,46.786915865716,
    64.879833390351));
#4216 = CARTESIAN_POINT('',(71.026141156723,46.752867419027,
    64.792646833057));
#4217 = CARTESIAN_POINT('',(71.173772993911,46.745261959674,
    64.793886877461));
#4218 = ORIENTED_EDGE('',*,*,#4219,.F.);
#4219 = EDGE_CURVE('',#4188,#4204,#4220,.T.);
#4220 = LINE('',#4221,#4222);
#4221 = CARTESIAN_POINT('',(71.175121184366,51.995261959674,
    64.79312968419));
#4222 = VECTOR('',#4223,1.);
#4223 = DIRECTION('',(-4.244569310429E-30,-1.,3.445092848398E-16));
#4224 = CYLINDRICAL_SURFACE('',#4225,1.543);
#4225 = AXIS2_PLACEMENT_3D('',#4226,#4227,#4228);
#4226 = CARTESIAN_POINT('',(71.175121184366,51.995261959674,
    66.33612968419));
#4227 = DIRECTION('',(0.,-1.,2.22044604925E-16));
#4228 = DIRECTION('',(-3.4537074E-14,2.22044604925E-16,1.));
#4229 = ADVANCED_FACE('',(#4230),#4269,.F.);
#4230 = FACE_BOUND('',#4231,.F.);
#4231 = EDGE_LOOP('',(#4232,#4247,#4248,#4263));
#4232 = ORIENTED_EDGE('',*,*,#4233,.T.);
#4233 = EDGE_CURVE('',#4234,#4188,#4236,.T.);
#4234 = VERTEX_POINT('',#4235);
#4235 = CARTESIAN_POINT('',(71.174046491521,47.786838512497,
    64.791546123162));
#4236 = B_SPLINE_CURVE_WITH_KNOTS('',3,(#4237,#4238,#4239,#4240,#4241,
    #4242,#4243,#4244,#4245,#4246),.UNSPECIFIED.,.F.,.F.,(4,1,1,1,1,1,1,
    4),(53.407075111027,54.273485607739,55.270362744758,56.267239881777,
    57.264117018796,58.260994155815,59.257871292835,59.690260418206),
  .UNSPECIFIED.);
#4237 = CARTESIAN_POINT('',(71.174046491521,47.786838512497,
    64.791546123162));
#4238 = CARTESIAN_POINT('',(71.618424622605,47.76385626028,
    64.79507325169));
#4239 = CARTESIAN_POINT('',(72.580117942705,47.714431020729,
    65.229808557589));
#4240 = CARTESIAN_POINT('',(72.921073731427,47.638562793842,
    66.861884829167));
#4241 = CARTESIAN_POINT('',(71.681528333475,47.559233831836,
    68.087791913015));
#4242 = CARTESIAN_POINT('',(69.979053338304,47.47990486983,
    67.712425611622));
#4243 = CARTESIAN_POINT('',(69.369957864608,47.400575907824,
    66.078925167824));
#4244 = CARTESIAN_POINT('',(70.21453641592,47.336220455379,
    64.944493823353));
#4245 = CARTESIAN_POINT('',(70.951387329298,47.29830799027,
    64.794699281194));
#4246 = CARTESIAN_POINT('',(71.174577156033,47.286838512497,
    64.795406989083));
#4247 = ORIENTED_EDGE('',*,*,#4219,.T.);
#4248 = ORIENTED_EDGE('',*,*,#4249,.F.);
#4249 = EDGE_CURVE('',#4250,#4204,#4252,.T.);
#4250 = VERTEX_POINT('',#4251);
#4251 = CARTESIAN_POINT('',(71.176372115856,47.745261959674,
    64.79430502651));
#4252 = B_SPLINE_CURVE_WITH_KNOTS('',3,(#4253,#4254,#4255,#4256,#4257,
    #4258,#4259,#4260,#4261,#4262),.UNSPECIFIED.,.F.,.F.,(4,1,1,1,1,1,1,
    4),(53.407075111027,53.724201018384,54.721078155404,55.717955292423,
    56.714832429442,57.711709566461,58.70858670348,59.690260418206),
  .UNSPECIFIED.);
#4253 = CARTESIAN_POINT('',(71.176372115856,47.745261959674,
    64.79430502651));
#4254 = CARTESIAN_POINT('',(71.339771996846,47.736849933718,
    64.793056528837));
#4255 = CARTESIAN_POINT('',(72.015339740186,47.701994920426,
    64.892175909267));
#4256 = CARTESIAN_POINT('',(72.938725973354,47.640696919799,
    65.873023276386));
#4257 = CARTESIAN_POINT('',(72.521537970726,47.561367957793,
    67.565735814655));
#4258 = CARTESIAN_POINT('',(70.873529707265,47.482038995787,
    68.134409957751));
#4259 = CARTESIAN_POINT('',(69.501219795104,47.402710033781,
    67.059195086338));
#4260 = CARTESIAN_POINT('',(69.658295999052,47.323784355077,
    65.331819779979));
#4261 = CARTESIAN_POINT('',(70.672618745899,47.271301663708,
    64.79123343033));
#4262 = CARTESIAN_POINT('',(71.175265904167,47.245261959674,
    64.790559590131));
#4263 = ORIENTED_EDGE('',*,*,#4264,.F.);
#4264 = EDGE_CURVE('',#4234,#4250,#4265,.T.);
#4265 = LINE('',#4266,#4267);
#4266 = CARTESIAN_POINT('',(71.175121184366,51.995261959674,
    64.79312968419));
#4267 = VECTOR('',#4268,1.);
#4268 = DIRECTION('',(-4.244569310429E-30,-1.,3.445092848398E-16));
#4269 = CYLINDRICAL_SURFACE('',#4270,1.543);
#4270 = AXIS2_PLACEMENT_3D('',#4271,#4272,#4273);
#4271 = CARTESIAN_POINT('',(71.175121184366,51.995261959674,
    66.33612968419));
#4272 = DIRECTION('',(0.,-1.,2.22044604925E-16));
#4273 = DIRECTION('',(-3.4537074E-14,2.22044604925E-16,1.));
#4274 = ADVANCED_FACE('',(#4275),#4315,.F.);
#4275 = FACE_BOUND('',#4276,.F.);
#4276 = EDGE_LOOP('',(#4277,#4293,#4294,#4309));
#4277 = ORIENTED_EDGE('',*,*,#4278,.T.);
#4278 = EDGE_CURVE('',#4279,#4234,#4281,.T.);
#4279 = VERTEX_POINT('',#4280);
#4280 = CARTESIAN_POINT('',(71.176395465626,48.286838512497,
    64.79212906261));
#4281 = B_SPLINE_CURVE_WITH_KNOTS('',3,(#4282,#4283,#4284,#4285,#4286,
    #4287,#4288,#4289,#4290,#4291,#4292),.UNSPECIFIED.,.F.,.F.,(4,1,1,1,
    1,1,1,1,4),(47.123889803847,47.295345648605,48.292222785624,
    49.289099922643,50.285977059662,51.282854196681,52.2797313337,
    53.27660847072,53.407075111027),.UNSPECIFIED.);
#4282 = CARTESIAN_POINT('',(71.176395465626,48.286838512497,
    64.79212906261));
#4283 = CARTESIAN_POINT('',(71.264420786955,48.282290504961,
    64.791346255276));
#4284 = CARTESIAN_POINT('',(71.863408599021,48.25129951009,
    64.83823224739));
#4285 = CARTESIAN_POINT('',(72.852824829725,48.193865527883,
    65.621931359848));
#4286 = CARTESIAN_POINT('',(72.685761751673,48.114536565877,
    67.357273084778));
#4287 = CARTESIAN_POINT('',(71.13775404828,48.035207603871,
    68.159141605499));
#4288 = CARTESIAN_POINT('',(69.623905328088,47.955878641865,
    67.294512768033));
#4289 = CARTESIAN_POINT('',(69.528092933535,47.876549679859,
    65.553782760358));
#4290 = CARTESIAN_POINT('',(70.529469645871,47.82020297007,
    64.825342011153));
#4291 = CARTESIAN_POINT('',(71.107130725832,47.790299247616,
    64.791014997777));
#4292 = CARTESIAN_POINT('',(71.174046491521,47.786838512497,
    64.791546123162));
#4293 = ORIENTED_EDGE('',*,*,#4264,.T.);
#4294 = ORIENTED_EDGE('',*,*,#4295,.F.);
#4295 = EDGE_CURVE('',#4296,#4250,#4298,.T.);
#4296 = VERTEX_POINT('',#4297);
#4297 = CARTESIAN_POINT('',(71.174186785958,48.245261959674,
    64.794996017635));
#4298 = B_SPLINE_CURVE_WITH_KNOTS('',3,(#4299,#4300,#4301,#4302,#4303,
    #4304,#4305,#4306,#4307,#4308),.UNSPECIFIED.,.F.,.F.,(4,1,1,1,1,1,1,
    4),(47.123889803847,47.742938196269,48.739815333289,49.736692470308,
    50.733569607327,51.730446744346,52.727323881365,53.407075111027),
  .UNSPECIFIED.);
#4299 = CARTESIAN_POINT('',(71.174186785958,48.245261959674,
    64.794996017635));
#4300 = CARTESIAN_POINT('',(71.493512890276,48.228841191063,
    64.796764021732));
#4301 = CARTESIAN_POINT('',(72.329623075685,48.185977435116,
    65.049107650948));
#4302 = CARTESIAN_POINT('',(72.996659713632,48.116670691835,
    66.418390118264));
#4303 = CARTESIAN_POINT('',(72.095003847551,48.037341729829,
    67.91048202045));
#4304 = CARTESIAN_POINT('',(70.352441781107,47.958012767823,
    67.963387497703));
#4305 = CARTESIAN_POINT('',(69.361928034226,47.878683805817,
    66.528743269445));
#4306 = CARTESIAN_POINT('',(69.958206498676,47.807766869767,
    65.088822786122));
#4307 = CARTESIAN_POINT('',(70.826128671684,47.763292921053,
    64.796981149173));
#4308 = CARTESIAN_POINT('',(71.176372115856,47.745261959674,
    64.79430502651));
#4309 = ORIENTED_EDGE('',*,*,#4310,.F.);
#4310 = EDGE_CURVE('',#4279,#4296,#4311,.T.);
#4311 = LINE('',#4312,#4313);
#4312 = CARTESIAN_POINT('',(71.175121184366,51.995261959674,
    64.79312968419));
#4313 = VECTOR('',#4314,1.);
#4314 = DIRECTION('',(-4.244569310429E-30,-1.,3.445092848398E-16));
#4315 = CYLINDRICAL_SURFACE('',#4316,1.543);
#4316 = AXIS2_PLACEMENT_3D('',#4317,#4318,#4319);
#4317 = CARTESIAN_POINT('',(71.175121184366,51.995261959674,
    66.33612968419));
#4318 = DIRECTION('',(0.,-1.,2.22044604925E-16));
#4319 = DIRECTION('',(-3.4537074E-14,2.22044604925E-16,1.));
#4320 = ADVANCED_FACE('',(#4321),#4360,.F.);
#4321 = FACE_BOUND('',#4322,.F.);
#4322 = EDGE_LOOP('',(#4323,#4338,#4339,#4354));
#4323 = ORIENTED_EDGE('',*,*,#4324,.T.);
#4324 = EDGE_CURVE('',#4325,#4279,#4327,.T.);
#4325 = VERTEX_POINT('',#4326);
#4326 = CARTESIAN_POINT('',(71.175332176445,48.786838512497,
    64.795562491733));
#4327 = B_SPLINE_CURVE_WITH_KNOTS('',3,(#4328,#4329,#4330,#4331,#4332,
    #4333,#4334,#4335,#4336,#4337),.UNSPECIFIED.,.F.,.F.,(4,1,1,1,1,1,1,
    4),(40.840704496667,41.314082826489,42.310959963509,43.307837100528,
    44.304714237547,45.301591374566,46.298468511585,47.123889803847),
  .UNSPECIFIED.);
#4328 = CARTESIAN_POINT('',(71.175332176445,48.786838512497,
    64.795562491733));
#4329 = CARTESIAN_POINT('',(71.419741327275,48.774281762306,
    64.795263714026));
#4330 = CARTESIAN_POINT('',(72.178453575783,48.73528202478,
    64.965290687099));
#4331 = CARTESIAN_POINT('',(72.9893079309,48.669839299919,
    66.153112699031));
#4332 = CARTESIAN_POINT('',(72.313786926335,48.590510337913,
    67.760281746369));
#4333 = CARTESIAN_POINT('',(70.597360248743,48.511181375907,
    68.065569208834));
#4334 = CARTESIAN_POINT('',(69.409090881394,48.431852413901,
    66.78989805806));
#4335 = CARTESIAN_POINT('',(69.810798465424,48.357071459431,
    65.196333742494));
#4336 = CARTESIAN_POINT('',(70.752624700707,48.308733492296,
    64.795897647121));
#4337 = CARTESIAN_POINT('',(71.176395465626,48.286838512497,
    64.79212906261));
#4338 = ORIENTED_EDGE('',*,*,#4310,.T.);
#4339 = ORIENTED_EDGE('',*,*,#4340,.F.);
#4340 = EDGE_CURVE('',#4341,#4296,#4343,.T.);
#4341 = VERTEX_POINT('',#4342);
#4342 = CARTESIAN_POINT('',(71.174433394528,48.745261959674,
    64.790921390899));
#4343 = B_SPLINE_CURVE_WITH_KNOTS('',3,(#4344,#4345,#4346,#4347,#4348,
    #4349,#4350,#4351,#4352,#4353),.UNSPECIFIED.,.F.,.F.,(4,1,1,1,1,1,1,
    4),(40.840704496667,41.761675374154,42.758552511174,43.755429648193,
    44.752306785212,45.749183922231,46.74606105925,47.123889803847),
  .UNSPECIFIED.);
#4344 = CARTESIAN_POINT('',(71.174433394528,48.745261959674,
    64.790921390899));
#4345 = CARTESIAN_POINT('',(71.646293374481,48.720832448408,
    64.793551497044));
#4346 = CARTESIAN_POINT('',(72.633562164102,48.669959949807,
    65.276632071891));
#4347 = CARTESIAN_POINT('',(72.88980465942,48.59264446387,66.95631511853
    ));
#4348 = CARTESIAN_POINT('',(71.585250865304,48.513315501864,
    68.112801583389));
#4349 = CARTESIAN_POINT('',(69.905779045792,48.433986539859,
    67.645152192714));
#4350 = CARTESIAN_POINT('',(69.386670082878,48.354657577852,
    65.980866330926));
#4351 = CARTESIAN_POINT('',(70.271499945874,48.291749384458,
    64.918618587252));
#4352 = CARTESIAN_POINT('',(70.979289936878,48.255284178398,
    64.793916937589));
#4353 = CARTESIAN_POINT('',(71.174186785958,48.245261959674,
    64.794996017635));
#4354 = ORIENTED_EDGE('',*,*,#4355,.F.);
#4355 = EDGE_CURVE('',#4325,#4341,#4356,.T.);
#4356 = LINE('',#4357,#4358);
#4357 = CARTESIAN_POINT('',(71.175121184366,51.995261959674,
    64.79312968419));
#4358 = VECTOR('',#4359,1.);
#4359 = DIRECTION('',(-4.244569310429E-30,-1.,3.445092848398E-16));
#4360 = CYLINDRICAL_SURFACE('',#4361,1.543);
#4361 = AXIS2_PLACEMENT_3D('',#4362,#4363,#4364);
#4362 = CARTESIAN_POINT('',(71.175121184366,51.995261959674,
    66.33612968419));
#4363 = DIRECTION('',(0.,-1.,2.22044604925E-16));
#4364 = DIRECTION('',(-3.4537074E-14,2.22044604925E-16,1.));
#4365 = ADVANCED_FACE('',(#4366),#4406,.F.);
#4366 = FACE_BOUND('',#4367,.F.);
#4367 = EDGE_LOOP('',(#4368,#4383,#4384,#4400));
#4368 = ORIENTED_EDGE('',*,*,#4369,.T.);
#4369 = EDGE_CURVE('',#4370,#4325,#4372,.T.);
#4370 = VERTEX_POINT('',#4371);
#4371 = CARTESIAN_POINT('',(71.173725042292,49.286838512497,
    64.792901312751));
#4372 = B_SPLINE_CURVE_WITH_KNOTS('',3,(#4373,#4374,#4375,#4376,#4377,
    #4378,#4379,#4380,#4381,#4382),.UNSPECIFIED.,.F.,.F.,(4,1,1,1,1,1,1,
    4),(34.557519189488,35.332820004374,36.329697141394,37.326574278413,
    38.323451415432,39.320328552451,40.31720568947,40.840704496667),
  .UNSPECIFIED.);
#4373 = CARTESIAN_POINT('',(71.173725042292,49.286838512497,
    64.792901312751));
#4374 = CARTESIAN_POINT('',(71.572277186123,49.266273019651,
    64.796570481566));
#4375 = CARTESIAN_POINT('',(72.489179555413,49.219264539471,
    65.15735085849));
#4376 = CARTESIAN_POINT('',(72.961667329652,49.145813071955,
    66.700851002216));
#4377 = CARTESIAN_POINT('',(71.838800634073,49.066484109949,
    68.034451902301));
#4378 = CARTESIAN_POINT('',(70.109234642855,48.987155147943,
    67.81553992086));
#4379 = CARTESIAN_POINT('',(69.354043577183,48.907826185937,
    66.244232367124));
#4380 = CARTESIAN_POINT('',(70.119613499246,48.841053974122,
    64.992352686539));
#4381 = CARTESIAN_POINT('',(70.905045408195,48.800724749641,
    64.795892903506));
#4382 = CARTESIAN_POINT('',(71.175332176445,48.786838512497,
    64.795562491733));
#4383 = ORIENTED_EDGE('',*,*,#4355,.T.);
#4384 = ORIENTED_EDGE('',*,*,#4385,.F.);
#4385 = EDGE_CURVE('',#4386,#4341,#4388,.T.);
#4386 = VERTEX_POINT('',#4387);
#4387 = CARTESIAN_POINT('',(71.176521417278,49.245261959674,
    64.79297037302));
#4388 = B_SPLINE_CURVE_WITH_KNOTS('',3,(#4389,#4390,#4391,#4392,#4393,
    #4394,#4395,#4396,#4397,#4398,#4399),.UNSPECIFIED.,.F.,.F.,(4,1,1,1,
    1,1,1,1,4),(34.557519189488,34.78353541502,35.78041255204,
    36.777289689059,37.774166826078,38.771043963097,39.767921100116,
    40.764798237135,40.840704496667),.UNSPECIFIED.);
#4389 = CARTESIAN_POINT('',(71.176521417278,49.245261959674,
    64.79297037302));
#4390 = CARTESIAN_POINT('',(71.292720971224,49.239266693089,
    64.791902216924));
#4391 = CARTESIAN_POINT('',(71.920251852728,49.206828439168,
    64.85691724798));
#4392 = CARTESIAN_POINT('',(72.889276088778,49.147947197912,
    65.714484804963));
#4393 = CARTESIAN_POINT('',(72.627827646905,49.068618235906,
    67.438133915767));
#4394 = CARTESIAN_POINT('',(71.038394755696,48.9892892739,
    68.154391292517));
#4395 = CARTESIAN_POINT('',(69.573949655123,48.909960311894,
    67.208493786204));
#4396 = CARTESIAN_POINT('',(69.573207612269,48.830631349888,
    65.465128937845));
#4397 = CARTESIAN_POINT('',(70.586116319892,48.775731899148,
    64.809659942787));
#4398 = CARTESIAN_POINT('',(71.135542777054,48.747275435744,
    64.790704618008));
#4399 = CARTESIAN_POINT('',(71.174433394528,48.745261959674,
    64.790921390899));
#4400 = ORIENTED_EDGE('',*,*,#4401,.F.);
#4401 = EDGE_CURVE('',#4370,#4386,#4402,.T.);
#4402 = LINE('',#4403,#4404);
#4403 = CARTESIAN_POINT('',(71.175121184366,51.995261959674,
    64.79312968419));
#4404 = VECTOR('',#4405,1.);
#4405 = DIRECTION('',(-4.244569310429E-30,-1.,3.445092848398E-16));
#4406 = CYLINDRICAL_SURFACE('',#4407,1.543);
#4407 = AXIS2_PLACEMENT_3D('',#4408,#4409,#4410);
#4408 = CARTESIAN_POINT('',(71.175121184366,51.995261959674,
    66.33612968419));
#4409 = DIRECTION('',(0.,-1.,2.22044604925E-16));
#4410 = DIRECTION('',(-3.4537074E-14,2.22044604925E-16,1.));
#4411 = ADVANCED_FACE('',(#4412),#4452,.F.);
#4412 = FACE_BOUND('',#4413,.F.);
#4413 = EDGE_LOOP('',(#4414,#4430,#4431,#4446));
#4414 = ORIENTED_EDGE('',*,*,#4415,.T.);
#4415 = EDGE_CURVE('',#4416,#4370,#4418,.T.);
#4416 = VERTEX_POINT('',#4417);
#4417 = CARTESIAN_POINT('',(71.175844869783,49.786838512497,
    64.790963520151));
#4418 = B_SPLINE_CURVE_WITH_KNOTS('',3,(#4419,#4420,#4421,#4422,#4423,
    #4424,#4425,#4426,#4427,#4428,#4429),.UNSPECIFIED.,.F.,.F.,(4,1,1,1,
    1,1,1,1,4),(28.274333882308,28.35468004524,29.351557182259,
    30.348434319278,31.345311456298,32.342188593317,33.339065730336,
    34.335942867355,34.557519189488),.UNSPECIFIED.);
#4419 = CARTESIAN_POINT('',(71.175844869783,49.786838512497,
    64.790963520151));
#4420 = CARTESIAN_POINT('',(71.217013236901,49.784707264332,
    64.790724099599));
#4421 = CARTESIAN_POINT('',(71.768730943329,49.756133028832,
    64.810874417309));
#4422 = CARTESIAN_POINT('',(72.780885909861,49.701115805996,
    65.472249977866));
#4423 = CARTESIAN_POINT('',(72.772403608017,49.62178684399,
    67.21559410186));
#4424 = CARTESIAN_POINT('',(71.303773361502,49.542457881984,
    68.154980263455));
#4425 = CARTESIAN_POINT('',(69.717536406896,49.463128919978,
    67.431673089681));
#4426 = CARTESIAN_POINT('',(69.463743367122,49.383799957972,
    65.706880337044));
#4427 = CARTESIAN_POINT('',(70.434619665785,49.325036488812,
    64.855330321885));
#4428 = CARTESIAN_POINT('',(71.059821230362,49.292716006987,
    64.791852686314));
#4429 = CARTESIAN_POINT('',(71.173725042292,49.286838512497,
    64.792901312751));
#4430 = ORIENTED_EDGE('',*,*,#4401,.T.);
#4431 = ORIENTED_EDGE('',*,*,#4432,.F.);
#4432 = EDGE_CURVE('',#4433,#4386,#4435,.T.);
#4433 = VERTEX_POINT('',#4434);
#4434 = CARTESIAN_POINT('',(71.174873153898,49.745261959674,
    64.795552182977));
#4435 = B_SPLINE_CURVE_WITH_KNOTS('',3,(#4436,#4437,#4438,#4439,#4440,
    #4441,#4442,#4443,#4444,#4445),.UNSPECIFIED.,.F.,.F.,(4,1,1,1,1,1,1,
    4),(28.274333882308,28.802272592905,29.799149729924,30.796026866944,
    31.792904003963,32.789781140982,33.786658278001,34.557519189488),
  .UNSPECIFIED.);
#4436 = CARTESIAN_POINT('',(71.174873153898,49.745261959674,
    64.795552182977));
#4437 = CARTESIAN_POINT('',(71.447447821947,49.731257950434,
    64.795944021841));
#4438 = CARTESIAN_POINT('',(72.235244312517,49.690810953859,
    64.994838114106));
#4439 = CARTESIAN_POINT('',(72.996589018753,49.623920969948,
    66.252318648904));
#4440 = CARTESIAN_POINT('',(72.234428906819,49.544592007942,
    67.820257895572));
#4441 = CARTESIAN_POINT('',(70.50390784913,49.465263045936,
    68.031488659537));
#4442 = CARTESIAN_POINT('',(69.386973159175,49.38593408393,
    66.692915374793));
#4443 = CARTESIAN_POINT('',(69.86554072057,49.312600388509,
    65.153999552719));
#4444 = CARTESIAN_POINT('',(70.780206091431,49.265709680424,
    64.796613473333));
#4445 = CARTESIAN_POINT('',(71.176521417278,49.245261959674,
    64.79297037302));
#4446 = ORIENTED_EDGE('',*,*,#4447,.F.);
#4447 = EDGE_CURVE('',#4416,#4433,#4448,.T.);
#4448 = LINE('',#4449,#4450);
#4449 = CARTESIAN_POINT('',(71.175121184366,51.995261959674,
    64.79312968419));
#4450 = VECTOR('',#4451,1.);
#4451 = DIRECTION('',(-4.244569310429E-30,-1.,3.445092848398E-16));
#4452 = CYLINDRICAL_SURFACE('',#4453,1.543);
#4453 = AXIS2_PLACEMENT_3D('',#4454,#4455,#4456);
#4454 = CARTESIAN_POINT('',(71.175121184366,51.995261959674,
    66.33612968419));
#4455 = DIRECTION('',(0.,-1.,2.22044604925E-16));
#4456 = DIRECTION('',(-3.4537074E-14,2.22044604925E-16,1.));
#4457 = ADVANCED_FACE('',(#4458),#4497,.F.);
#4458 = FACE_BOUND('',#4459,.F.);
#4459 = EDGE_LOOP('',(#4460,#4475,#4476,#4491));
#4460 = ORIENTED_EDGE('',*,*,#4461,.T.);
#4461 = EDGE_CURVE('',#4462,#4416,#4464,.T.);
#4462 = VERTEX_POINT('',#4463);
#4463 = CARTESIAN_POINT('',(71.176024676809,50.286838512497,
    64.795040098681));
#4464 = B_SPLINE_CURVE_WITH_KNOTS('',3,(#4465,#4466,#4467,#4468,#4469,
    #4470,#4471,#4472,#4473,#4474),.UNSPECIFIED.,.F.,.F.,(4,1,1,1,1,1,1,
    4),(21.991148575128,22.373417223125,23.370294360144,24.367171497164,
    25.364048634183,26.360925771202,27.357802908221,28.274333882308),
  .UNSPECIFIED.);
#4465 = CARTESIAN_POINT('',(71.176024676809,50.286838512497,
    64.795040098681));
#4466 = CARTESIAN_POINT('',(71.373226753148,50.276698521677,
    64.793981738332));
#4467 = CARTESIAN_POINT('',(72.083385376544,50.240115543522,
    64.920642355276));
#4468 = CARTESIAN_POINT('',(72.965127635013,50.177089578032,
    65.988814779519));
#4469 = CARTESIAN_POINT('',(72.438640800819,50.097760616026,
    67.650772783768));
#4470 = CARTESIAN_POINT('',(70.75710638241,50.01843165402,
    68.110963999946));
#4471 = CARTESIAN_POINT('',(69.457701688787,49.939102692014,
    66.948695449052));
#4472 = CARTESIAN_POINT('',(69.720996876726,49.861904978173,
    65.272724365103));
#4473 = CARTESIAN_POINT('',(70.706225883149,49.811150251667,
    64.79369465682));
#4474 = CARTESIAN_POINT('',(71.175844869783,49.786838512497,
    64.790963520151));
#4475 = ORIENTED_EDGE('',*,*,#4447,.T.);
#4476 = ORIENTED_EDGE('',*,*,#4477,.F.);
#4477 = EDGE_CURVE('',#4478,#4433,#4480,.T.);
#4478 = VERTEX_POINT('',#4479);
#4479 = CARTESIAN_POINT('',(71.173863410194,50.245261959674,
    64.792062922946));
#4480 = B_SPLINE_CURVE_WITH_KNOTS('',3,(#4481,#4482,#4483,#4484,#4485,
    #4486,#4487,#4488,#4489,#4490),.UNSPECIFIED.,.F.,.F.,(4,1,1,1,1,1,1,
    4),(21.991148575128,22.82100977079,23.817886907809,24.814764044829,
    25.811641181848,26.808518318867,27.805395455886,28.274333882308),
  .UNSPECIFIED.);
#4481 = CARTESIAN_POINT('',(71.173863410194,50.245261959674,
    64.792062922946));
#4482 = CARTESIAN_POINT('',(71.599866254489,50.223249207779,
    64.795820828976));
#4483 = CARTESIAN_POINT('',(72.543870922113,50.174793468549,
    65.19988955986));
#4484 = CARTESIAN_POINT('',(72.939118897215,50.099894741983,
    66.797734750319));
#4485 = CARTESIAN_POINT('',(71.745198282445,50.020565779977,
    68.068117450633));
#4486 = CARTESIAN_POINT('',(70.03014332524,49.941236817972,
    67.755212326822));
#4487 = CARTESIAN_POINT('',(69.361764799207,49.861907855965,
    66.145059681382));
#4488 = CARTESIAN_POINT('',(70.176416237516,49.7965829032,
    64.962980518361));
#4489 = CARTESIAN_POINT('',(70.932760322708,49.757700937769,
    64.795204134432));
#4490 = CARTESIAN_POINT('',(71.174873153898,49.745261959674,
    64.795552182977));
#4491 = ORIENTED_EDGE('',*,*,#4492,.F.);
#4492 = EDGE_CURVE('',#4462,#4478,#4493,.T.);
#4493 = LINE('',#4494,#4495);
#4494 = CARTESIAN_POINT('',(71.175121184366,51.995261959674,
    64.79312968419));
#4495 = VECTOR('',#4496,1.);
#4496 = DIRECTION('',(-4.244569310429E-30,-1.,3.445092848398E-16));
#4497 = CYLINDRICAL_SURFACE('',#4498,1.543);
#4498 = AXIS2_PLACEMENT_3D('',#4499,#4500,#4501);
#4499 = CARTESIAN_POINT('',(71.175121184366,51.995261959674,
    66.33612968419));
#4500 = DIRECTION('',(0.,-1.,2.22044604925E-16));
#4501 = DIRECTION('',(-3.4537074E-14,2.22044604925E-16,1.));
#4502 = ADVANCED_FACE('',(#4503),#4542,.F.);
#4503 = FACE_BOUND('',#4504,.F.);
#4504 = EDGE_LOOP('',(#4505,#4517,#4526,#4536));
#4505 = ORIENTED_EDGE('',*,*,#4506,.F.);
#4506 = EDGE_CURVE('',#4507,#4509,#4511,.T.);
#4507 = VERTEX_POINT('',#4508);
#4508 = CARTESIAN_POINT('',(69.681831444145,50.891050236085,
    66.735582966879));
#4509 = VERTEX_POINT('',#4510);
#4510 = CARTESIAN_POINT('',(71.176199456618,50.745261959674,
    64.791610113158));
#4511 = B_SPLINE_CURVE_WITH_KNOTS('',3,(#4512,#4513,#4514,#4515,#4516),
  .UNSPECIFIED.,.F.,.F.,(4,1,4),(13.875933755336,14.845992674637,
    15.707963267949),.UNSPECIFIED.);
#4512 = CARTESIAN_POINT('',(69.681827158626,50.891050236085,
    66.735584491695));
#4513 = CARTESIAN_POINT('',(69.554426256631,50.865318624069,
    66.255467902933));
#4514 = CARTESIAN_POINT('',(69.788749435376,50.816722531932,
    65.219809529962));
#4515 = CARTESIAN_POINT('',(70.734137071423,50.768126439795,
    64.795161802622));
#4516 = CARTESIAN_POINT('',(71.176199456618,50.745261959674,
    64.791610113158));
#4517 = ORIENTED_EDGE('',*,*,#4518,.T.);
#4518 = EDGE_CURVE('',#4507,#4519,#4521,.T.);
#4519 = VERTEX_POINT('',#4520);
#4520 = CARTESIAN_POINT('',(69.684471756148,50.891050236085,
    65.937615842333));
#4521 = CIRCLE('',#4522,1.543);
#4522 = AXIS2_PLACEMENT_3D('',#4523,#4524,#4525);
#4523 = CARTESIAN_POINT('',(71.175121184366,50.891050236085,
    66.33612968419));
#4524 = DIRECTION('',(0.,-1.,0.));
#4525 = DIRECTION('',(-3.4537074E-14,0.,1.));
#4526 = ORIENTED_EDGE('',*,*,#4527,.T.);
#4527 = EDGE_CURVE('',#4519,#4528,#4530,.T.);
#4528 = VERTEX_POINT('',#4529);
#4529 = CARTESIAN_POINT('',(71.173592131293,50.786838512497,
    64.794709577275));
#4530 = B_SPLINE_CURVE_WITH_KNOTS('',3,(#4531,#4532,#4533,#4534,#4535),
  .UNSPECIFIED.,.F.,.F.,(4,1,4),(14.398400126972,15.395277263991,
    15.707963267949),.UNSPECIFIED.);
#4531 = CARTESIAN_POINT('',(69.684471756148,50.891050236085,
    65.937615842333));
#4532 = CARTESIAN_POINT('',(69.816894868725,50.86460724875,
    65.442284397566));
#4533 = CARTESIAN_POINT('',(70.339709128224,50.829870007554,
    64.890793598479));
#4534 = CARTESIAN_POINT('',(71.012511785137,50.795132766358,
    64.793505945339));
#4535 = CARTESIAN_POINT('',(71.173592131293,50.786838512497,
    64.794709577275));
#4536 = ORIENTED_EDGE('',*,*,#4537,.T.);
#4537 = EDGE_CURVE('',#4528,#4509,#4538,.T.);
#4538 = LINE('',#4539,#4540);
#4539 = CARTESIAN_POINT('',(71.175121184366,51.995261959674,
    64.79312968419));
#4540 = VECTOR('',#4541,1.);
#4541 = DIRECTION('',(-4.244569310429E-30,-1.,3.445092848398E-16));
#4542 = CYLINDRICAL_SURFACE('',#4543,1.543);
#4543 = AXIS2_PLACEMENT_3D('',#4544,#4545,#4546);
#4544 = CARTESIAN_POINT('',(71.175121184366,51.995261959674,
    66.33612968419));
#4545 = DIRECTION('',(0.,-1.,2.22044604925E-16));
#4546 = DIRECTION('',(-0.793012882997,-1.352706535421E-16,
    -0.609204864886));
#4547 = ADVANCED_FACE('',(#4548),#4579,.F.);
#4548 = FACE_BOUND('',#4549,.F.);
#4549 = EDGE_LOOP('',(#4550,#4563,#4564,#4578));
#4550 = ORIENTED_EDGE('',*,*,#4551,.T.);
#4551 = EDGE_CURVE('',#4528,#4462,#4552,.T.);
#4552 = B_SPLINE_CURVE_WITH_KNOTS('',3,(#4553,#4554,#4555,#4556,#4557,
    #4558,#4559,#4560,#4561,#4562),.UNSPECIFIED.,.F.,.F.,(4,1,1,1,1,1,1,
    4),(15.707963267949,16.39215440101,17.389031538029,18.385908675049,
    19.382785812068,20.379662949087,21.376540086106,21.991148575128),
  .UNSPECIFIED.);
#4553 = CARTESIAN_POINT('',(71.173592131293,50.786838512497,
    64.794709577275));
#4554 = CARTESIAN_POINT('',(71.526053524368,50.768689779022,
    64.79734325543));
#4555 = CARTESIAN_POINT('',(72.397167150813,50.724098058213,
    65.09123949459));
#4556 = CARTESIAN_POINT('',(72.987112587997,50.653063350068,
    66.537136964524));
#4557 = CARTESIAN_POINT('',(71.990726542807,50.573734388062,
    67.966857184242));
#4558 = CARTESIAN_POINT('',(70.248180938563,50.494405426056,
    67.906462738522));
#4559 = CARTESIAN_POINT('',(69.35327265519,50.41507646405,
    66.410262948705));
#4560 = CARTESIAN_POINT('',(70.025190315644,50.345887492863,
    65.046327774014));
#4561 = CARTESIAN_POINT('',(70.858964748389,50.303141509012,
    64.796741722024));
#4562 = CARTESIAN_POINT('',(71.176024676809,50.286838512497,
    64.795040098681));
#4563 = ORIENTED_EDGE('',*,*,#4492,.T.);
#4564 = ORIENTED_EDGE('',*,*,#4565,.F.);
#4565 = EDGE_CURVE('',#4509,#4478,#4566,.T.);
#4566 = B_SPLINE_CURVE_WITH_KNOTS('',3,(#4567,#4568,#4569,#4570,#4571,
    #4572,#4573,#4574,#4575,#4576,#4577),.UNSPECIFIED.,.F.,.F.,(4,1,1,1,
    1,1,1,1,4),(15.707963267949,15.842869811656,16.839746948675,
    17.836624085694,18.833501222714,19.830378359733,20.827255496752,
    21.824132633771,21.991148575128),.UNSPECIFIED.);
#4567 = CARTESIAN_POINT('',(71.176199456618,50.745261959674,
    64.791610113158));
#4568 = CARTESIAN_POINT('',(71.24538639751,50.74168345246,
    64.791054240192));
#4569 = CARTESIAN_POINT('',(71.825259006564,50.71166195791,
    64.826719173383));
#4570 = CARTESIAN_POINT('',(72.825715642107,50.655197476025,
    65.561079701524));
#4571 = CARTESIAN_POINT('',(72.722014241345,50.575868514019,
    67.301401903155));
#4572 = CARTESIAN_POINT('',(71.204419367815,50.496539552013,
    68.159284272139));
#4573 = CARTESIAN_POINT('',(69.659949338049,50.417210590007,
    67.350558668355));
#4574 = CARTESIAN_POINT('',(69.500610803368,50.337881628001,
    65.614488243611));
#4575 = CARTESIAN_POINT('',(70.491454586582,50.28056541789,
    64.836789043675));
#4576 = CARTESIAN_POINT('',(71.088127064848,50.249692195114,
    64.791306615486));
#4577 = CARTESIAN_POINT('',(71.173863410194,50.245261959674,
    64.792062922946));
#4578 = ORIENTED_EDGE('',*,*,#4537,.F.);
#4579 = CYLINDRICAL_SURFACE('',#4580,1.543);
#4580 = AXIS2_PLACEMENT_3D('',#4581,#4582,#4583);
#4581 = CARTESIAN_POINT('',(71.175121184366,51.995261959674,
    66.33612968419));
#4582 = DIRECTION('',(0.,-1.,2.22044604925E-16));
#4583 = DIRECTION('',(-3.4537074E-14,2.22044604925E-16,1.));
#4584 = ADVANCED_FACE('',(#4585),#4797,.F.);
#4585 = FACE_BOUND('',#4586,.F.);
#4586 = EDGE_LOOP('',(#4587,#4588,#4589,#4590,#4591,#4592,#4593,#4594,
    #4595,#4596,#4624,#4625,#4704,#4705,#4706,#4707,#4708,#4709,#4710,
    #4711,#4712,#4713,#4714,#4715));
#4587 = ORIENTED_EDGE('',*,*,#3423,.T.);
#4588 = ORIENTED_EDGE('',*,*,#3457,.T.);
#4589 = ORIENTED_EDGE('',*,*,#3529,.T.);
#4590 = ORIENTED_EDGE('',*,*,#3604,.T.);
#4591 = ORIENTED_EDGE('',*,*,#3673,.T.);
#4592 = ORIENTED_EDGE('',*,*,#3742,.T.);
#4593 = ORIENTED_EDGE('',*,*,#3814,.T.);
#4594 = ORIENTED_EDGE('',*,*,#3886,.T.);
#4595 = ORIENTED_EDGE('',*,*,#3955,.T.);
#4596 = ORIENTED_EDGE('',*,*,#4597,.T.);
#4597 = EDGE_CURVE('',#3956,#4063,#4598,.T.);
#4598 = B_SPLINE_CURVE_WITH_KNOTS('',3,(#4599,#4600,#4601,#4602,#4603,
    #4604,#4605,#4606,#4607,#4608,#4609,#4610,#4611,#4612,#4613,#4614,
    #4615,#4616,#4617,#4618,#4619,#4620,#4621,#4622,#4623),
  .UNSPECIFIED.,.F.,.F.,(4,3,3,3,3,3,3,3,4),(-10.13578731154,
    -9.968771370192,-8.971894233173,-7.975017096153,-6.978139959134,
    -5.981262822115,-4.984385685096,-3.987508548077,-3.85260200437),
  .UNSPECIFIED.);
#4599 = CARTESIAN_POINT('',(71.174090429058,50.084469909705,
    65.0707554654));
#4600 = CARTESIAN_POINT('',(71.103828855053,50.088900145145,
    65.0701356658));
#4601 = CARTESIAN_POINT('',(71.033661718436,50.093330380586,
    65.075484281445));
#4602 = CARTESIAN_POINT('',(70.964556980523,50.097760616026,
    65.087134395583));
#4603 = CARTESIAN_POINT('',(70.552087771146,50.124203603361,
    65.156671065755));
#4604 = CARTESIAN_POINT('',(70.177467609068,50.150646590697,
    65.450705105493));
#4605 = CARTESIAN_POINT('',(70.011920714149,50.177089578032,
    65.834842567368));
#4606 = CARTESIAN_POINT('',(69.846373819231,50.203532565367,
    66.218980029243));
#4607 = CARTESIAN_POINT('',(69.889900191472,50.229975552703,
    66.693220913255));
#4608 = CARTESIAN_POINT('',(70.122614160984,50.256418540038,
    67.040800798551));
#4609 = CARTESIAN_POINT('',(70.355328130496,50.282861527373,
    67.388380683848));
#4610 = CARTESIAN_POINT('',(70.777229697279,50.309304514709,
    67.609299570429));
#4611 = CARTESIAN_POINT('',(71.195460532256,50.335747502044,
    67.602585514521));
#4612 = CARTESIAN_POINT('',(71.613691367233,50.362190489379,
    67.595871458613));
#4613 = CARTESIAN_POINT('',(72.028251470404,50.388633476715,
    67.361524460216));
#4614 = CARTESIAN_POINT('',(72.249695533792,50.41507646405,
    67.00664979187));
#4615 = CARTESIAN_POINT('',(72.47113959718,50.441519451385,
    66.651775123525));
#4616 = CARTESIAN_POINT('',(72.499467620784,50.46796243872,
    66.176372785231));
#4617 = CARTESIAN_POINT('',(72.321651472027,50.494405426056,
    65.79775331229));
#4618 = CARTESIAN_POINT('',(72.143835323271,50.520848413391,
    65.419133839349));
#4619 = CARTESIAN_POINT('',(71.759875002154,50.547291400726,
    65.13729723176));
#4620 = CARTESIAN_POINT('',(71.345434137061,50.573734388062,
    65.081027644094));
#4621 = CARTESIAN_POINT('',(71.289348203695,50.577312895276,
    65.073412728167));
#4622 = CARTESIAN_POINT('',(71.232704050225,50.580891402491,
    65.069928842366));
#4623 = CARTESIAN_POINT('',(71.176004836513,50.584469909705,
    65.070384384404));
#4624 = ORIENTED_EDGE('',*,*,#4062,.T.);
#4625 = ORIENTED_EDGE('',*,*,#4626,.T.);
#4626 = EDGE_CURVE('',#4054,#4507,#4627,.T.);
#4627 = B_SPLINE_CURVE_WITH_KNOTS('',3,(#4628,#4629,#4630,#4631,#4632,
    #4633,#4634,#4635,#4636,#4637,#4638,#4639,#4640,#4641,#4642,#4643,
    #4644,#4645,#4646,#4647,#4648,#4649,#4650,#4651,#4652,#4653,#4654,
    #4655,#4656,#4657,#4658,#4659,#4660,#4661,#4662,#4663,#4664,#4665,
    #4666,#4667,#4668,#4669,#4670,#4671,#4672,#4673,#4674,#4675,#4676,
    #4677,#4678,#4679,#4680,#4681,#4682,#4683,#4684,#4685,#4686,#4687,
    #4688,#4689,#4690,#4691,#4692,#4693,#4694,#4695,#4696,#4697,#4698,
    #4699,#4700,#4701,#4702,#4703),.UNSPECIFIED.,.F.,.F.,(4,3,3,3,3,3,3,
    3,3,3,3,3,3,3,3,3,3,3,3,3,3,3,3,3,3,4),(-0.286347380332,
    -0.271032195895,-0.25993005667,-0.256070839883,-0.25241682206,
    -0.236239230139,-0.224146981618,-0.220705540685,-0.2035400522,
    -0.186756604183,-0.178078349823,-0.171452039789,-0.168541220072,
    -0.152043586743,-0.135445506562,-0.119033871505,-0.115779320533,
    -9.852113474618E-02,-8.086028268795E-02,-6.30912695941E-02,
    -5.960067548764E-02,-5.648078836304E-02,-3.825272943437E-02,
    -2.021287370554E-02,-4.15242610357E-03,0.),.UNSPECIFIED.);
#4628 = CARTESIAN_POINT('',(72.000332483303,50.891050236085,
    67.294245836912));
#4629 = CARTESIAN_POINT('',(71.965615062767,50.891050236085,
    67.331421812523));
#4630 = CARTESIAN_POINT('',(71.928585130349,50.891050236085,
    67.366211444455));
#4631 = CARTESIAN_POINT('',(71.889556231812,50.891050236085,
    67.398602665045));
#4632 = CARTESIAN_POINT('',(71.861263770356,50.891050236085,
    67.422083403533));
#4633 = CARTESIAN_POINT('',(71.831919743941,50.891050236085,
    67.444303359771));
#4634 = CARTESIAN_POINT('',(71.801629855296,50.891050236085,
    67.465249113611));
#4635 = CARTESIAN_POINT('',(71.791100781181,50.891050236085,
    67.4725300712));
#4636 = CARTESIAN_POINT('',(71.780457326204,50.891050236085,
    67.479656991062));
#4637 = CARTESIAN_POINT('',(71.76970366143,50.891050236085,
    67.486629069313));
#4638 = CARTESIAN_POINT('',(71.759521781293,50.891050236085,
    67.493230434201));
#4639 = CARTESIAN_POINT('',(71.749244934505,50.891050236085,
    67.499690407847));
#4640 = CARTESIAN_POINT('',(71.738883921987,50.891050236085,
    67.506004431189));
#4641 = CARTESIAN_POINT('',(71.693012160958,50.891050236085,
    67.533958781152));
#4642 = CARTESIAN_POINT('',(71.645454005959,50.891050236085,
    67.559081083831));
#4643 = CARTESIAN_POINT('',(71.596535374731,50.891050236085,
    67.581336223785));
#4644 = CARTESIAN_POINT('',(71.559970214169,50.891050236085,
    67.597971251081));
#4645 = CARTESIAN_POINT('',(71.522643872996,50.891050236085,
    67.61300376022));
#4646 = CARTESIAN_POINT('',(71.484679773706,50.891050236085,
    67.626405271267));
#4647 = CARTESIAN_POINT('',(71.473875231848,50.891050236085,
    67.630219326908));
#4648 = CARTESIAN_POINT('',(71.463026594455,50.891050236085,
    67.633898467017));
#4649 = CARTESIAN_POINT('',(71.452141483917,50.891050236085,
    67.637441003168));
#4650 = CARTESIAN_POINT('',(71.397847877485,50.891050236085,
    67.655110742296));
#4651 = CARTESIAN_POINT('',(71.342614787645,50.891050236085,
    67.669397942927));
#4652 = CARTESIAN_POINT('',(71.286808569845,50.891050236085,
    67.68026349467));
#4653 = CARTESIAN_POINT('',(71.232244392646,50.891050236085,
    67.690887219303));
#4654 = CARTESIAN_POINT('',(71.177131085263,50.891050236085,
    67.698240234503));
#4655 = CARTESIAN_POINT('',(71.121781996479,50.891050236085,
    67.702241558492));
#4656 = CARTESIAN_POINT('',(71.09316252147,50.891050236085,
    67.704310531883));
#4657 = CARTESIAN_POINT('',(71.064479639071,50.891050236085,
    67.705482623074));
#4658 = CARTESIAN_POINT('',(71.035775135692,50.891050236085,
    67.705741368218));
#4659 = CARTESIAN_POINT('',(71.013857716486,50.891050236085,
    67.705938933934));
#4660 = CARTESIAN_POINT('',(70.991927669179,50.891050236085,
    67.70560393444));
#4661 = CARTESIAN_POINT('',(70.970003480725,50.891050236085,
    67.70472749685));
#4662 = CARTESIAN_POINT('',(70.960372576091,50.891050236085,
    67.704342493462));
#4663 = CARTESIAN_POINT('',(70.950747118566,50.891050236085,
    67.703853104129));
#4664 = CARTESIAN_POINT('',(70.941136834545,50.891050236085,
    67.703259456967));
#4665 = CARTESIAN_POINT('',(70.886668692429,50.891050236085,
    67.699894846934));
#4666 = CARTESIAN_POINT('',(70.832611152889,50.891050236085,
    67.693181487257));
#4667 = CARTESIAN_POINT('',(70.779253830685,50.891050236085,
    67.683063921348));
#4668 = CARTESIAN_POINT('',(70.725571639152,50.891050236085,
    67.672884754017));
#4669 = CARTESIAN_POINT('',(70.672597144201,50.891050236085,
    67.659260759309));
#4670 = CARTESIAN_POINT('',(70.620525175389,50.891050236085,
    67.642443070064));
#4671 = CARTESIAN_POINT('',(70.569038127519,50.891050236085,
    67.625814292796));
#4672 = CARTESIAN_POINT('',(70.518432725661,50.891050236085,
    67.606062641373));
#4673 = CARTESIAN_POINT('',(70.46890239726,50.891050236085,
    67.583383643753));
#4674 = CARTESIAN_POINT('',(70.459080159693,50.891050236085,
    67.578886227531));
#4675 = CARTESIAN_POINT('',(70.449298738914,50.891050236085,
    67.574272826135));
#4676 = CARTESIAN_POINT('',(70.439564396191,50.891050236085,
    67.569547050625));
#4677 = CARTESIAN_POINT('',(70.387945264484,50.891050236085,
    67.544487276642));
#4678 = CARTESIAN_POINT('',(70.337865378145,50.891050236085,
    67.516377840071));
#4679 = CARTESIAN_POINT('',(70.289532956551,50.891050236085,
    67.485505884376));
#4680 = CARTESIAN_POINT('',(70.240072847712,50.891050236085,
    67.453913627287));
#4681 = CARTESIAN_POINT('',(70.192441775373,50.891050236085,
    67.41942805478));
#4682 = CARTESIAN_POINT('',(70.146871280084,50.891050236085,
    67.382302416313));
#4683 = CARTESIAN_POINT('',(70.101021695658,50.891050236085,
    67.344949407869));
#4684 = CARTESIAN_POINT('',(70.057257010997,50.891050236085,
    67.304923314312));
#4685 = CARTESIAN_POINT('',(70.015835984319,50.891050236085,
    67.262435132729));
#4686 = CARTESIAN_POINT('',(70.00769912321,50.891050236085,
    67.254088636757));
#4687 = CARTESIAN_POINT('',(69.999652800971,50.891050236085,67.245647001
    ));
#4688 = CARTESIAN_POINT('',(69.99169913473,50.891050236085,
    67.237111644476));
#4689 = CARTESIAN_POINT('',(69.98459016126,50.891050236085,
    67.229482757213));
#4690 = CARTESIAN_POINT('',(69.977558012099,50.891050236085,
    67.221781910558));
#4691 = CARTESIAN_POINT('',(69.970610344037,50.891050236085,
    67.214017563289));
#4692 = CARTESIAN_POINT('',(69.930018329714,50.891050236085,
    67.168654069705));
#4693 = CARTESIAN_POINT('',(69.892242526253,50.891050236085,
    67.121056532312));
#4694 = CARTESIAN_POINT('',(69.857522500325,50.891050236085,
    67.071495536272));
#4695 = CARTESIAN_POINT('',(69.823160955791,50.891050236085,
    67.022446253413));
#4696 = CARTESIAN_POINT('',(69.791791506634,50.891050236085,
    66.971473104802));
#4697 = CARTESIAN_POINT('',(69.763674240812,50.891050236085,
    66.918796950437));
#4698 = CARTESIAN_POINT('',(69.738642118536,50.891050236085,
    66.871900643185));
#4699 = CARTESIAN_POINT('',(69.716187565755,50.891050236085,
    66.823653668809));
#4700 = CARTESIAN_POINT('',(69.696521872112,50.891050236085,
    66.774190829837));
#4701 = CARTESIAN_POINT('',(69.691437310234,50.891050236085,
    66.761402220902));
#4702 = CARTESIAN_POINT('',(69.686539341193,50.891050236085,
    66.748532247991));
#4703 = CARTESIAN_POINT('',(69.681827158626,50.891050236085,
    66.735584491695));
#4704 = ORIENTED_EDGE('',*,*,#4506,.T.);
#4705 = ORIENTED_EDGE('',*,*,#4565,.T.);
#4706 = ORIENTED_EDGE('',*,*,#4477,.T.);
#4707 = ORIENTED_EDGE('',*,*,#4432,.T.);
#4708 = ORIENTED_EDGE('',*,*,#4385,.T.);
#4709 = ORIENTED_EDGE('',*,*,#4340,.T.);
#4710 = ORIENTED_EDGE('',*,*,#4295,.T.);
#4711 = ORIENTED_EDGE('',*,*,#4249,.T.);
#4712 = ORIENTED_EDGE('',*,*,#4203,.T.);
#4713 = ORIENTED_EDGE('',*,*,#4158,.T.);
#4714 = ORIENTED_EDGE('',*,*,#4116,.T.);
#4715 = ORIENTED_EDGE('',*,*,#4716,.T.);
#4716 = EDGE_CURVE('',#4108,#3424,#4717,.T.);
#4717 = B_SPLINE_CURVE_WITH_KNOTS('',3,(#4718,#4719,#4720,#4721,#4722,
    #4723,#4724,#4725,#4726,#4727,#4728,#4729,#4730,#4731,#4732,#4733,
    #4734,#4735,#4736,#4737,#4738,#4739,#4740,#4741,#4742,#4743,#4744,
    #4745,#4746,#4747,#4748,#4749,#4750,#4751,#4752,#4753,#4754,#4755,
    #4756,#4757,#4758,#4759,#4760,#4761,#4762,#4763,#4764,#4765,#4766,
    #4767,#4768,#4769,#4770,#4771,#4772,#4773,#4774,#4775,#4776,#4777,
    #4778,#4779,#4780,#4781,#4782,#4783,#4784,#4785,#4786,#4787,#4788,
    #4789,#4790,#4791,#4792,#4793,#4794,#4795,#4796),.UNSPECIFIED.,.F.,
  .F.,(4,3,3,3,3,3,3,3,3,3,3,3,3,3,3,3,3,3,3,3,3,3,3,3,3,3,4),(0.,
    1.852951659152E-02,3.677188854331E-02,5.070491906692E-02,
    5.823638364545E-02,6.129935714456E-02,7.90553600656E-02,
    9.644418921124E-02,0.109392175091,0.11369903311,0.118163858746,
    0.135012079824,0.148236132732,0.165071315545,0.169818224501,
    0.172967214006,0.189735439548,0.206497733494,0.216770253163,
    0.222052301004,0.226211018945,0.242307286037,0.253478394187,
    0.258132303175,0.273591590399,0.282917595238,0.286347380332),
  .UNSPECIFIED.);
#4718 = CARTESIAN_POINT('',(72.215094746653,46.05411767968,
    67.475999847737));
#4719 = CARTESIAN_POINT('',(72.256837986093,46.05411767968,
    67.430475963698));
#4720 = CARTESIAN_POINT('',(72.295462457648,46.05411767968,
    67.382409097984));
#4721 = CARTESIAN_POINT('',(72.33093170406,46.05411767968,
    67.332168795888));
#4722 = CARTESIAN_POINT('',(72.365851297493,46.05411767968,
    67.282707048018));
#4723 = CARTESIAN_POINT('',(72.39771275145,46.05411767968,
    67.231137409956));
#4724 = CARTESIAN_POINT('',(72.426431993569,46.05411767968,
    67.177787442833));
#4725 = CARTESIAN_POINT('',(72.44836697429,46.05411767968,
    67.137040180233));
#4726 = CARTESIAN_POINT('',(72.468467980716,46.05411767968,
    67.095253730388));
#4727 = CARTESIAN_POINT('',(72.486677341909,46.05411767968,
    67.052570754518));
#4728 = CARTESIAN_POINT('',(72.496520366267,46.05411767968,
    67.029498579349));
#4729 = CARTESIAN_POINT('',(72.505810360672,46.05411767968,
    67.006164432058));
#4730 = CARTESIAN_POINT('',(72.514536001402,46.05411767968,
    66.982591021773));
#4731 = CARTESIAN_POINT('',(72.518084634744,46.05411767968,
    66.973003944753));
#4732 = CARTESIAN_POINT('',(72.521539258545,46.05411767968,
    66.963378824238));
#4733 = CARTESIAN_POINT('',(72.52489543974,46.05411767968,66.95372856239
    ));
#4734 = CARTESIAN_POINT('',(72.544351162464,46.05411767968,
    66.897786166016));
#4735 = CARTESIAN_POINT('',(72.560541807243,46.05411767968,
    66.84089589334));
#4736 = CARTESIAN_POINT('',(72.573395452191,46.05411767968,
    66.783367684615));
#4737 = CARTESIAN_POINT('',(72.585983298504,46.05411767968,
    66.727029093265));
#4738 = CARTESIAN_POINT('',(72.595370683489,46.05411767968,
    66.670077635819));
#4739 = CARTESIAN_POINT('',(72.601441321472,46.05411767968,
    66.612803887684));
#4740 = CARTESIAN_POINT('',(72.605961610575,46.05411767968,
    66.570156986277));
#4741 = CARTESIAN_POINT('',(72.608641941921,46.05411767968,
    66.527331303443));
#4742 = CARTESIAN_POINT('',(72.609416310411,46.05411767968,
    66.484451602823));
#4743 = CARTESIAN_POINT('',(72.609673886776,46.05411767968,
    66.470188629093));
#4744 = CARTESIAN_POINT('',(72.609720456947,46.05411767968,
    66.455919729904));
#4745 = CARTESIAN_POINT('',(72.609553205246,46.05411767968,
    66.44164967154));
#4746 = CARTESIAN_POINT('',(72.609379819061,46.05411767968,
    66.426856213726));
#4747 = CARTESIAN_POINT('',(72.608976216453,46.05411767968,
    66.412055434482));
#4748 = CARTESIAN_POINT('',(72.608340970171,46.05411767968,
    66.397286391379));
#4749 = CARTESIAN_POINT('',(72.605943839648,46.05411767968,
    66.341554740566));
#4750 = CARTESIAN_POINT('',(72.600253866961,46.05411767968,
    66.286200547948));
#4751 = CARTESIAN_POINT('',(72.591173184838,46.05411767968,
    66.231491508913));
#4752 = CARTESIAN_POINT('',(72.584045819862,46.05411767968,
    66.188550760246));
#4753 = CARTESIAN_POINT('',(72.574828641343,46.05411767968,
    66.146007397562));
#4754 = CARTESIAN_POINT('',(72.563452955636,46.05411767968,
    66.103998206996));
#4755 = CARTESIAN_POINT('',(72.548970878936,46.05411767968,
    66.050517446754));
#4756 = CARTESIAN_POINT('',(72.530990821546,46.05411767968,
    65.997901036273));
#4757 = CARTESIAN_POINT('',(72.509711120006,46.05411767968,
    65.946405556797));
#4758 = CARTESIAN_POINT('',(72.503711018497,46.05411767968,
    65.931885705401));
#4759 = CARTESIAN_POINT('',(72.497448382325,46.05411767968,
    65.917455175825));
#4760 = CARTESIAN_POINT('',(72.490927223375,46.05411767968,
    65.903120237828));
#4761 = CARTESIAN_POINT('',(72.486601237498,46.05411767968,
    65.893610771827));
#4762 = CARTESIAN_POINT('',(72.482161040297,46.05411767968,
    65.884142712303));
#4763 = CARTESIAN_POINT('',(72.477615133535,46.05411767968,
    65.874732469387));
#4764 = CARTESIAN_POINT('',(72.453408387293,46.05411767968,
    65.824623354914));
#4765 = CARTESIAN_POINT('',(72.426163412015,46.05411767968,
    65.776051024216));
#4766 = CARTESIAN_POINT('',(72.396124216565,46.05411767968,
    65.729245517793));
#4767 = CARTESIAN_POINT('',(72.366095647188,46.05411767968,
    65.682456568361));
#4768 = CARTESIAN_POINT('',(72.333273893257,46.05411767968,
    65.637432393461));
#4769 = CARTESIAN_POINT('',(72.297865829181,46.05411767968,
    65.594438968181));
#4770 = CARTESIAN_POINT('',(72.276166529798,46.05411767968,
    65.568091094299));
#4771 = CARTESIAN_POINT('',(72.253495238235,46.05411767968,
    65.542506660136));
#4772 = CARTESIAN_POINT('',(72.229894995697,46.05411767968,
    65.51775554793));
#4773 = CARTESIAN_POINT('',(72.217759938852,46.05411767968,
    65.505028723062));
#4774 = CARTESIAN_POINT('',(72.20537922802,46.05411767968,
    65.492522339221));
#4775 = CARTESIAN_POINT('',(72.192758482514,46.05411767968,
    65.480246683481));
#4776 = CARTESIAN_POINT('',(72.182821783271,46.05411767968,
    65.470581683975));
#4777 = CARTESIAN_POINT('',(72.172734009103,46.05411767968,
    65.461057843939));
#4778 = CARTESIAN_POINT('',(72.162516060832,46.05411767968,
    65.451696487843));
#4779 = CARTESIAN_POINT('',(72.122967616623,46.05411767968,
    65.415463473203));
#4780 = CARTESIAN_POINT('',(72.081418249733,46.05411767968,
    65.381608047932));
#4781 = CARTESIAN_POINT('',(72.038053720507,46.05411767968,
    65.350386608066));
#4782 = CARTESIAN_POINT('',(72.007957932265,46.05411767968,
    65.328718349247));
#4783 = CARTESIAN_POINT('',(71.976987309452,46.05411767968,
    65.308319633386));
#4784 = CARTESIAN_POINT('',(71.945199835113,46.05411767968,
    65.289290393985));
#4785 = CARTESIAN_POINT('',(71.931957101219,46.05411767968,
    65.281362769698));
#4786 = CARTESIAN_POINT('',(71.918570016686,46.05411767968,
    65.273671792329));
#4787 = CARTESIAN_POINT('',(71.905064192965,46.05411767968,
    65.266236538034));
#4788 = CARTESIAN_POINT('',(71.860200744057,46.05411767968,
    65.241538218399));
#4789 = CARTESIAN_POINT('',(71.813980529974,46.05411767968,
    65.219628128062));
#4790 = CARTESIAN_POINT('',(71.766564647896,46.05411767968,
    65.200760729971));
#4791 = CARTESIAN_POINT('',(71.737960434823,46.05411767968,
    65.189378740404));
#4792 = CARTESIAN_POINT('',(71.708920856805,46.05411767968,
    65.179104974395));
#4793 = CARTESIAN_POINT('',(71.67948038469,46.05411767968,
    65.170004525357));
#4794 = CARTESIAN_POINT('',(71.668653187605,46.05411767968,
    65.16665769196));
#4795 = CARTESIAN_POINT('',(71.657771766886,46.05411767968,
    65.163469626852));
#4796 = CARTESIAN_POINT('',(71.646839471057,46.05411767968,
    65.160440040593));
#4797 = B_SPLINE_SURFACE_WITH_KNOTS('',3,3,(
    (#4798,#4799,#4800,#4801,#4802,#4803,#4804,#4805,#4806,#4807,#4808
      ,#4809,#4810,#4811,#4812,#4813,#4814,#4815,#4816,#4817,#4818,#4819
      ,#4820,#4821,#4822,#4823,#4824,#4825,#4826,#4827,#4828,#4829,#4830
      ,#4831,#4832,#4833,#4834,#4835,#4836,#4837,#4838,#4839,#4840,#4841
      ,#4842,#4843,#4844,#4845,#4846,#4847,#4848,#4849,#4850,#4851,#4852
      ,#4853,#4854,#4855,#4856,#4857,#4858,#4859,#4860,#4861,#4862,#4863
      )
    ,(#4864,#4865,#4866,#4867,#4868,#4869,#4870,#4871,#4872,#4873,#4874
      ,#4875,#4876,#4877,#4878,#4879,#4880,#4881,#4882,#4883,#4884,#4885
      ,#4886,#4887,#4888,#4889,#4890,#4891,#4892,#4893,#4894,#4895,#4896
      ,#4897,#4898,#4899,#4900,#4901,#4902,#4903,#4904,#4905,#4906,#4907
      ,#4908,#4909,#4910,#4911,#4912,#4913,#4914,#4915,#4916,#4917,#4918
      ,#4919,#4920,#4921,#4922,#4923,#4924,#4925,#4926,#4927,#4928,#4929
      )
    ,(#4930,#4931,#4932,#4933,#4934,#4935,#4936,#4937,#4938,#4939,#4940
      ,#4941,#4942,#4943,#4944,#4945,#4946,#4947,#4948,#4949,#4950,#4951
      ,#4952,#4953,#4954,#4955,#4956,#4957,#4958,#4959,#4960,#4961,#4962
      ,#4963,#4964,#4965,#4966,#4967,#4968,#4969,#4970,#4971,#4972,#4973
      ,#4974,#4975,#4976,#4977,#4978,#4979,#4980,#4981,#4982,#4983,#4984
      ,#4985,#4986,#4987,#4988,#4989,#4990,#4991,#4992,#4993,#4994,#4995
      )
    ,(#4996,#4997,#4998,#4999,#5000,#5001,#5002,#5003,#5004,#5005,#5006
      ,#5007,#5008,#5009,#5010,#5011,#5012,#5013,#5014,#5015,#5016,#5017
      ,#5018,#5019,#5020,#5021,#5022,#5023,#5024,#5025,#5026,#5027,#5028
      ,#5029,#5030,#5031,#5032,#5033,#5034,#5035,#5036,#5037,#5038,#5039
      ,#5040,#5041,#5042,#5043,#5044,#5045,#5046,#5047,#5048,#5049,#5050
      ,#5051,#5052,#5053,#5054,#5055,#5056,#5057,#5058,#5059,#5060,#5061
      )),.UNSPECIFIED.,.F.,.F.,.F.,(4,4),(4,1,1,1,1,1,1,1,1,1,1,1,1,1,1,
    1,1,1,1,1,1,1,1,1,1,1,1,1,1,1,1,1,1,1,1,1,1,1,1,1,1,1,1,1,1,1,1,1,1,
    1,1,1,1,1,1,1,1,1,1,1,1,1,1,4),(0.,3.215840999386E-02),(
    11.855361263579,12.852238400598,13.849115537618,14.845992674637,
    15.842869811656,16.839746948675,17.836624085694,18.833501222714,
    19.830378359733,20.827255496752,21.824132633771,22.82100977079,
    23.817886907809,24.814764044829,25.811641181848,26.808518318867,
    27.805395455886,28.802272592905,29.799149729924,30.796026866944,
    31.792904003963,32.789781140982,33.786658278001,34.78353541502,
    35.78041255204,36.777289689059,37.774166826078,38.771043963097,
    39.767921100116,40.764798237135,41.761675374154,42.758552511174,
    43.755429648193,44.752306785212,45.749183922231,46.74606105925,
    47.742938196269,48.739815333289,49.736692470308,50.733569607327,
    51.730446744346,52.727323881365,53.724201018384,54.721078155404,
    55.717955292423,56.714832429442,57.711709566461,58.70858670348,
    59.7054638405,60.702340977519,61.699218114538,62.696095251557,
    63.692972388576,64.689849525595,65.686726662615,66.683603799634,
    67.680480936653,68.677358073672,69.674235210691,70.67111234771,
    71.66798948473,72.664866621749,73.661743758768,74.658620895787),
  .UNSPECIFIED.);
#4798 = CARTESIAN_POINT('',(72.000332483303,50.891050236085,
    67.294245836912));
#4799 = CARTESIAN_POINT('',(71.68195778755,50.86460724875,
    67.568457262619));
#4800 = CARTESIAN_POINT('',(70.7553654355,50.81172127408,67.769375526583
    ));
#4801 = CARTESIAN_POINT('',(69.74160340314,50.732392312074,
    66.760797084486));
#4802 = CARTESIAN_POINT('',(70.041150453828,50.653063350068,
    65.363352920938));
#4803 = CARTESIAN_POINT('',(71.375914681037,50.573734388062,
    64.855460624172));
#4804 = CARTESIAN_POINT('',(72.527795644387,50.494405426056,
    65.700970446938));
#4805 = CARTESIAN_POINT('',(72.442811573576,50.41507646405,
    67.127177461819));
#4806 = CARTESIAN_POINT('',(71.199131264062,50.335747502044,
    67.83021845701));
#4807 = CARTESIAN_POINT('',(69.933426563713,50.256418540038,
    67.167461797266));
#4808 = CARTESIAN_POINT('',(69.80284744699,50.177089578032,
    65.744739145232));
#4809 = CARTESIAN_POINT('',(70.926707933224,50.097760616026,
    64.862637026016));
#4810 = CARTESIAN_POINT('',(72.27766270325,50.01843165402,
    65.327519124199));
#4811 = CARTESIAN_POINT('',(72.620730457145,49.939102692014,
    66.714418476232));
#4812 = CARTESIAN_POINT('',(71.642303615034,49.859773730008,
    67.755506567318));
#4813 = CARTESIAN_POINT('',(70.236803295276,49.780444768002,
    67.499078486269));
#4814 = CARTESIAN_POINT('',(69.689062111758,49.701115805996,
    66.179546392841));
#4815 = CARTESIAN_POINT('',(70.499794276784,49.62178684399,
    65.003154191218));
#4816 = CARTESIAN_POINT('',(71.927873312727,49.542457881984,
    65.045294940061));
#4817 = CARTESIAN_POINT('',(72.66782765007,49.463128919978,
    66.267445916128));
#4818 = CARTESIAN_POINT('',(72.043231757951,49.383799957972,
    67.552383814645));
#4819 = CARTESIAN_POINT('',(70.625056853578,49.304470995966,
    67.725489000021));
#4820 = CARTESIAN_POINT('',(69.70972055063,49.225142033961,
    66.628518216768));
#4821 = CARTESIAN_POINT('',(70.133973007975,49.145813071955,
    65.264261898898));
#4822 = CARTESIAN_POINT('',(71.50998593804,49.066484109949,
    64.879848231064));
#4823 = CARTESIAN_POINT('',(72.579883904151,48.987155147943,
    65.826687072536));
#4824 = CARTESIAN_POINT('',(72.365624957457,48.907826185937,
    67.23923036522));
#4825 = CARTESIAN_POINT('',(71.063072857047,48.828497223931,
    67.826208623743));
#4826 = CARTESIAN_POINT('',(69.862949182598,48.749168261925,
    67.051038567532));
#4827 = CARTESIAN_POINT('',(69.862341072949,48.669839299919,
    65.62233808098));
#4828 = CARTESIAN_POINT('',(71.061804428591,48.590510337913,
    64.84614666865));
#4829 = CARTESIAN_POINT('',(72.364855737729,48.511181375907,
    65.432015882577));
#4830 = CARTESIAN_POINT('',(72.580317071732,48.431852413901,
    66.844376269882));
#4831 = CARTESIAN_POINT('',(71.511225514597,48.352523451895,
    67.792125547143));
#4832 = CARTESIAN_POINT('',(70.134885841381,48.273194489889,
    67.408883386088));
#4833 = CARTESIAN_POINT('',(69.709472177346,48.193865527883,
    66.044988718408));
#4834 = CARTESIAN_POINT('',(70.623874325676,48.114536565877,
    64.947239128916));
#4835 = CARTESIAN_POINT('',(72.042196071564,48.035207603871,
    65.11913699165));
#4836 = CARTESIAN_POINT('',(72.667885585051,47.955878641865,
    66.403542723002));
#4837 = CARTESIAN_POINT('',(71.928971882744,47.876549679859,
    67.626323157424));
#4838 = CARTESIAN_POINT('',(70.500929281954,47.797220717853,
    67.669679590339));
#4839 = CARTESIAN_POINT('',(69.689195884073,47.717891755848,
    66.493977952858));
#4840 = CARTESIAN_POINT('',(70.235813772285,47.638562793842,
    65.173980098311));
#4841 = CARTESIAN_POINT('',(71.64109489888,47.559233831836,
    64.916355558239));
#4842 = CARTESIAN_POINT('',(72.620408453112,47.47990486983,
    65.956610531456));
#4843 = CARTESIAN_POINT('',(72.278519775651,47.400575907824,
    67.343801072377));
#4844 = CARTESIAN_POINT('',(70.927964721116,47.321246945818,
    67.809833770981));
#4845 = CARTESIAN_POINT('',(69.803346520256,47.241917983812,
    66.928687170267));
#4846 = CARTESIAN_POINT('',(69.932729381545,47.162589021806,
    65.505857014972));
#4847 = CARTESIAN_POINT('',(71.197838546792,47.0832600598,
    64.842016630953));
#4848 = CARTESIAN_POINT('',(72.442180821947,47.003931097794,
    65.544012109548));
#4849 = CARTESIAN_POINT('',(72.528246622814,46.924602135788,
    66.970118412568));
#4850 = CARTESIAN_POINT('',(71.377359796902,46.845273173782,
    67.816666115125));
#4851 = CARTESIAN_POINT('',(70.041596877736,46.765944211776,
    67.309790666703));
#4852 = CARTESIAN_POINT('',(69.742040985946,46.68661524977,
    65.91284384468));
#4853 = CARTESIAN_POINT('',(70.75252545062,46.607286287764,
    64.902849939799));
#4854 = CARTESIAN_POINT('',(72.149329600165,46.527957325758,
    65.203064559946));
#4855 = CARTESIAN_POINT('',(72.655553761928,46.448628363752,
    66.539100441413));
#4856 = CARTESIAN_POINT('',(71.808472970685,46.369299401746,
    67.689518402981));
#4857 = CARTESIAN_POINT('',(70.382364629828,46.28997043974,
    67.602894262435));
#4858 = CARTESIAN_POINT('',(69.681058677738,46.210641477734,
    66.357949855771));
#4859 = CARTESIAN_POINT('',(70.345318974438,46.131312515729,
    65.093707637848));
#4860 = CARTESIAN_POINT('',(71.768596985494,46.051983553723,
    64.963868009639));
#4861 = CARTESIAN_POINT('',(72.648355051199,45.972654591717,
    66.091240919525));
#4862 = CARTESIAN_POINT('',(72.337792245583,45.919768617046,
    66.987060253677));
#4863 = CARTESIAN_POINT('',(72.027387269598,45.893325629711,
    67.270261778684));
#4864 = CARTESIAN_POINT('',(72.060915413777,50.944647586075,
    67.364585984147));
#4865 = CARTESIAN_POINT('',(71.71916722316,50.91820459874,
    67.658928655948));
#4866 = CARTESIAN_POINT('',(70.724549045343,50.865318624069,
    67.874597344721));
#4867 = CARTESIAN_POINT('',(69.636361620599,50.785989662063,
    66.791974063788));
#4868 = CARTESIAN_POINT('',(69.957899933608,50.706660700057,
    65.291936464218));
#4869 = CARTESIAN_POINT('',(71.390655946049,50.627331738051,
    64.746757228043));
#4870 = CARTESIAN_POINT('',(72.627102310294,50.548002776046,
    65.654340198466));
#4871 = CARTESIAN_POINT('',(72.535879129499,50.46867381404,
    67.185252275597));
#4872 = CARTESIAN_POINT('',(71.200893965313,50.389344852034,
    67.939907062053));
#4873 = CARTESIAN_POINT('',(69.842267488492,50.310015890028,
    67.228494087629));
#4874 = CARTESIAN_POINT('',(69.702101899116,50.230686928022,
    65.701322178025));
#4875 = CARTESIAN_POINT('',(70.908470661459,50.151357966016,
    64.754460485802));
#4876 = CARTESIAN_POINT('',(72.358605846261,50.07202900401,
    65.253471927426));
#4877 = CARTESIAN_POINT('',(72.726859937168,49.992700042004,
    66.742190567594));
#4878 = CARTESIAN_POINT('',(71.676601837504,49.913371079998,
    67.85971019509));
#4879 = CARTESIAN_POINT('',(70.167916638598,49.834042117992,
    67.58445643312));
#4880 = CARTESIAN_POINT('',(69.579963007574,49.754713155986,
    66.168050822355));
#4881 = CARTESIAN_POINT('',(70.450215116704,49.67538419398,
    64.905293726003));
#4882 = CARTESIAN_POINT('',(71.983136649421,49.596055231974,
    64.950528240116));
#4883 = CARTESIAN_POINT('',(72.777414772965,49.516726269968,
    66.26240349372));
#4884 = CARTESIAN_POINT('',(72.106964140907,49.437397307962,
    67.641675174954));
#4885 = CARTESIAN_POINT('',(70.584673852096,49.358068345956,
    67.827488886526));
#4886 = CARTESIAN_POINT('',(69.602138086812,49.27873938395,
    66.64998393611));
#4887 = CARTESIAN_POINT('',(70.0575370604,49.199410421944,
    65.185570669636));
#4888 = CARTESIAN_POINT('',(71.534570051364,49.120081459938,
    64.772935252365));
#4889 = CARTESIAN_POINT('',(72.68301463236,49.040752497933,
    65.789286316678));
#4890 = CARTESIAN_POINT('',(72.45302585394,48.961423535926,
    67.305531548736));
#4891 = CARTESIAN_POINT('',(71.054846823263,48.882094573921,
    67.935602846667));
#4892 = CARTESIAN_POINT('',(69.766616006773,48.802765611915,
    67.103523640423));
#4893 = CARTESIAN_POINT('',(69.765963252722,48.723436649909,
    65.569935033268));
#4894 = CARTESIAN_POINT('',(71.053485273066,48.644107687903,
    64.736759487992));
#4895 = CARTESIAN_POINT('',(72.452200161905,48.564778725897,
    65.365640320761));
#4896 = CARTESIAN_POINT('',(72.683479600961,48.485449763891,
    66.881689219432));
#4897 = CARTESIAN_POINT('',(71.5359006315,48.406120801885,
    67.899017559225));
#4898 = CARTESIAN_POINT('',(70.058516909518,48.326791839879,
    67.487639654963));
#4899 = CARTESIAN_POINT('',(69.60187147919,48.247462877873,
    66.023614589247));
#4900 = CARTESIAN_POINT('',(70.583404508846,48.168133915867,
    64.845273656491));
#4901 = CARTESIAN_POINT('',(72.10585241955,48.088804953861,
    65.029791409767));
#4902 = CARTESIAN_POINT('',(72.777476961245,48.009475991855,
    66.408491854756));
#4903 = CARTESIAN_POINT('',(71.984315871013,47.930147029849,
    67.721042778433));
#4904 = CARTESIAN_POINT('',(70.451433448338,47.850818067843,
    67.767582226127));
#4905 = CARTESIAN_POINT('',(69.580106600791,47.771489105837,
    66.50556639172));
#4906 = CARTESIAN_POINT('',(70.166854469724,47.692160143831,
    65.088660825959));
#4907 = CARTESIAN_POINT('',(71.675304383391,47.612831181825,
    64.812122766865));
#4908 = CARTESIAN_POINT('',(72.726514293193,47.533502219819,
    65.928748113099));
#4909 = CARTESIAN_POINT('',(72.359525840676,47.454173257814,
    67.417779319803));
#4910 = CARTESIAN_POINT('',(70.909819716499,47.374844295808,
    67.918025833238));
#4911 = CARTESIAN_POINT('',(69.702637611872,47.295515333802,
    66.972189808957));
#4912 = CARTESIAN_POINT('',(69.841519122658,47.216186371796,
    65.444902503735));
#4913 = CARTESIAN_POINT('',(71.199506343137,47.13685740979,
    64.732326243362));
#4914 = CARTESIAN_POINT('',(72.535202071207,47.057528447784,
    65.485858756566));
#4915 = CARTESIAN_POINT('',(72.627586397325,46.978199485778,
    67.016662728069));
#4916 = CARTESIAN_POINT('',(71.39220715517,46.898870523772,
    67.925359774283));
#4917 = CARTESIAN_POINT('',(69.958379131751,46.819541561766,
    67.381272038425));
#4918 = CARTESIAN_POINT('',(69.636831328569,46.74021259976,
    65.881768292734));
#4919 = CARTESIAN_POINT('',(70.721500562825,46.660883637754,
    64.797625632744));
#4920 = CARTESIAN_POINT('',(72.220851161731,46.581554675748,
    65.119880524859));
#4921 = CARTESIAN_POINT('',(72.764239796685,46.502225713742,
    66.554001550122));
#4922 = CARTESIAN_POINT('',(71.854970525052,46.422896751736,
    67.788877506233));
#4923 = CARTESIAN_POINT('',(70.324164366103,46.34356778973,
    67.695893849898));
#4924 = CARTESIAN_POINT('',(69.571372001029,46.264238827724,
    66.359551784804));
#4925 = CARTESIAN_POINT('',(70.284399001994,46.184909865718,
    65.002495158632));
#4926 = CARTESIAN_POINT('',(71.812167042331,46.105580903712,
    64.863123347358));
#4927 = CARTESIAN_POINT('',(72.756512592233,46.026251941706,
    66.073262398117));
#4928 = CARTESIAN_POINT('',(72.423149802074,45.973365967036,
    67.034848355325));
#4929 = CARTESIAN_POINT('',(72.089956428616,45.946922979701,
    67.338841135035));
#4930 = CARTESIAN_POINT('',(72.121498344251,50.998244936065,
    67.434926131381));
#4931 = CARTESIAN_POINT('',(71.75637665877,50.97180194873,
    67.749400049276));
#4932 = CARTESIAN_POINT('',(70.693732655187,50.918915974059,
    67.979819162859));
#4933 = CARTESIAN_POINT('',(69.531119838057,50.839587012053,
    66.82315104309));
#4934 = CARTESIAN_POINT('',(69.874649413388,50.760258050047,
    65.220520007499));
#4935 = CARTESIAN_POINT('',(71.405397211061,50.680929088041,
    64.638053831914));
#4936 = CARTESIAN_POINT('',(72.7264089762,50.601600126035,
    65.607709949995));
#4937 = CARTESIAN_POINT('',(72.628946685422,50.522271164029,
    67.243327089376));
#4938 = CARTESIAN_POINT('',(71.202656666564,50.442942202023,
    68.049595667096));
#4939 = CARTESIAN_POINT('',(69.751108413271,50.363613240017,
    67.289526377992));
#4940 = CARTESIAN_POINT('',(69.601356351242,50.284284278011,
    65.657905210818));
#4941 = CARTESIAN_POINT('',(70.890233389693,50.204955316006,
    64.646283945589));
#4942 = CARTESIAN_POINT('',(72.439548989271,50.125626354,65.179424730654
    ));
#4943 = CARTESIAN_POINT('',(72.832989417191,50.046297391994,
    66.769962658957));
#4944 = CARTESIAN_POINT('',(71.710900059975,49.966968429988,
    67.963913822861));
#4945 = CARTESIAN_POINT('',(70.099029981919,49.887639467982,
    67.669834379971));
#4946 = CARTESIAN_POINT('',(69.47086390339,49.808310505976,
    66.156555251868));
#4947 = CARTESIAN_POINT('',(70.400635956625,49.72898154397,
    64.807433260788));
#4948 = CARTESIAN_POINT('',(72.038399986114,49.649652581964,
    64.855761540172));
#4949 = CARTESIAN_POINT('',(72.887001895859,49.570323619958,
    66.257361071312));
#4950 = CARTESIAN_POINT('',(72.170696523863,49.490994657952,
    67.730966535263));
#4951 = CARTESIAN_POINT('',(70.544290850613,49.411665695946,
    67.929488773032));
#4952 = CARTESIAN_POINT('',(69.494555622994,49.33233673394,
    66.671449655451));
#4953 = CARTESIAN_POINT('',(69.981101112825,49.253007771934,
    65.106879440374));
#4954 = CARTESIAN_POINT('',(71.559154164689,49.173678809928,
    64.666022273665));
#4955 = CARTESIAN_POINT('',(72.786145360569,49.094349847922,
    65.75188556082));
#4956 = CARTESIAN_POINT('',(72.540426750422,49.015020885916,
    67.371832732251));
#4957 = CARTESIAN_POINT('',(71.046620789479,48.93569192391,
    68.044997069592));
#4958 = CARTESIAN_POINT('',(69.670282830948,48.856362961904,
    67.156008713313));
#4959 = CARTESIAN_POINT('',(69.669585432496,48.777033999898,
    65.517531985556));
#4960 = CARTESIAN_POINT('',(71.045166117541,48.697705037892,
    64.627372307334));
#4961 = CARTESIAN_POINT('',(72.539544586081,48.618376075887,
    65.299264758945));
#4962 = CARTESIAN_POINT('',(72.78664213019,48.539047113881,
    66.919002168981));
#4963 = CARTESIAN_POINT('',(71.560575748402,48.459718151875,
    68.005909571307));
#4964 = CARTESIAN_POINT('',(69.982147977655,48.380389189869,
    67.566395923838));
#4965 = CARTESIAN_POINT('',(69.494270781034,48.301060227863,
    66.002240460087));
#4966 = CARTESIAN_POINT('',(70.542934692016,48.221731265857,
    64.743308184066));
#4967 = CARTESIAN_POINT('',(72.169508767536,48.142402303851,
    64.940445827884));
#4968 = CARTESIAN_POINT('',(72.887068337438,48.063073341845,
    66.41344098651));
#4969 = CARTESIAN_POINT('',(72.039659859282,47.983744379839,
    67.815762399441));
#4970 = CARTESIAN_POINT('',(70.401937614722,47.904415417833,
    67.865484861915));
#4971 = CARTESIAN_POINT('',(69.471017317509,47.825086455827,
    66.517154830582));
#4972 = CARTESIAN_POINT('',(70.097895167163,47.745757493821,
    65.003341553607));
#4973 = CARTESIAN_POINT('',(71.709513867902,47.666428531815,
    64.707889975491));
#4974 = CARTESIAN_POINT('',(72.832620133273,47.587099569809,
    65.900885694742));
#4975 = CARTESIAN_POINT('',(72.440531905701,47.507770607803,
    67.491757567229));
#4976 = CARTESIAN_POINT('',(70.891674711882,47.428441645797,
    68.026217895494));
#4977 = CARTESIAN_POINT('',(69.601928703488,47.349112683791,
    67.015692447648));
#4978 = CARTESIAN_POINT('',(69.750308863772,47.269783721785,
    65.383947992498));
#4979 = CARTESIAN_POINT('',(71.201174139482,47.190454759779,
    64.62263585577));
#4980 = CARTESIAN_POINT('',(72.628223320467,47.111125797773,
    65.427705403584));
#4981 = CARTESIAN_POINT('',(72.726926171836,47.031796835768,
    67.06320704357));
#4982 = CARTESIAN_POINT('',(71.407054513438,46.952467873762,
    68.034053433441));
#4983 = CARTESIAN_POINT('',(69.875161385765,46.873138911756,
    67.452753410148));
#4984 = CARTESIAN_POINT('',(69.531621671192,46.79380994975,
    65.850692740789));
#4985 = CARTESIAN_POINT('',(70.690475675031,46.714480987744,
    64.692401325689));
#4986 = CARTESIAN_POINT('',(72.292372723297,46.635152025738,
    65.036696489772));
#4987 = CARTESIAN_POINT('',(72.872925831442,46.555823063732,
    66.568902658831));
#4988 = CARTESIAN_POINT('',(71.901468079418,46.476494101726,
    67.888236609484));
#4989 = CARTESIAN_POINT('',(70.265964102379,46.39716513972,
    67.788893437362));
#4990 = CARTESIAN_POINT('',(69.46168532432,46.317836177714,
    66.361153713836));
#4991 = CARTESIAN_POINT('',(70.22347902955,46.238507215708,
    64.911282679415));
#4992 = CARTESIAN_POINT('',(71.855737099169,46.159178253702,
    64.762378685077));
#4993 = CARTESIAN_POINT('',(72.864670133267,46.079849291696,
    66.05528387671));
#4994 = CARTESIAN_POINT('',(72.508507358565,46.026963317026,
    67.082636456973));
#4995 = CARTESIAN_POINT('',(72.152525587635,46.00052032969,
    67.407420491386));
#4996 = CARTESIAN_POINT('',(72.182081274725,51.051842286055,
    67.505266278615));
#4997 = CARTESIAN_POINT('',(71.79358609438,51.025399298719,
    67.839871442605));
#4998 = CARTESIAN_POINT('',(70.66291626503,50.972513324049,
    68.085040980997));
#4999 = CARTESIAN_POINT('',(69.425878055515,50.893184362043,
    66.854328022392));
#5000 = CARTESIAN_POINT('',(69.791398893168,50.813855400037,
    65.149103550779));
#5001 = CARTESIAN_POINT('',(71.420138476073,50.734526438031,
    64.529350435785));
#5002 = CARTESIAN_POINT('',(72.825715642107,50.655197476025,
    65.561079701524));
#5003 = CARTESIAN_POINT('',(72.722014241345,50.575868514019,
    67.301401903155));
#5004 = CARTESIAN_POINT('',(71.204419367815,50.496539552013,
    68.159284272139));
#5005 = CARTESIAN_POINT('',(69.659949338049,50.417210590007,
    67.350558668355));
#5006 = CARTESIAN_POINT('',(69.500610803368,50.337881628001,
    65.614488243611));
#5007 = CARTESIAN_POINT('',(70.871996117927,50.258552665995,
    64.538107405375));
#5008 = CARTESIAN_POINT('',(72.520492132281,50.179223703989,
    65.105377533881));
#5009 = CARTESIAN_POINT('',(72.939118897215,50.099894741983,
    66.797734750319));
#5010 = CARTESIAN_POINT('',(71.745198282445,50.020565779977,
    68.068117450633));
#5011 = CARTESIAN_POINT('',(70.03014332524,49.941236817972,
    67.755212326822));
#5012 = CARTESIAN_POINT('',(69.361764799207,49.861907855965,
    66.145059681382));
#5013 = CARTESIAN_POINT('',(70.351056796546,49.78257889396,
    64.709572795573));
#5014 = CARTESIAN_POINT('',(72.093663322808,49.703249931954,
    64.760994840227));
#5015 = CARTESIAN_POINT('',(72.996589018753,49.623920969948,
    66.252318648904));
#5016 = CARTESIAN_POINT('',(72.234428906819,49.544592007942,
    67.820257895572));
#5017 = CARTESIAN_POINT('',(70.50390784913,49.465263045936,
    68.031488659537));
#5018 = CARTESIAN_POINT('',(69.386973159175,49.38593408393,
    66.692915374793));
#5019 = CARTESIAN_POINT('',(69.904665165251,49.306605121924,
    65.028188211113));
#5020 = CARTESIAN_POINT('',(71.583738278014,49.227276159918,
    64.559109294966));
#5021 = CARTESIAN_POINT('',(72.889276088778,49.147947197912,
    65.714484804963));
#5022 = CARTESIAN_POINT('',(72.627827646905,49.068618235906,
    67.438133915767));
#5023 = CARTESIAN_POINT('',(71.038394755696,48.9892892739,
    68.154391292517));
#5024 = CARTESIAN_POINT('',(69.573949655123,48.909960311894,
    67.208493786204));
#5025 = CARTESIAN_POINT('',(69.573207612269,48.830631349888,
    65.465128937845));
#5026 = CARTESIAN_POINT('',(71.036846962016,48.751302387882,
    64.517985126675));
#5027 = CARTESIAN_POINT('',(72.626889010257,48.671973425876,
    65.232889197129));
#5028 = CARTESIAN_POINT('',(72.88980465942,48.59264446387,66.95631511853
    ));
#5029 = CARTESIAN_POINT('',(71.585250865304,48.513315501864,
    68.112801583389));
#5030 = CARTESIAN_POINT('',(69.905779045792,48.433986539859,
    67.645152192714));
#5031 = CARTESIAN_POINT('',(69.386670082878,48.354657577852,
    65.980866330926));
#5032 = CARTESIAN_POINT('',(70.502464875185,48.275328615847,
    64.641342711641));
#5033 = CARTESIAN_POINT('',(72.233165115522,48.195999653841,
    64.851100246001));
#5034 = CARTESIAN_POINT('',(72.996659713632,48.116670691835,
    66.418390118264));
#5035 = CARTESIAN_POINT('',(72.095003847551,48.037341729829,
    67.91048202045));
#5036 = CARTESIAN_POINT('',(70.352441781107,47.958012767823,
    67.963387497703));
#5037 = CARTESIAN_POINT('',(69.361928034226,47.878683805817,
    66.528743269445));
#5038 = CARTESIAN_POINT('',(70.028935864602,47.799354843811,
    64.918022281255));
#5039 = CARTESIAN_POINT('',(71.743723352413,47.720025881805,
    64.603657184117));
#5040 = CARTESIAN_POINT('',(72.938725973354,47.640696919799,
    65.873023276386));
#5041 = CARTESIAN_POINT('',(72.521537970726,47.561367957793,
    67.565735814655));
#5042 = CARTESIAN_POINT('',(70.873529707265,47.482038995787,
    68.134409957751));
#5043 = CARTESIAN_POINT('',(69.501219795104,47.402710033781,
    67.059195086338));
#5044 = CARTESIAN_POINT('',(69.659098604885,47.323381071775,
    65.322993481261));
#5045 = CARTESIAN_POINT('',(71.202841935827,47.244052109769,
    64.512945468179));
#5046 = CARTESIAN_POINT('',(72.721244569726,47.164723147763,
    65.369552050602));
#5047 = CARTESIAN_POINT('',(72.826265946347,47.085394185757,
    67.109751359071));
#5048 = CARTESIAN_POINT('',(71.421901871707,47.006065223751,
    68.142747092599));
#5049 = CARTESIAN_POINT('',(69.79194363978,46.926736261746,
    67.524234781871));
#5050 = CARTESIAN_POINT('',(69.426412013815,46.84740729974,
    65.819617188844));
#5051 = CARTESIAN_POINT('',(70.659450787237,46.768078337733,
    64.587177018634));
#5052 = CARTESIAN_POINT('',(72.363894284862,46.688749375728,
    64.953512454686));
#5053 = CARTESIAN_POINT('',(72.981611866199,46.609420413722,
    66.583803767539));
#5054 = CARTESIAN_POINT('',(71.947965633785,46.530091451716,
    67.987595712735));
#5055 = CARTESIAN_POINT('',(70.207763838654,46.45076248971,
    67.881893024825));
#5056 = CARTESIAN_POINT('',(69.351998647611,46.371433527704,
    66.362755642869));
#5057 = CARTESIAN_POINT('',(70.162559057107,46.292104565698,
    64.820070200199));
#5058 = CARTESIAN_POINT('',(71.899307156007,46.212775603692,
    64.661634022796));
#5059 = CARTESIAN_POINT('',(72.972827674301,46.133446641686,
    66.037305355302));
#5060 = CARTESIAN_POINT('',(72.593864915057,46.080560667015,
    67.130424558621));
#5061 = CARTESIAN_POINT('',(72.215094746653,46.05411767968,
    67.475999847737));
#5062 = ADVANCED_FACE('',(#5063),#5162,.F.);
#5063 = FACE_BOUND('',#5064,.T.);
#5064 = EDGE_LOOP('',(#5065,#5066,#5145,#5154,#5161));
#5065 = ORIENTED_EDGE('',*,*,#4518,.T.);
#5066 = ORIENTED_EDGE('',*,*,#5067,.T.);
#5067 = EDGE_CURVE('',#4519,#4028,#5068,.T.);
#5068 = B_SPLINE_CURVE_WITH_KNOTS('',3,(#5069,#5070,#5071,#5072,#5073,
    #5074,#5075,#5076,#5077,#5078,#5079,#5080,#5081,#5082,#5083,#5084,
    #5085,#5086,#5087,#5088,#5089,#5090,#5091,#5092,#5093,#5094,#5095,
    #5096,#5097,#5098,#5099,#5100,#5101,#5102,#5103,#5104,#5105,#5106,
    #5107,#5108,#5109,#5110,#5111,#5112,#5113,#5114,#5115,#5116,#5117,
    #5118,#5119,#5120,#5121,#5122,#5123,#5124,#5125,#5126,#5127,#5128,
    #5129,#5130,#5131,#5132,#5133,#5134,#5135,#5136,#5137,#5138,#5139,
    #5140,#5141,#5142,#5143,#5144),.UNSPECIFIED.,.F.,.F.,(4,3,3,3,3,3,3,
    3,3,3,3,3,3,3,3,3,3,3,3,3,3,3,3,3,3,4),(-0.285142803995,
    -0.266710381424,-0.249072647833,-0.245152026971,-0.227173876075,
    -0.215942538472,-0.212333049115,-0.194779868692,-0.177586795108,
    -0.160799144868,-0.156859680007,-0.15355188526,-0.137683423427,
    -0.120588929493,-0.105942580331,-0.102602462147,-9.936267539475E-02,
    -8.274675823791E-02,-6.624021399719E-02,-5.765422571516E-02,
    -5.136001307807E-02,-4.818202911729E-02,-3.226478524613E-02,
    -1.691306807154E-02,-3.418136194926E-03,0.),.UNSPECIFIED.);
#5069 = CARTESIAN_POINT('',(69.684471756148,50.891050236085,
    65.937615842333));
#5070 = CARTESIAN_POINT('',(69.705637017152,50.891050236085,
    65.879691651273));
#5071 = CARTESIAN_POINT('',(69.730511981456,50.891050236085,
    65.823285709916));
#5072 = CARTESIAN_POINT('',(69.758810038506,50.891050236085,
    65.768617682541));
#5073 = CARTESIAN_POINT('',(69.785888063084,50.891050236085,
    65.716306593258));
#5074 = CARTESIAN_POINT('',(69.816101504017,50.891050236085,
    65.665586391468));
#5075 = CARTESIAN_POINT('',(69.849233794758,50.891050236085,
    65.616681531621));
#5076 = CARTESIAN_POINT('',(69.856598638411,50.891050236085,
    65.605810667019));
#5077 = CARTESIAN_POINT('',(69.864104971397,50.891050236085,
    65.595033945745));
#5078 = CARTESIAN_POINT('',(69.87174580907,50.891050236085,
    65.584359743215));
#5079 = CARTESIAN_POINT('',(69.90678315073,50.891050236085,
    65.535412795642));
#5080 = CARTESIAN_POINT('',(69.944673173114,50.891050236085,
    65.48857818489));
#5081 = CARTESIAN_POINT('',(69.985169751307,50.891050236085,
    65.44408556454));
#5082 = CARTESIAN_POINT('',(70.010468834848,50.891050236085,
    65.416290067503));
#5083 = CARTESIAN_POINT('',(70.036785919416,50.891050236085,
    65.389409348005));
#5084 = CARTESIAN_POINT('',(70.064066246384,50.891050236085,
    65.363508326331));
#5085 = CARTESIAN_POINT('',(70.072833505756,50.891050236085,
    65.355184343438));
#5086 = CARTESIAN_POINT('',(70.081701749351,50.891050236085,
    65.346960273464));
#5087 = CARTESIAN_POINT('',(70.090664551998,50.891050236085,
    65.338842659354));
#5088 = CARTESIAN_POINT('',(70.134251241519,50.891050236085,
    65.299366176405));
#5089 = CARTESIAN_POINT('',(70.179933437697,50.891050236085,
    65.262527613581));
#5090 = CARTESIAN_POINT('',(70.227476129582,50.891050236085,
    65.228532425699));
#5091 = CARTESIAN_POINT('',(70.274043474085,50.891050236085,
    65.195234655572));
#5092 = CARTESIAN_POINT('',(70.322396686169,50.891050236085,
    65.164664375667));
#5093 = CARTESIAN_POINT('',(70.372335228342,50.891050236085,
    65.137059385909));
#5094 = CARTESIAN_POINT('',(70.421096188706,50.891050236085,
    65.110105338936));
#5095 = CARTESIAN_POINT('',(70.471369361071,50.891050236085,
    65.085978074887));
#5096 = CARTESIAN_POINT('',(70.522975326944,50.891050236085,
    65.064947285014));
#5097 = CARTESIAN_POINT('',(70.535085413004,50.891050236085,
    65.060012106087));
#5098 = CARTESIAN_POINT('',(70.547268897018,50.891050236085,
    65.055247667259));
#5099 = CARTESIAN_POINT('',(70.559523451941,50.891050236085,
    65.050657879594));
#5100 = CARTESIAN_POINT('',(70.569813060767,50.891050236085,
    65.046804037495));
#5101 = CARTESIAN_POINT('',(70.580146270487,50.891050236085,
    65.043075838421));
#5102 = CARTESIAN_POINT('',(70.590513885302,50.891050236085,
    65.039477652507));
#5103 = CARTESIAN_POINT('',(70.640250375195,50.891050236085,
    65.022216099049));
#5104 = CARTESIAN_POINT('',(70.69083282013,50.891050236085,
    65.007922713563));
#5105 = CARTESIAN_POINT('',(70.742100244921,50.891050236085,
    64.996785109601));
#5106 = CARTESIAN_POINT('',(70.797328703187,50.891050236085,
    64.984786989974));
#5107 = CARTESIAN_POINT('',(70.853353113144,50.891050236085,
    64.976450791352));
#5108 = CARTESIAN_POINT('',(70.909837293291,50.891050236085,
    64.971684410129));
#5109 = CARTESIAN_POINT('',(70.958232234245,50.891050236085,
    64.967600634154));
#5110 = CARTESIAN_POINT('',(71.006965140371,50.891050236085,
    64.966138478678));
#5111 = CARTESIAN_POINT('',(71.05581575571,50.891050236085,
    64.967269162308));
#5112 = CARTESIAN_POINT('',(71.066956199431,50.891050236085,
    64.96752701612));
#5113 = CARTESIAN_POINT('',(71.078102710412,50.891050236085,
    64.967919819415));
#5114 = CARTESIAN_POINT('',(71.089252568134,50.891050236085,
    64.968447408687));
#5115 = CARTESIAN_POINT('',(71.100067503224,50.891050236085,
    64.96895915008));
#5116 = CARTESIAN_POINT('',(71.110877839198,50.891050236085,
    64.969597389141));
#5117 = CARTESIAN_POINT('',(71.121674140293,50.891050236085,
    64.970360838781));
#5118 = CARTESIAN_POINT('',(71.177045205824,50.891050236085,
    64.974276348334));
#5119 = CARTESIAN_POINT('',(71.232106926993,50.891050236085,
    64.981483920484));
#5120 = CARTESIAN_POINT('',(71.286544198906,50.891050236085,
    64.991885733415));
#5121 = CARTESIAN_POINT('',(71.340623141928,50.891050236085,
    65.002219077264));
#5122 = CARTESIAN_POINT('',(71.394086912066,50.891050236085,
    65.015705258025));
#5123 = CARTESIAN_POINT('',(71.446605636591,50.891050236085,
    65.032294705453));
#5124 = CARTESIAN_POINT('',(71.473923598897,50.891050236085,
    65.040923816376));
#5125 = CARTESIAN_POINT('',(71.500985421528,50.891050236085,
    65.050393273341));
#5126 = CARTESIAN_POINT('',(71.527740957096,50.891050236085,
    65.060700427139));
#5127 = CARTESIAN_POINT('',(71.547354893728,50.891050236085,
    65.06825639106));
#5128 = CARTESIAN_POINT('',(71.566804176206,50.891050236085,
    65.076262598945));
#5129 = CARTESIAN_POINT('',(71.586067930538,50.891050236085,
    65.084718916816));
#5130 = CARTESIAN_POINT('',(71.595794310281,50.891050236085,
    65.088988560076));
#5131 = CARTESIAN_POINT('',(71.605474546033,50.891050236085,
    65.093373628212));
#5132 = CARTESIAN_POINT('',(71.615089729447,50.891050236085,
    65.097866280638));
#5133 = CARTESIAN_POINT('',(71.663248317143,50.891050236085,
    65.120368170256));
#5134 = CARTESIAN_POINT('',(71.709872041669,50.891050236085,
    65.145605917885));
#5135 = CARTESIAN_POINT('',(71.754665937311,50.891050236085,
    65.173521644576));
#5136 = CARTESIAN_POINT('',(71.797868342364,50.891050236085,
    65.200445548259));
#5137 = CARTESIAN_POINT('',(71.839369272067,50.891050236085,
    65.229861112715));
#5138 = CARTESIAN_POINT('',(71.878870202257,50.891050236085,
    65.261749293848));
#5139 = CARTESIAN_POINT('',(71.913593507534,50.891050236085,
    65.28978060964));
#5140 = CARTESIAN_POINT('',(71.946771197497,50.891050236085,
    65.319723214243));
#5141 = CARTESIAN_POINT('',(71.978171883608,50.891050236085,
    65.351581371109));
#5142 = CARTESIAN_POINT('',(71.986125374794,50.891050236085,
    65.359650735229));
#5143 = CARTESIAN_POINT('',(71.993964705301,50.891050236085,
    65.367843068785));
#5144 = CARTESIAN_POINT('',(72.001688404539,50.891050236085,
    65.376155391558));
#5145 = ORIENTED_EDGE('',*,*,#5146,.F.);
#5146 = EDGE_CURVE('',#5147,#4028,#5149,.T.);
#5147 = VERTEX_POINT('',#5148);
#5148 = CARTESIAN_POINT('',(71.175121184366,50.891050236085,
    65.07162968419));
#5149 = CIRCLE('',#5150,1.2645);
#5150 = AXIS2_PLACEMENT_3D('',#5151,#5152,#5153);
#5151 = CARTESIAN_POINT('',(71.175121184366,50.891050236085,
    66.33612968419));
#5152 = DIRECTION('',(0.,-1.,2.22044604925E-16));
#5153 = DIRECTION('',(0.,2.22044604925E-16,1.));
#5154 = ORIENTED_EDGE('',*,*,#5155,.F.);
#5155 = EDGE_CURVE('',#4054,#5147,#5156,.T.);
#5156 = CIRCLE('',#5157,1.2645);
#5157 = AXIS2_PLACEMENT_3D('',#5158,#5159,#5160);
#5158 = CARTESIAN_POINT('',(71.175121184366,50.891050236085,
    66.33612968419));
#5159 = DIRECTION('',(0.,-1.,2.22044604925E-16));
#5160 = DIRECTION('',(0.,2.22044604925E-16,1.));
#5161 = ORIENTED_EDGE('',*,*,#4626,.T.);
#5162 = PLANE('',#5163);
#5163 = AXIS2_PLACEMENT_3D('',#5164,#5165,#5166);
#5164 = CARTESIAN_POINT('',(71.175121184366,50.891050236085,
    66.33612968419));
#5165 = DIRECTION('',(0.,1.,0.));
#5166 = DIRECTION('',(0.,-0.,1.));
#5167 = ADVANCED_FACE('',(#5168),#5298,.F.);
#5168 = FACE_BOUND('',#5169,.F.);
#5169 = EDGE_LOOP('',(#5170,#5171,#5172,#5173,#5174,#5175,#5176,#5177,
    #5178,#5179,#5180,#5181,#5182,#5183,#5208,#5209,#5210,#5211,#5212,
    #5213,#5214,#5215,#5216));
#5170 = ORIENTED_EDGE('',*,*,#4094,.F.);
#5171 = ORIENTED_EDGE('',*,*,#4141,.F.);
#5172 = ORIENTED_EDGE('',*,*,#4187,.F.);
#5173 = ORIENTED_EDGE('',*,*,#4233,.F.);
#5174 = ORIENTED_EDGE('',*,*,#4278,.F.);
#5175 = ORIENTED_EDGE('',*,*,#4324,.F.);
#5176 = ORIENTED_EDGE('',*,*,#4369,.F.);
#5177 = ORIENTED_EDGE('',*,*,#4415,.F.);
#5178 = ORIENTED_EDGE('',*,*,#4461,.F.);
#5179 = ORIENTED_EDGE('',*,*,#4551,.F.);
#5180 = ORIENTED_EDGE('',*,*,#4527,.F.);
#5181 = ORIENTED_EDGE('',*,*,#5067,.T.);
#5182 = ORIENTED_EDGE('',*,*,#4027,.T.);
#5183 = ORIENTED_EDGE('',*,*,#5184,.T.);
#5184 = EDGE_CURVE('',#4030,#3984,#5185,.T.);
#5185 = B_SPLINE_CURVE_WITH_KNOTS('',3,(#5186,#5187,#5188,#5189,#5190,
    #5191,#5192,#5193,#5194,#5195,#5196,#5197,#5198,#5199,#5200,#5201,
    #5202,#5203,#5204,#5205,#5206,#5207),.UNSPECIFIED.,.F.,.F.,(4,3,3,3,
    3,3,3,4),(7.592748448157,7.975017096153,8.971894233173,
    9.968771370192,10.965648507211,11.96252564423,12.959402781249,
    13.875933755336),.UNSPECIFIED.);
#5186 = CARTESIAN_POINT('',(71.175861603157,50.447630562466,
    65.073195283104));
#5187 = CARTESIAN_POINT('',(71.337470174467,50.437490571646,
    65.07232794891));
#5188 = CARTESIAN_POINT('',(71.498782211967,50.427350580827,
    65.101098819976));
#5189 = CARTESIAN_POINT('',(71.647605509678,50.417210590007,
    65.160931539249));
#5190 = CARTESIAN_POINT('',(72.035705720674,50.390767602672,
    65.316962828243));
#5191 = CARTESIAN_POINT('',(72.338875266144,50.364324615337,
    65.684232679756));
#5192 = CARTESIAN_POINT('',(72.418550058123,50.337881628001,
    66.094865434026));
#5193 = CARTESIAN_POINT('',(72.498224850102,50.311438640666,
    66.505498188296));
#5194 = CARTESIAN_POINT('',(72.35440488859,50.284995653331,
    66.959493845321));
#5195 = CARTESIAN_POINT('',(72.052823243103,50.258552665995,
    67.249346695746));
#5196 = CARTESIAN_POINT('',(71.751241597617,50.23210967866,
    67.53919954617));
#5197 = CARTESIAN_POINT('',(71.291898268155,50.205666691325,
    67.664909589993));
#5198 = CARTESIAN_POINT('',(70.88474796494,50.179223703989,
    67.569016655261));
#5199 = CARTESIAN_POINT('',(70.477597661725,50.152780716654,
    67.47312372053));
#5200 = CARTESIAN_POINT('',(70.122640384757,50.126337729319,
    67.155627807243));
#5201 = CARTESIAN_POINT('',(69.982116636082,50.099894741983,
    66.761648332638));
#5202 = CARTESIAN_POINT('',(69.841592887407,50.073451754648,
    66.367668858033));
#5203 = CARTESIAN_POINT('',(69.915502667025,50.047008767313,
    65.897205822111));
#5204 = CARTESIAN_POINT('',(70.170064192597,50.020565779978,
    65.565294592016));
#5205 = CARTESIAN_POINT('',(70.404108604224,49.996254040807,
    65.260134696445));
#5206 = CARTESIAN_POINT('',(70.790857990335,49.971942301637,
    65.072092683471));
#5207 = CARTESIAN_POINT('',(71.175714249959,49.947630562466,
    65.069854496616));
#5208 = ORIENTED_EDGE('',*,*,#3983,.T.);
#5209 = ORIENTED_EDGE('',*,*,#3914,.T.);
#5210 = ORIENTED_EDGE('',*,*,#3845,.T.);
#5211 = ORIENTED_EDGE('',*,*,#3770,.T.);
#5212 = ORIENTED_EDGE('',*,*,#3701,.T.);
#5213 = ORIENTED_EDGE('',*,*,#3632,.T.);
#5214 = ORIENTED_EDGE('',*,*,#3560,.T.);
#5215 = ORIENTED_EDGE('',*,*,#3494,.T.);
#5216 = ORIENTED_EDGE('',*,*,#5217,.T.);
#5217 = EDGE_CURVE('',#3486,#4097,#5218,.T.);
#5218 = B_SPLINE_CURVE_WITH_KNOTS('',3,(#5219,#5220,#5221,#5222,#5223,
    #5224,#5225,#5226,#5227,#5228,#5229,#5230,#5231,#5232,#5233,#5234,
    #5235,#5236,#5237,#5238,#5239,#5240,#5241,#5242,#5243,#5244,#5245,
    #5246,#5247,#5248,#5249,#5250,#5251,#5252,#5253,#5254,#5255,#5256,
    #5257,#5258,#5259,#5260,#5261,#5262,#5263,#5264,#5265,#5266,#5267,
    #5268,#5269,#5270,#5271,#5272,#5273,#5274,#5275,#5276,#5277,#5278,
    #5279,#5280,#5281,#5282,#5283,#5284,#5285,#5286,#5287,#5288,#5289,
    #5290,#5291,#5292,#5293,#5294,#5295,#5296,#5297),.UNSPECIFIED.,.F.,
  .F.,(4,3,3,3,3,3,3,3,3,3,3,3,3,3,3,3,3,3,3,3,3,3,3,3,3,3,4),(0.,
    1.51309628923E-02,3.094542098187E-02,4.381374645194E-02,
    4.983693387664E-02,5.292792344818E-02,6.924980731199E-02,
    8.621134214975E-02,9.813151279793E-02,0.101652735466,0.104314543634,
    0.121394410395,0.133892024742,0.150539579344,0.155255437371,
    0.158465916135,0.175489667385,0.192922309873,0.203932890509,
    0.212630004419,0.215915445069,0.233915893188,0.246968994914,
    0.251154214338,0.269342918221,0.281006954964,0.285142803995),
  .UNSPECIFIED.);
#5219 = CARTESIAN_POINT('',(69.944685296312,46.05411767968,
    66.04460305524));
#5220 = CARTESIAN_POINT('',(69.927807720622,46.05411767968,
    66.092131912853));
#5221 = CARTESIAN_POINT('',(69.914076060938,46.05411767968,
    66.140552822329));
#5222 = CARTESIAN_POINT('',(69.90334275271,46.05411767968,
    66.189581428277));
#5223 = CARTESIAN_POINT('',(69.89212459995,46.05411767968,
    66.240824752279));
#5224 = CARTESIAN_POINT('',(69.884181461207,46.05411767968,
    66.292732602491));
#5225 = CARTESIAN_POINT('',(69.879392750816,46.05411767968,
    66.34501153546));
#5226 = CARTESIAN_POINT('',(69.875496146611,46.05411767968,
    66.387551236843));
#5227 = CARTESIAN_POINT('',(69.873689060518,46.05411767968,
    66.43033747059));
#5228 = CARTESIAN_POINT('',(69.873930391591,46.05411767968,
    66.473220995554));
#5229 = CARTESIAN_POINT('',(69.874043349745,46.05411767968,
    66.493293188233));
#5230 = CARTESIAN_POINT('',(69.87460538633,46.05411767968,
    66.513386770653));
#5231 = CARTESIAN_POINT('',(69.875613896637,46.05411767968,
    66.533486665943));
#5232 = CARTESIAN_POINT('',(69.876131445672,46.05411767968,
    66.543801564409));
#5233 = CARTESIAN_POINT('',(69.876766237068,46.05411767968,
    66.554110150223));
#5234 = CARTESIAN_POINT('',(69.877516913313,46.05411767968,
    66.564404463888));
#5235 = CARTESIAN_POINT('',(69.881480838199,46.05411767968,
    66.618763298882));
#5236 = CARTESIAN_POINT('',(69.888674546891,46.05411767968,
    66.672773730841));
#5237 = CARTESIAN_POINT('',(69.898969529934,46.05411767968,
    66.726128881009));
#5238 = CARTESIAN_POINT('',(69.909667971058,46.05411767968,
    66.781575007566));
#5239 = CARTESIAN_POINT('',(69.923715237259,46.05411767968,
    66.836314634483));
#5240 = CARTESIAN_POINT('',(69.941023278107,46.05411767968,
    66.890015181368));
#5241 = CARTESIAN_POINT('',(69.953186965089,46.05411767968,
    66.927754671862));
#5242 = CARTESIAN_POINT('',(69.966962325492,46.05411767968,
    66.964981254316));
#5243 = CARTESIAN_POINT('',(69.982335453439,46.05411767968,
    67.001577814259));
#5244 = CARTESIAN_POINT('',(69.986876680927,46.05411767968,
    67.01238845114));
#5245 = CARTESIAN_POINT('',(69.99155742235,46.05411767968,
    67.023144086681));
#5246 = CARTESIAN_POINT('',(69.996377546458,46.05411767968,
    67.033841625778));
#5247 = CARTESIAN_POINT('',(70.000021236997,46.05411767968,
    67.04192824785));
#5248 = CARTESIAN_POINT('',(70.003743790484,46.05411767968,
    67.049979779494));
#5249 = CARTESIAN_POINT('',(70.007541028758,46.05411767968,
    67.057986786535));
#5250 = CARTESIAN_POINT('',(70.031906542607,46.05411767968,
    67.109364874205));
#5251 = CARTESIAN_POINT('',(70.059385652503,46.05411767968,
    67.159005589229));
#5252 = CARTESIAN_POINT('',(70.089874164022,46.05411767968,
    67.206586506172));
#5253 = CARTESIAN_POINT('',(70.112183100288,46.05411767968,
    67.241402231528));
#5254 = CARTESIAN_POINT('',(70.136104400871,46.05411767968,
    67.275115377656));
#5255 = CARTESIAN_POINT('',(70.161614719867,46.05411767968,
    67.307596789304));
#5256 = CARTESIAN_POINT('',(70.19559595953,46.05411767968,67.35086393285
    ));
#5257 = CARTESIAN_POINT('',(70.23239512269,46.05411767968,
    67.391947088081));
#5258 = CARTESIAN_POINT('',(70.271718188778,46.05411767968,
    67.430771637651));
#5259 = CARTESIAN_POINT('',(70.282857482285,46.05411767968,
    67.441769713232));
#5260 = CARTESIAN_POINT('',(70.294199572903,46.05411767968,
    67.452586366086));
#5261 = CARTESIAN_POINT('',(70.305738366148,46.05411767968,
    67.463219448023));
#5262 = CARTESIAN_POINT('',(70.313593787252,46.05411767968,
    67.470458275729));
#5263 = CARTESIAN_POINT('',(70.321541125927,46.05411767968,
    67.477612533074));
#5264 = CARTESIAN_POINT('',(70.329565670048,46.05411767968,
    67.484670615847));
#5265 = CARTESIAN_POINT('',(70.372116284171,46.05411767968,
    67.522096512198));
#5266 = CARTESIAN_POINT('',(70.416913531704,46.05411767968,
    67.556895266259));
#5267 = CARTESIAN_POINT('',(70.463607527037,46.05411767968,
    67.589016688447));
#5268 = CARTESIAN_POINT('',(70.511423059292,46.05411767968,
    67.621909630841));
#5269 = CARTESIAN_POINT('',(70.561228270112,46.05411767968,
    67.651995716733));
#5270 = CARTESIAN_POINT('',(70.61269418445,46.05411767968,
    67.679190445201));
#5271 = CARTESIAN_POINT('',(70.645200420967,46.05411767968,
    67.696366828579));
#5272 = CARTESIAN_POINT('',(70.678370059498,46.05411767968,
    67.712389127396));
#5273 = CARTESIAN_POINT('',(70.712127363583,46.05411767968,
    67.727228215752));
#5274 = CARTESIAN_POINT('',(70.738791817404,46.05411767968,
    67.738949417931));
#5275 = CARTESIAN_POINT('',(70.765823048933,46.05411767968,
    67.749932278593));
#5276 = CARTESIAN_POINT('',(70.793185464434,46.05411767968,
    67.76015935426));
#5277 = CARTESIAN_POINT('',(70.803521949974,46.05411767968,
    67.764022756587));
#5278 = CARTESIAN_POINT('',(70.813896783007,46.05411767968,
    67.767774931839));
#5279 = CARTESIAN_POINT('',(70.824306943046,46.05411767968,
    67.771415097451));
#5280 = CARTESIAN_POINT('',(70.881342685181,46.05411767968,
    67.791359031679));
#5281 = CARTESIAN_POINT('',(70.939444196645,46.05411767968,
    67.807947005062));
#5282 = CARTESIAN_POINT('',(70.998267642437,46.05411767968,
    67.821075950144));
#5283 = CARTESIAN_POINT('',(71.040923715036,46.05411767968,
    67.830596460664));
#5284 = CARTESIAN_POINT('',(71.083960290769,46.05411767968,
    67.838297288125));
#5285 = CARTESIAN_POINT('',(71.127254411687,46.05411767968,
    67.844124049812));
#5286 = CARTESIAN_POINT('',(71.14113581701,46.05411767968,
    67.845992285937));
#5287 = CARTESIAN_POINT('',(71.155044599999,46.05411767968,
    67.847667714944));
#5288 = CARTESIAN_POINT('',(71.168960237278,46.05411767968,
    67.849146868889));
#5289 = CARTESIAN_POINT('',(71.229436733304,46.05411767968,
    67.855575180141));
#5290 = CARTESIAN_POINT('',(71.290113302477,46.05411767968,
    67.858310688249));
#5291 = CARTESIAN_POINT('',(71.350655916547,46.05411767968,
    67.857231866943));
#5292 = CARTESIAN_POINT('',(71.389480633226,46.05411767968,
    67.856540041323));
#5293 = CARTESIAN_POINT('',(71.42825076707,46.05411767968,
    67.854278717713));
#5294 = CARTESIAN_POINT('',(71.466881009037,46.05411767968,
    67.850404851319));
#5295 = CARTESIAN_POINT('',(71.480578569524,46.05411767968,
    67.849031250831));
#5296 = CARTESIAN_POINT('',(71.49425855046,46.05411767968,
    67.847454824193));
#5297 = CARTESIAN_POINT('',(71.507918121362,46.05411767968,
    67.845678288941));
#5298 = B_SPLINE_SURFACE_WITH_KNOTS('',3,3,(
    (#5299,#5300,#5301,#5302,#5303,#5304,#5305,#5306,#5307,#5308,#5309
      ,#5310,#5311,#5312,#5313,#5314,#5315,#5316,#5317,#5318,#5319,#5320
      ,#5321,#5322,#5323,#5324,#5325,#5326,#5327,#5328,#5329,#5330,#5331
      ,#5332,#5333,#5334,#5335,#5336,#5337,#5338,#5339,#5340,#5341,#5342
      ,#5343,#5344,#5345,#5346,#5347,#5348,#5349,#5350,#5351,#5352,#5353
      ,#5354,#5355,#5356,#5357,#5358,#5359,#5360,#5361,#5362,#5363,#5364
      )
    ,(#5365,#5366,#5367,#5368,#5369,#5370,#5371,#5372,#5373,#5374,#5375
      ,#5376,#5377,#5378,#5379,#5380,#5381,#5382,#5383,#5384,#5385,#5386
      ,#5387,#5388,#5389,#5390,#5391,#5392,#5393,#5394,#5395,#5396,#5397
      ,#5398,#5399,#5400,#5401,#5402,#5403,#5404,#5405,#5406,#5407,#5408
      ,#5409,#5410,#5411,#5412,#5413,#5414,#5415,#5416,#5417,#5418,#5419
      ,#5420,#5421,#5422,#5423,#5424,#5425,#5426,#5427,#5428,#5429,#5430
      )
    ,(#5431,#5432,#5433,#5434,#5435,#5436,#5437,#5438,#5439,#5440,#5441
      ,#5442,#5443,#5444,#5445,#5446,#5447,#5448,#5449,#5450,#5451,#5452
      ,#5453,#5454,#5455,#5456,#5457,#5458,#5459,#5460,#5461,#5462,#5463
      ,#5464,#5465,#5466,#5467,#5468,#5469,#5470,#5471,#5472,#5473,#5474
      ,#5475,#5476,#5477,#5478,#5479,#5480,#5481,#5482,#5483,#5484,#5485
      ,#5486,#5487,#5488,#5489,#5490,#5491,#5492,#5493,#5494,#5495,#5496
      )
    ,(#5497,#5498,#5499,#5500,#5501,#5502,#5503,#5504,#5505,#5506,#5507
      ,#5508,#5509,#5510,#5511,#5512,#5513,#5514,#5515,#5516,#5517,#5518
      ,#5519,#5520,#5521,#5522,#5523,#5524,#5525,#5526,#5527,#5528,#5529
      ,#5530,#5531,#5532,#5533,#5534,#5535,#5536,#5537,#5538,#5539,#5540
      ,#5541,#5542,#5543,#5544,#5545,#5546,#5547,#5548,#5549,#5550,#5551
      ,#5552,#5553,#5554,#5555,#5556,#5557,#5558,#5559,#5560,#5561,#5562
      )),.UNSPECIFIED.,.F.,.F.,.F.,(4,4),(4,1,1,1,1,1,1,1,1,1,1,1,1,1,1,
    1,1,1,1,1,1,1,1,1,1,1,1,1,1,1,1,1,1,1,1,1,1,1,1,1,1,1,1,1,1,1,1,1,1,
    1,1,1,1,1,1,1,1,1,1,1,1,1,1,4),(0.,3.215840999386E-02),(
    14.398400126972,15.395277263991,16.39215440101,17.389031538029,
    18.385908675049,19.382785812068,20.379662949087,21.376540086106,
    22.373417223125,23.370294360144,24.367171497164,25.364048634183,
    26.360925771202,27.357802908221,28.35468004524,29.351557182259,
    30.348434319278,31.345311456298,32.342188593317,33.339065730336,
    34.335942867355,35.332820004374,36.329697141394,37.326574278413,
    38.323451415432,39.320328552451,40.31720568947,41.314082826489,
    42.310959963509,43.307837100528,44.304714237547,45.301591374566,
    46.298468511585,47.295345648605,48.292222785624,49.289099922643,
    50.285977059662,51.282854196681,52.2797313337,53.27660847072,
    54.273485607739,55.270362744758,56.267239881777,57.264117018796,
    58.260994155815,59.257871292835,60.254748429854,61.251625566873,
    62.248502703892,63.245379840911,64.24225697793,65.23913411495,
    66.236011251969,67.232888388988,68.229765526007,69.226642663026,
    70.223519800045,71.220396937065,72.217274074084,73.214151211103,
    74.211028348122,75.207905485141,76.20478262216,77.20165975918),
  .UNSPECIFIED.);
#5299 = CARTESIAN_POINT('',(69.684471756148,50.891050236085,
    65.937615842333));
#5300 = CARTESIAN_POINT('',(69.816894868725,50.86460724875,
    65.442284397566));
#5301 = CARTESIAN_POINT('',(70.612857378503,50.81172127408,
    64.602663073961));
#5302 = CARTESIAN_POINT('',(72.328283117248,50.732392312074,
    64.922411593614));
#5303 = CARTESIAN_POINT('',(72.987112587997,50.653063350068,
    66.537136964524));
#5304 = CARTESIAN_POINT('',(71.990726542807,50.573734388062,
    67.966857184242));
#5305 = CARTESIAN_POINT('',(70.248180938563,50.494405426056,
    67.906462738522));
#5306 = CARTESIAN_POINT('',(69.35327265519,50.41507646405,
    66.410262948705));
#5307 = CARTESIAN_POINT('',(70.123663219515,50.335747502044,
    64.846436231868));
#5308 = CARTESIAN_POINT('',(71.855304126923,50.256418540038,
    64.64433700755));
#5309 = CARTESIAN_POINT('',(72.965127635013,50.177089578032,
    65.988814779519));
#5310 = CARTESIAN_POINT('',(72.438640800819,50.097760616026,
    67.650772783768));
#5311 = CARTESIAN_POINT('',(70.75710638241,50.01843165402,
    68.110963999946));
#5312 = CARTESIAN_POINT('',(69.457701688787,49.939102692014,
    66.948695449052));
#5313 = CARTESIAN_POINT('',(69.72826584051,49.859773730008,
    65.226454726803));
#5314 = CARTESIAN_POINT('',(71.321466499975,49.780444768002,
    64.518617024201));
#5315 = CARTESIAN_POINT('',(72.780885909861,49.701115805996,
    65.472249977866));
#5316 = CARTESIAN_POINT('',(72.772403608017,49.62178684399,
    67.21559410186));
#5317 = CARTESIAN_POINT('',(71.303773361502,49.542457881984,
    68.154980263455));
#5318 = CARTESIAN_POINT('',(69.717536406896,49.463128919978,
    67.431673089681));
#5319 = CARTESIAN_POINT('',(69.463743367122,49.383799957972,
    65.706880337044));
#5320 = CARTESIAN_POINT('',(70.774397930397,49.304470995966,
    64.55731276107));
#5321 = CARTESIAN_POINT('',(72.451371675141,49.225142033961,
    65.03384190902));
#5322 = CARTESIAN_POINT('',(72.961667329652,49.145813071955,
    66.700851002216));
#5323 = CARTESIAN_POINT('',(71.838800634073,49.066484109949,
    68.034451902301));
#5324 = CARTESIAN_POINT('',(70.109234642855,48.987155147943,
    67.81553992086));
#5325 = CARTESIAN_POINT('',(69.354043577183,48.907826185937,
    66.244232367124));
#5326 = CARTESIAN_POINT('',(70.263581626158,48.828497223931,
    64.756932292479));
#5327 = CARTESIAN_POINT('',(72.006399067221,48.749168261925,
    64.713247726199));
#5328 = CARTESIAN_POINT('',(72.9893079309,48.669839299919,
    66.153112699031));
#5329 = CARTESIAN_POINT('',(72.313786926335,48.590510337913,
    67.760281746369));
#5330 = CARTESIAN_POINT('',(70.597360248743,48.511181375907,
    68.065569208834));
#5331 = CARTESIAN_POINT('',(69.409090881394,48.431852413901,
    66.78989805806));
#5332 = CARTESIAN_POINT('',(69.835229406863,48.352523451895,
    65.099416785931));
#5333 = CARTESIAN_POINT('',(71.486223393464,48.273194489889,
    64.539470511272));
#5334 = CARTESIAN_POINT('',(72.852824829725,48.193865527883,
    65.621931359848));
#5335 = CARTESIAN_POINT('',(72.685761751673,48.114536565877,
    67.357273084778));
#5336 = CARTESIAN_POINT('',(71.13775404828,48.035207603871,
    68.159141605499));
#5337 = CARTESIAN_POINT('',(69.623905328088,47.955878641865,
    67.294512768033));
#5338 = CARTESIAN_POINT('',(69.528092933535,47.876549679859,
    65.553782760358));
#5339 = CARTESIAN_POINT('',(70.937903292708,47.797220717853,
    64.528231335384));
#5340 = CARTESIAN_POINT('',(72.564565217665,47.717891755848,
    65.155361270477));
#5341 = CARTESIAN_POINT('',(72.921073731427,47.638562793842,
    66.861884829167));
#5342 = CARTESIAN_POINT('',(71.681528333475,47.559233831836,
    68.087791913015));
#5343 = CARTESIAN_POINT('',(69.979053338304,47.47990486983,
    67.712425611622));
#5344 = CARTESIAN_POINT('',(69.369957864608,47.400575907824,
    66.078925167824));
#5345 = CARTESIAN_POINT('',(70.411043542096,47.321246945818,
    64.680546979095));
#5346 = CARTESIAN_POINT('',(72.150607020074,47.241917983812,
    64.795611525677));
#5347 = CARTESIAN_POINT('',(72.998434948984,47.162589021806,
    66.31893321348));
#5348 = CARTESIAN_POINT('',(72.179489555221,47.0832600598,
    67.857974839344));
#5349 = CARTESIAN_POINT('',(70.44240584222,47.003931097794,
    68.005829491941));
#5350 = CARTESIAN_POINT('',(69.375130092426,46.924602135788,
    66.627335738439));
#5351 = CARTESIAN_POINT('',(69.953307641225,46.845273173782,
    64.982638566424));
#5352 = CARTESIAN_POINT('',(71.648399357304,46.765944211776,
    64.575226224582));
#5353 = CARTESIAN_POINT('',(72.91084752764,46.68661524977,
    65.777540065871));
#5354 = CARTESIAN_POINT('',(72.58658720112,46.607286287764,
    67.490475568192));
#5355 = CARTESIAN_POINT('',(70.972048010794,46.527957325758,
    68.148192757666));
#5356 = CARTESIAN_POINT('',(69.543135083716,46.448628363752,
    67.149377371567));
#5357 = CARTESIAN_POINT('',(69.606119198697,46.369299401746,
    65.407226797375));
#5358 = CARTESIAN_POINT('',(71.103347011426,46.28997043974,
    64.514039513831));
#5359 = CARTESIAN_POINT('',(72.666293947935,46.210641477735,
    65.286897550993));
#5360 = CARTESIAN_POINT('',(72.865871440321,46.131312515729,
    67.018097678722));
#5361 = CARTESIAN_POINT('',(71.520326043785,46.051983553723,
    68.127557854143));
#5362 = CARTESIAN_POINT('',(69.858314152505,45.972654591717,
    67.595917887423));
#5363 = CARTESIAN_POINT('',(69.555480069144,45.919768617046,
    66.479310614485));
#5364 = CARTESIAN_POINT('',(69.673687751968,45.893325629711,
    65.980395727313));
#5365 = CARTESIAN_POINT('',(69.774155460135,50.944647586075,
    65.961592101775));
#5366 = CARTESIAN_POINT('',(69.898611444423,50.91820459874,
    65.496061868364));
#5367 = CARTESIAN_POINT('',(70.646685520636,50.865318624069,
    64.706955675159));
#5368 = CARTESIAN_POINT('',(72.258904072463,50.785989662063,
    65.007466786577));
#5369 = CARTESIAN_POINT('',(72.878095606811,50.706660700057,
    66.52504352586));
#5370 = CARTESIAN_POINT('',(71.941656313314,50.627331738052,
    67.8687457976));
#5371 = CARTESIAN_POINT('',(70.303949540519,50.548002776046,
    67.811984934324));
#5372 = CARTESIAN_POINT('',(69.462882682275,50.46867381404,
    66.405802781463));
#5373 = CARTESIAN_POINT('',(70.186923328224,50.389344852034,
    64.936062420347));
#5374 = CARTESIAN_POINT('',(71.81438147635,50.310015890028,
    64.74612233061));
#5375 = CARTESIAN_POINT('',(72.857433360547,50.230686928022,
    66.00971069677));
#5376 = CARTESIAN_POINT('',(72.362622176239,50.151357966016,
    67.571678356628));
#5377 = CARTESIAN_POINT('',(70.782255901171,50.07202900401,
    68.00418254457));
#5378 = CARTESIAN_POINT('',(69.561028828454,49.992700042004,
    66.911840930687));
#5379 = CARTESIAN_POINT('',(69.815314709221,49.913371079998,
    65.293217413265));
#5380 = CARTESIAN_POINT('',(71.312661753723,49.834042117992,
    64.627966187261));
#5381 = CARTESIAN_POINT('',(72.684276388139,49.754713155986,
    65.524224594028));
#5382 = CARTESIAN_POINT('',(72.67630441705,49.67538419398,
    67.162681844284));
#5383 = CARTESIAN_POINT('',(71.29603310846,49.596055231974,
    68.045550605576));
#5384 = CARTESIAN_POINT('',(69.805230803207,49.516726269968,
    67.365760616484));
#5385 = CARTESIAN_POINT('',(69.566707014152,49.437397307962,
    65.744738609496));
#5386 = CARTESIAN_POINT('',(70.798507117312,49.358068345956,
    64.664333826763));
#5387 = CARTESIAN_POINT('',(72.374587107916,49.27873938395,
    65.11219298817));
#5388 = CARTESIAN_POINT('',(72.854181241628,49.199410421944,
    66.678907842339));
#5389 = CARTESIAN_POINT('',(71.798870902653,49.120081459938,
    67.932273734718));
#5390 = CARTESIAN_POINT('',(70.17336283508,49.040752497932,
    67.726532413642));
#5391 = CARTESIAN_POINT('',(69.463607222377,48.961423535926,
    66.249761294064));
#5392 = CARTESIAN_POINT('',(70.318423658337,48.882094573921,
    64.851943412287));
#5393 = CARTESIAN_POINT('',(71.956385913111,48.802765611915,
    64.810887092218));
#5394 = CARTESIAN_POINT('',(72.880158868703,48.723436649909,
    66.164123766295));
#5395 = CARTESIAN_POINT('',(72.245280033024,48.644107687903,
    67.674598802036));
#5396 = CARTESIAN_POINT('',(70.632120763016,48.564778725897,
    67.961518893947));
#5397 = CARTESIAN_POINT('',(69.51534265054,48.485449763891,
    66.762597454879));
#5398 = CARTESIAN_POINT('',(69.915842900065,48.406120801885,
    65.173822606231));
#5399 = CARTESIAN_POINT('',(71.467506183433,48.326791839879,
    64.647565041335));
#5400 = CARTESIAN_POINT('',(72.751887161712,48.247462877873,
    65.664900518053));
#5401 = CARTESIAN_POINT('',(72.594875297148,48.168133915867,
    67.295836827041));
#5402 = CARTESIAN_POINT('',(71.140002211469,48.088804953861,
    68.049461583878));
#5403 = CARTESIAN_POINT('',(69.717232961696,48.009475991855,
    67.236852433436));
#5404 = CARTESIAN_POINT('',(69.627185041518,47.930147029849,
    65.600852023328));
#5405 = CARTESIAN_POINT('',(70.952175313193,47.850818067843,
    64.637002061273));
#5406 = CARTESIAN_POINT('',(72.48097045351,47.771489105837,
    65.226401236608));
#5407 = CARTESIAN_POINT('',(72.816029924048,47.692160143831,
    66.830253200764));
#5408 = CARTESIAN_POINT('',(71.651060761424,47.612831181825,
    67.982404587301));
#5409 = CARTESIAN_POINT('',(70.051013782272,47.53350221982,
    67.629621892505));
#5410 = CARTESIAN_POINT('',(69.478564039711,47.454173257814,
    66.094399667243));
#5411 = CARTESIAN_POINT('',(70.457013648679,47.374844295807,
    64.780153758824));
#5412 = CARTESIAN_POINT('',(72.091917712395,47.295515333802,
    64.888295541046));
#5413 = CARTESIAN_POINT('',(72.888736767207,47.216186371796,
    66.31996782508));
#5414 = CARTESIAN_POINT('',(72.119062553432,47.13685740979,
    67.766414269953));
#5415 = CARTESIAN_POINT('',(70.48648906166,47.057528447784,
    67.905373368274));
#5416 = CARTESIAN_POINT('',(69.483425084671,46.978199485778,
    66.609815564296));
#5417 = CARTESIAN_POINT('',(70.026817054006,46.898870523772,
    65.064070252813));
#5418 = CARTESIAN_POINT('',(71.619924963016,46.819541561766,
    64.681169541389));
#5419 = CARTESIAN_POINT('',(72.806418971451,46.74021259976,
    65.811147153515));
#5420 = CARTESIAN_POINT('',(72.501667502338,46.660883637754,
    67.421025291956));
#5421 = CARTESIAN_POINT('',(70.984265742234,46.581554675748,
    68.039171464522));
#5422 = CARTESIAN_POINT('',(69.641322193033,46.502225713742,
    67.100448989425));
#5423 = CARTESIAN_POINT('',(69.700516920237,46.422896751736,
    65.463113480023));
#5424 = CARTESIAN_POINT('',(71.107665245854,46.34356778973,
    64.62366407906));
#5425 = CARTESIAN_POINT('',(72.576578757904,46.264238827724,
    65.35002374436));
#5426 = CARTESIAN_POINT('',(72.76414883365,46.184909865718,
    66.977067631957));
#5427 = CARTESIAN_POINT('',(71.499557075682,46.105580903712,
    68.019778043097));
#5428 = CARTESIAN_POINT('',(69.937538770861,46.026251941706,
    67.520123760268));
#5429 = CARTESIAN_POINT('',(69.652924452507,45.973365967036,
    66.470696250888));
#5430 = CARTESIAN_POINT('',(69.764020266749,45.946922979701,
    66.001798169955));
#5431 = CARTESIAN_POINT('',(69.863839164123,50.998244936065,
    65.985568361217));
#5432 = CARTESIAN_POINT('',(69.980328020121,50.97180194873,
    65.549839339162));
#5433 = CARTESIAN_POINT('',(70.680513662768,50.918915974059,
    64.811248276358));
#5434 = CARTESIAN_POINT('',(72.189525027679,50.839587012053,
    65.09252197954));
#5435 = CARTESIAN_POINT('',(72.769078625625,50.760258050047,
    66.512950087197));
#5436 = CARTESIAN_POINT('',(71.89258608382,50.680929088041,
    67.770634410958));
#5437 = CARTESIAN_POINT('',(70.359718142476,50.601600126035,
    67.717507130127));
#5438 = CARTESIAN_POINT('',(69.57249270936,50.522271164029,
    66.40134261422));
#5439 = CARTESIAN_POINT('',(70.250183436932,50.442942202023,
    65.025688608827));
#5440 = CARTESIAN_POINT('',(71.773458825777,50.363613240018,
    64.847907653669));
#5441 = CARTESIAN_POINT('',(72.74973908608,50.284284278011,
    66.03060661402));
#5442 = CARTESIAN_POINT('',(72.286603551658,50.204955316006,
    67.492583929487));
#5443 = CARTESIAN_POINT('',(70.807405419932,50.125626354,67.897401089193
    ));
#5444 = CARTESIAN_POINT('',(69.664355968121,50.046297391994,
    66.874986412321));
#5445 = CARTESIAN_POINT('',(69.902363577932,49.966968429988,
    65.359980099727));
#5446 = CARTESIAN_POINT('',(71.303857007472,49.887639467982,
    64.737315350322));
#5447 = CARTESIAN_POINT('',(72.587666866417,49.808310505976,
    65.576199210189));
#5448 = CARTESIAN_POINT('',(72.580205226083,49.72898154397,
    67.109769586707));
#5449 = CARTESIAN_POINT('',(71.288292855418,49.649652581964,
    67.936120947696));
#5450 = CARTESIAN_POINT('',(69.892925199519,49.570323619958,
    67.299848143287));
#5451 = CARTESIAN_POINT('',(69.669670661182,49.490994657952,
    65.782596881948));
#5452 = CARTESIAN_POINT('',(70.822616304227,49.411665695946,
    64.771354892455));
#5453 = CARTESIAN_POINT('',(72.297802540692,49.33233673394,
    65.190544067319));
#5454 = CARTESIAN_POINT('',(72.746695153605,49.253007771934,
    66.656964682462));
#5455 = CARTESIAN_POINT('',(71.758941171233,49.173678809928,
    67.830095567134));
#5456 = CARTESIAN_POINT('',(70.237491027306,49.094349847922,
    67.637524906424));
#5457 = CARTESIAN_POINT('',(69.57317086757,49.015020885916,
    66.255290221003));
#5458 = CARTESIAN_POINT('',(70.373265690517,48.93569192391,
    64.946954532095));
#5459 = CARTESIAN_POINT('',(71.906372759001,48.856362961904,
    64.908526458236));
#5460 = CARTESIAN_POINT('',(72.771009806506,48.777033999898,
    66.175134833559));
#5461 = CARTESIAN_POINT('',(72.176773139712,48.697705037892,
    67.588915857703));
#5462 = CARTESIAN_POINT('',(70.66688127729,48.618376075887,
    67.85746857906));
#5463 = CARTESIAN_POINT('',(69.621594419686,48.539047113881,
    66.735296851699));
#5464 = CARTESIAN_POINT('',(69.996456393268,48.459718151875,
    65.24822842653));
#5465 = CARTESIAN_POINT('',(71.448788973402,48.380389189869,
    64.755659571397));
#5466 = CARTESIAN_POINT('',(72.650949493699,48.301060227863,
    65.707869676258));
#5467 = CARTESIAN_POINT('',(72.503988842623,48.221731265857,
    67.234400569304));
#5468 = CARTESIAN_POINT('',(71.142250374657,48.142402303851,
    67.939781562257));
#5469 = CARTESIAN_POINT('',(69.810560595305,48.063073341845,
    67.179192098839));
#5470 = CARTESIAN_POINT('',(69.726277149502,47.983744379839,
    65.647921286298));
#5471 = CARTESIAN_POINT('',(70.966447333678,47.904415417833,
    64.745772787163));
#5472 = CARTESIAN_POINT('',(72.397375689355,47.825086455827,
    65.297441202738));
#5473 = CARTESIAN_POINT('',(72.71098611667,47.745757493821,
    66.798621572362));
#5474 = CARTESIAN_POINT('',(71.620593189372,47.666428531815,
    67.877017261588));
#5475 = CARTESIAN_POINT('',(70.12297422624,47.587099569809,
    67.546818173389));
#5476 = CARTESIAN_POINT('',(69.587170214814,47.507770607803,
    66.109874166661));
#5477 = CARTESIAN_POINT('',(70.502983755262,47.428441645797,
    64.879760538554));
#5478 = CARTESIAN_POINT('',(72.033228404717,47.349112683791,
    64.980979556416));
#5479 = CARTESIAN_POINT('',(72.77903858543,47.269783721785,
    66.321002436679));
#5480 = CARTESIAN_POINT('',(72.058635551643,47.190454759779,
    67.674853700563));
#5481 = CARTESIAN_POINT('',(70.5305722811,47.111125797773,
    67.804917244606));
#5482 = CARTESIAN_POINT('',(69.591720076917,47.031796835768,
    66.592295390153));
#5483 = CARTESIAN_POINT('',(70.100326466788,46.952467873762,
    65.145501939203));
#5484 = CARTESIAN_POINT('',(71.591450568727,46.873138911756,
    64.787112858196));
#5485 = CARTESIAN_POINT('',(72.701990415261,46.79380994975,
    65.844754241158));
#5486 = CARTESIAN_POINT('',(72.416747803555,46.714480987744,
    67.351575015721));
#5487 = CARTESIAN_POINT('',(70.996483473675,46.635152025738,
    67.930150171378));
#5488 = CARTESIAN_POINT('',(69.739509302351,46.555823063732,
    67.051520607283));
#5489 = CARTESIAN_POINT('',(69.794914641777,46.476494101726,
    65.519000162671));
#5490 = CARTESIAN_POINT('',(71.111983480281,46.39716513972,
    64.733288644289));
#5491 = CARTESIAN_POINT('',(72.486863567873,46.317836177714,
    65.413149937727));
#5492 = CARTESIAN_POINT('',(72.662426226978,46.238507215708,
    66.936037585192));
#5493 = CARTESIAN_POINT('',(71.478788107579,46.159178253702,
    67.911998232051));
#5494 = CARTESIAN_POINT('',(70.016763389218,46.079849291696,
    67.444329633113));
#5495 = CARTESIAN_POINT('',(69.750368835871,46.026963317026,
    66.462081887292));
#5496 = CARTESIAN_POINT('',(69.85435278153,46.00052032969,
    66.023200612597));
#5497 = CARTESIAN_POINT('',(69.953522868111,51.051842286055,
    66.009544620659));
#5498 = CARTESIAN_POINT('',(70.062044595819,51.025399298719,
    65.60361680996));
#5499 = CARTESIAN_POINT('',(70.714341804901,50.972513324049,
    64.915540877557));
#5500 = CARTESIAN_POINT('',(72.120145982894,50.893184362043,
    65.177577172503));
#5501 = CARTESIAN_POINT('',(72.660061644438,50.813855400037,
    66.500856648534));
#5502 = CARTESIAN_POINT('',(71.843515854327,50.734526438031,
    67.672523024316));
#5503 = CARTESIAN_POINT('',(70.415486744432,50.655197476025,
    67.623029325929));
#5504 = CARTESIAN_POINT('',(69.682102736445,50.575868514019,
    66.396882446977));
#5505 = CARTESIAN_POINT('',(70.31344354564,50.496539552013,
    65.115314797306));
#5506 = CARTESIAN_POINT('',(71.732536175204,50.417210590007,
    64.949692976729));
#5507 = CARTESIAN_POINT('',(72.642044811614,50.337881628001,
    66.05150253127));
#5508 = CARTESIAN_POINT('',(72.210584927078,50.258552665995,
    67.413489502347));
#5509 = CARTESIAN_POINT('',(70.832554938693,50.179223703989,
    67.790619633816));
#5510 = CARTESIAN_POINT('',(69.767683107788,50.099894741983,
    66.838131893956));
#5511 = CARTESIAN_POINT('',(69.989412446644,50.020565779978,
    65.426742786189));
#5512 = CARTESIAN_POINT('',(71.295052261221,49.941236817972,
    64.846664513382));
#5513 = CARTESIAN_POINT('',(72.491057344696,49.861907855966,
    65.628173826351));
#5514 = CARTESIAN_POINT('',(72.484106035116,49.78257889396,
    67.056857329131));
#5515 = CARTESIAN_POINT('',(71.280552602376,49.703249931954,
    67.826691289816));
#5516 = CARTESIAN_POINT('',(69.98061959583,49.623920969948,
    67.23393567009));
#5517 = CARTESIAN_POINT('',(69.772634308212,49.544592007942,
    65.8204551544));
#5518 = CARTESIAN_POINT('',(70.846725491142,49.465263045936,
    64.878375958147));
#5519 = CARTESIAN_POINT('',(72.221017973468,49.38593408393,
    65.268895146469));
#5520 = CARTESIAN_POINT('',(72.639209065581,49.306605121924,
    66.635021522585));
#5521 = CARTESIAN_POINT('',(71.719011439813,49.227276159918,
    67.727917399551));
#5522 = CARTESIAN_POINT('',(70.301619219531,49.147947197912,
    67.548517399206));
#5523 = CARTESIAN_POINT('',(69.682734512764,49.068618235906,
    66.260819147943));
#5524 = CARTESIAN_POINT('',(70.428107722698,48.9892892739,
    65.041965651903));
#5525 = CARTESIAN_POINT('',(71.856359604891,48.909960311894,
    65.006165824255));
#5526 = CARTESIAN_POINT('',(72.661860744309,48.830631349888,
    66.186145900824));
#5527 = CARTESIAN_POINT('',(72.108266246401,48.751302387882,
    67.50323291337));
#5528 = CARTESIAN_POINT('',(70.701641791563,48.671973425876,
    67.753418264172));
#5529 = CARTESIAN_POINT('',(69.727846188832,48.59264446387,
    66.707996248518));
#5530 = CARTESIAN_POINT('',(70.07706988647,48.513315501864,
    65.322634246829));
#5531 = CARTESIAN_POINT('',(71.430071763371,48.433986539859,
    64.863754101459));
#5532 = CARTESIAN_POINT('',(72.550011825686,48.354657577852,
    65.750838834462));
#5533 = CARTESIAN_POINT('',(72.413102388099,48.275328615847,
    67.172964311567));
#5534 = CARTESIAN_POINT('',(71.144498537846,48.195999653841,
    67.830101540636));
#5535 = CARTESIAN_POINT('',(69.903888228913,48.116670691835,
    67.121531764242));
#5536 = CARTESIAN_POINT('',(69.825369257486,48.037341729829,
    65.694990549267));
#5537 = CARTESIAN_POINT('',(70.980719354164,47.958012767823,
    64.854543513052));
#5538 = CARTESIAN_POINT('',(72.3137809252,47.878683805817,
    65.368481168869));
#5539 = CARTESIAN_POINT('',(72.605942309291,47.799354843811,
    66.766989943959));
#5540 = CARTESIAN_POINT('',(71.590125617321,47.720025881805,
    67.771629935874));
#5541 = CARTESIAN_POINT('',(70.194934670208,47.640696919799,
    67.464014454272));
#5542 = CARTESIAN_POINT('',(69.695776389917,47.561367957793,
    66.12534866608));
#5543 = CARTESIAN_POINT('',(70.548953861845,47.482038995787,
    64.979367318284));
#5544 = CARTESIAN_POINT('',(71.974539097038,47.402710033781,
    65.073663571786));
#5545 = CARTESIAN_POINT('',(72.669340403653,47.323381071775,
    66.322037048278));
#5546 = CARTESIAN_POINT('',(71.998208549853,47.244052109769,
    67.583293131172));
#5547 = CARTESIAN_POINT('',(70.57465550054,47.164723147763,
    67.704461120938));
#5548 = CARTESIAN_POINT('',(69.700015069163,47.085394185757,
    66.57477521601));
#5549 = CARTESIAN_POINT('',(70.173835879569,47.006065223751,
    65.226933625593));
#5550 = CARTESIAN_POINT('',(71.562976174438,46.926736261746,
    64.893056175004));
#5551 = CARTESIAN_POINT('',(72.597561859071,46.84740729974,
    65.878361328802));
#5552 = CARTESIAN_POINT('',(72.331828104772,46.768078337734,
    67.282124739485));
#5553 = CARTESIAN_POINT('',(71.008701205116,46.688749375728,
    67.821128878234));
#5554 = CARTESIAN_POINT('',(69.837696411668,46.609420413722,
    67.002592225142));
#5555 = CARTESIAN_POINT('',(69.889312363317,46.530091451716,
    65.574886845319));
#5556 = CARTESIAN_POINT('',(71.116301714708,46.45076248971,
    64.842913209518));
#5557 = CARTESIAN_POINT('',(72.397148377842,46.371433527704,
    65.476276131094));
#5558 = CARTESIAN_POINT('',(72.560703620306,46.292104565698,
    66.895007538426));
#5559 = CARTESIAN_POINT('',(71.458019139476,46.212775603692,
    67.804218421005));
#5560 = CARTESIAN_POINT('',(70.095988007575,46.133446641686,
    67.368535505958));
#5561 = CARTESIAN_POINT('',(69.847813219234,46.080560667015,
    66.453467523696));
#5562 = CARTESIAN_POINT('',(69.944685296312,46.05411767968,
    66.04460305524));
#5563 = ADVANCED_FACE('',(#5564),#5585,.F.);
#5564 = FACE_BOUND('',#5565,.F.);
#5565 = EDGE_LOOP('',(#5566,#5574,#5575,#5576,#5577,#5578));
#5566 = ORIENTED_EDGE('',*,*,#5567,.T.);
#5567 = EDGE_CURVE('',#5568,#5147,#5570,.T.);
#5568 = VERTEX_POINT('',#5569);
#5569 = CARTESIAN_POINT('',(71.175121184366,51.197065711105,
    63.33612968419));
#5570 = LINE('',#5571,#5572);
#5571 = CARTESIAN_POINT('',(71.175121184366,51.044057973595,
    64.20387968419));
#5572 = VECTOR('',#5573,1.);
#5573 = DIRECTION('',(-1.206041662502E-16,-0.173648177667,0.984807753012
    ));
#5574 = ORIENTED_EDGE('',*,*,#5155,.F.);
#5575 = ORIENTED_EDGE('',*,*,#4053,.F.);
#5576 = ORIENTED_EDGE('',*,*,#5146,.F.);
#5577 = ORIENTED_EDGE('',*,*,#5567,.F.);
#5578 = ORIENTED_EDGE('',*,*,#5579,.T.);
#5579 = EDGE_CURVE('',#5568,#5568,#5580,.T.);
#5580 = CIRCLE('',#5581,3.);
#5581 = AXIS2_PLACEMENT_3D('',#5582,#5583,#5584);
#5582 = CARTESIAN_POINT('',(71.175121184366,51.197065711105,
    66.33612968419));
#5583 = DIRECTION('',(0.,-1.,2.22044604925E-16));
#5584 = DIRECTION('',(0.,2.22044604925E-16,1.));
#5585 = CONICAL_SURFACE('',#5586,2.13225,1.396263401595);
#5586 = AXIS2_PLACEMENT_3D('',#5587,#5588,#5589);
#5587 = CARTESIAN_POINT('',(71.175121184366,51.044057973595,
    66.33612968419));
#5588 = DIRECTION('',(0.,1.,-2.22044604925E-16));
#5589 = DIRECTION('',(0.,2.22044604925E-16,1.));
#5590 = ADVANCED_FACE('',(#5591),#5597,.F.);
#5591 = FACE_BOUND('',#5592,.F.);
#5592 = EDGE_LOOP('',(#5593,#5594,#5595,#5596));
#5593 = ORIENTED_EDGE('',*,*,#4597,.F.);
#5594 = ORIENTED_EDGE('',*,*,#4013,.T.);
#5595 = ORIENTED_EDGE('',*,*,#5184,.F.);
#5596 = ORIENTED_EDGE('',*,*,#4080,.F.);
#5597 = CYLINDRICAL_SURFACE('',#5598,1.2645);
#5598 = AXIS2_PLACEMENT_3D('',#5599,#5600,#5601);
#5599 = CARTESIAN_POINT('',(71.175121184366,43.697065711105,
    66.33612968419));
#5600 = DIRECTION('',(0.,-1.,2.22044604925E-16));
#5601 = DIRECTION('',(0.,2.22044604925E-16,1.));
#5602 = ADVANCED_FACE('',(#5603),#5634,.F.);
#5603 = FACE_BOUND('',#5604,.F.);
#5604 = EDGE_LOOP('',(#5605,#5618,#5619,#5633));
#5605 = ORIENTED_EDGE('',*,*,#5606,.T.);
#5606 = EDGE_CURVE('',#3400,#3334,#5607,.T.);
#5607 = B_SPLINE_CURVE_WITH_KNOTS('',3,(#5608,#5609,#5610,#5611,#5612,
    #5613,#5614,#5615,#5616,#5617),.UNSPECIFIED.,.F.,.F.,(4,1,1,1,1,1,1,
    4),(15.707963267949,16.39215440101,17.389031538029,18.385908675048,
    19.382785812067,20.379662949087,21.376540086106,21.991148575128),
  .UNSPECIFIED.);
#5608 = CARTESIAN_POINT('',(-71.21310270035,50.786838512497,
    64.820086306313));
#5609 = CARTESIAN_POINT('',(-70.86064127308,50.768689779022,
    64.822719993566));
#5610 = CARTESIAN_POINT('',(-69.98952748516,50.724098058213,
    65.11661626684));
#5611 = CARTESIAN_POINT('',(-69.39958218723,50.653063350067,
    66.562513700998));
#5612 = CARTESIAN_POINT('',(-70.39596812845,50.573734388062,
    67.99223388971));
#5613 = CARTESIAN_POINT('',(-72.1385137458,50.494405426056,
    67.931839452577));
#5614 = CARTESIAN_POINT('',(-73.03342198812,50.41507646405,
    66.435639684446));
#5615 = CARTESIAN_POINT('',(-72.36150435144,50.345887492863,
    65.071704538717));
#5616 = CARTESIAN_POINT('',(-71.52772993255,50.303141509012,
    64.822118490662));
#5617 = CARTESIAN_POINT('',(-71.21067000933,50.286838512497,
    64.82041686708));
#5618 = ORIENTED_EDGE('',*,*,#3364,.T.);
#5619 = ORIENTED_EDGE('',*,*,#5620,.F.);
#5620 = EDGE_CURVE('',#3381,#3350,#5621,.T.);
#5621 = B_SPLINE_CURVE_WITH_KNOTS('',3,(#5622,#5623,#5624,#5625,#5626,
    #5627,#5628,#5629,#5630,#5631,#5632),.UNSPECIFIED.,.F.,.F.,(4,1,1,1,
    1,1,1,1,4),(15.707963267949,15.842869811656,16.839746948675,
    17.836624085694,18.833501222713,19.830378359732,20.827255496752,
    21.824132633771,21.991148575128),.UNSPECIFIED.);
#5622 = CARTESIAN_POINT('',(-71.21049523144,50.745261959674,
    64.816986868407));
#5623 = CARTESIAN_POINT('',(-71.14130829198,50.74168345246,
    64.816430994964));
#5624 = CARTESIAN_POINT('',(-70.5614356938,50.71166195791,
    64.852095924264));
#5625 = CARTESIAN_POINT('',(-69.56097905212,50.655197476025,
    65.586456452497));
#5626 = CARTESIAN_POINT('',(-69.66468046487,50.575868514019,
    67.326778631398));
#5627 = CARTESIAN_POINT('',(-71.18227531557,50.496539552013,
    68.184660993682));
#5628 = CARTESIAN_POINT('',(-72.72674533336,50.417210590007,
    67.375935397287));
#5629 = CARTESIAN_POINT('',(-72.88608386429,50.337881628001,
    65.639864990818));
#5630 = CARTESIAN_POINT('',(-71.89524009209,50.28056541789,
    64.862165798761));
#5631 = CARTESIAN_POINT('',(-71.29856762001,50.249692195114,
    64.816683371028));
#5632 = CARTESIAN_POINT('',(-71.21283127554,50.245261959674,
    64.81743967848));
#5633 = ORIENTED_EDGE('',*,*,#3409,.F.);
#5634 = CYLINDRICAL_SURFACE('',#5635,1.543);
#5635 = AXIS2_PLACEMENT_3D('',#5636,#5637,#5638);
#5636 = CARTESIAN_POINT('',(-71.21157350126,51.995261959674,
    66.361506423847));
#5637 = DIRECTION('',(0.,-1.,2.22044604925E-16));
#5638 = DIRECTION('',(-3.4537074E-14,2.22044604925E-16,1.));
#5639 = ADVANCED_FACE('',(#5640),#5852,.F.);
#5640 = FACE_BOUND('',#5641,.F.);
#5641 = EDGE_LOOP('',(#5642,#5643,#5644,#5645,#5646,#5647,#5648,#5649,
    #5650,#5651,#5679,#5680,#5759,#5760,#5761,#5762,#5763,#5764,#5765,
    #5766,#5767,#5768,#5769,#5770));
#5642 = ORIENTED_EDGE('',*,*,#2295,.T.);
#5643 = ORIENTED_EDGE('',*,*,#2329,.T.);
#5644 = ORIENTED_EDGE('',*,*,#2401,.T.);
#5645 = ORIENTED_EDGE('',*,*,#2476,.T.);
#5646 = ORIENTED_EDGE('',*,*,#2545,.T.);
#5647 = ORIENTED_EDGE('',*,*,#2614,.T.);
#5648 = ORIENTED_EDGE('',*,*,#2686,.T.);
#5649 = ORIENTED_EDGE('',*,*,#2758,.T.);
#5650 = ORIENTED_EDGE('',*,*,#2827,.T.);
#5651 = ORIENTED_EDGE('',*,*,#5652,.T.);
#5652 = EDGE_CURVE('',#2828,#2935,#5653,.T.);
#5653 = B_SPLINE_CURVE_WITH_KNOTS('',3,(#5654,#5655,#5656,#5657,#5658,
    #5659,#5660,#5661,#5662,#5663,#5664,#5665,#5666,#5667,#5668,#5669,
    #5670,#5671,#5672,#5673,#5674,#5675,#5676,#5677,#5678),
  .UNSPECIFIED.,.F.,.F.,(4,3,3,3,3,3,3,3,4),(-10.13578731154,
    -9.968771370192,-8.971894233172,-7.975017096153,-6.978139959134,
    -5.981262822115,-4.984385685096,-3.987508548077,-3.85260200437),
  .UNSPECIFIED.);
#5654 = CARTESIAN_POINT('',(-71.21260425666,50.084469909705,
    65.096132218068));
#5655 = CARTESIAN_POINT('',(-71.28286582994,50.088900145145,
    65.095512418475));
#5656 = CARTESIAN_POINT('',(-71.35303296583,50.093330380586,
    65.100861034066));
#5657 = CARTESIAN_POINT('',(-71.42213770302,50.097760616026,
    65.112511148087));
#5658 = CARTESIAN_POINT('',(-71.83460690808,50.124203603361,
    65.182047817557));
#5659 = CARTESIAN_POINT('',(-72.209227066,50.150646590697,
    65.476081854317));
#5660 = CARTESIAN_POINT('',(-72.37477395935,50.177089578032,
    65.860219312206));
#5661 = CARTESIAN_POINT('',(-72.5403208527,50.203532565367,
    66.244356770096));
#5662 = CARTESIAN_POINT('',(-72.49679448148,50.229975552702,
    66.718597649115));
#5663 = CARTESIAN_POINT('',(-72.26408051411,50.256418540038,
    67.066177530906));
#5664 = CARTESIAN_POINT('',(-72.03136654675,50.282861527373,
    67.413757412697));
#5665 = CARTESIAN_POINT('',(-71.60946498324,50.309304514708,
    67.63467629726));
#5666 = CARTESIAN_POINT('',(-71.19123415301,50.335747502044,
    67.627962241258));
#5667 = CARTESIAN_POINT('',(-70.77300332279,50.362190489379,
    67.621248185256));
#5668 = CARTESIAN_POINT('',(-70.35844322585,50.388633476714,
    67.386901188689));
#5669 = CARTESIAN_POINT('',(-70.13699916395,50.41507646405,
    67.032026524363));
#5670 = CARTESIAN_POINT('',(-69.91555510204,50.441519451385,
    66.677151860037));
#5671 = CARTESIAN_POINT('',(-69.88722707516,50.46796243872,
    66.201749527952));
#5672 = CARTESIAN_POINT('',(-70.06504322346,50.494405426056,
    65.823130058098));
#5673 = CARTESIAN_POINT('',(-70.24285937176,50.520848413391,
    65.444510588244));
#5674 = CARTESIAN_POINT('',(-70.62681969523,50.547291400726,
    65.16267398062));
#5675 = CARTESIAN_POINT('',(-71.04126055369,50.573734388062,
    65.106404395423));
#5676 = CARTESIAN_POINT('',(-71.09734648616,50.577312895276,
    65.09878947983));
#5677 = CARTESIAN_POINT('',(-71.15399063856,50.58089140249,
    65.095305594409));
#5678 = CARTESIAN_POINT('',(-71.21068985111,50.584469909705,
    65.095761136838));
#5679 = ORIENTED_EDGE('',*,*,#2934,.T.);
#5680 = ORIENTED_EDGE('',*,*,#5681,.T.);
#5681 = EDGE_CURVE('',#2926,#3379,#5682,.T.);
#5682 = B_SPLINE_CURVE_WITH_KNOTS('',3,(#5683,#5684,#5685,#5686,#5687,
    #5688,#5689,#5690,#5691,#5692,#5693,#5694,#5695,#5696,#5697,#5698,
    #5699,#5700,#5701,#5702,#5703,#5704,#5705,#5706,#5707,#5708,#5709,
    #5710,#5711,#5712,#5713,#5714,#5715,#5716,#5717,#5718,#5719,#5720,
    #5721,#5722,#5723,#5724,#5725,#5726,#5727,#5728,#5729,#5730,#5731,
    #5732,#5733,#5734,#5735,#5736,#5737,#5738,#5739,#5740,#5741,#5742,
    #5743,#5744,#5745,#5746,#5747,#5748,#5749,#5750,#5751,#5752,#5753,
    #5754,#5755,#5756,#5757,#5758),.UNSPECIFIED.,.F.,.F.,(4,3,3,3,3,3,3,
    3,3,3,3,3,3,3,3,3,3,3,3,3,3,3,3,3,3,4),(-0.286347380332,
    -0.271032194499,-0.259930051091,-0.256070822521,-0.252416798786,
    -0.236239205421,-0.224146928502,-0.220705534178,-0.203540047319,
    -0.186756599505,-0.178078346314,-0.171452027505,-0.168541193722,
    -0.152043586743,-0.13544550742,-0.119033872256,-0.115779320655,
    -9.8521135581E-02,-8.086028383399E-02,-6.309127073688E-02,
    -5.960068033338E-02,-5.648079726918E-02,-3.825273852523E-02,
    -2.02128827005E-02,-4.152426103574E-03,0.),.UNSPECIFIED.);
#5683 = CARTESIAN_POINT('',(-70.38636220232,50.891050236085,
    67.31962257657));
#5684 = CARTESIAN_POINT('',(-70.42107962603,50.891050236085,
    67.35679855557));
#5685 = CARTESIAN_POINT('',(-70.45810956129,50.891050236085,
    67.391588191133));
#5686 = CARTESIAN_POINT('',(-70.49713846243,50.891050236085,
    67.423979415434));
#5687 = CARTESIAN_POINT('',(-70.52543093385,50.891050236085,
    67.447460163318));
#5688 = CARTESIAN_POINT('',(-70.55477497071,50.891050236085,
    67.469680128274));
#5689 = CARTESIAN_POINT('',(-70.58506487021,50.891050236085,
    67.490625890081));
#5690 = CARTESIAN_POINT('',(-70.59559397628,50.891050236085,
    67.497906869927));
#5691 = CARTESIAN_POINT('',(-70.60623746388,50.891050236085,
    67.50503381113));
#5692 = CARTESIAN_POINT('',(-70.6169911619,50.891050236085,
    67.512005909797));
#5693 = CARTESIAN_POINT('',(-70.6271730589,50.891050236085,
    67.51860728454));
#5694 = CARTESIAN_POINT('',(-70.63744992268,50.891050236085,
    67.525067267517));
#5695 = CARTESIAN_POINT('',(-70.64781095247,50.891050236085,
    67.531381299765));
#5696 = CARTESIAN_POINT('',(-70.69368271983,50.891050236085,
    67.55933564643));
#5697 = CARTESIAN_POINT('',(-70.74124088054,50.891050236085,
    67.584457945651));
#5698 = CARTESIAN_POINT('',(-70.79015951701,50.891050236085,
    67.606713081757));
#5699 = CARTESIAN_POINT('',(-70.8267247641,50.891050236085,
    67.623348143759));
#5700 = CARTESIAN_POINT('',(-70.86405119498,50.891050236085,
    67.63838068015));
#5701 = CARTESIAN_POINT('',(-70.90201538639,50.891050236085,
    67.651782210683));
#5702 = CARTESIAN_POINT('',(-70.91281978276,50.891050236085,
    67.655596211258));
#5703 = CARTESIAN_POINT('',(-70.92366827287,50.891050236085,
    67.659275299761));
#5704 = CARTESIAN_POINT('',(-70.93455323536,50.891050236085,
    67.662817788093));
#5705 = CARTESIAN_POINT('',(-70.98884683357,50.891050236085,
    67.680487526338));
#5706 = CARTESIAN_POINT('',(-71.04407991479,50.891050236085,
    67.694774726753));
#5707 = CARTESIAN_POINT('',(-71.09988612391,50.891050236085,
    67.705640278751));
#5708 = CARTESIAN_POINT('',(-71.15445029713,50.891050236085,
    67.716264004512));
#5709 = CARTESIAN_POINT('',(-71.20956360057,50.891050236085,
    67.723617020752));
#5710 = CARTESIAN_POINT('',(-71.26491268563,50.891050236085,
    67.727618345506));
#5711 = CARTESIAN_POINT('',(-71.29353215521,50.891050236085,
    67.729687319038));
#5712 = CARTESIAN_POINT('',(-71.32221503222,50.891050236085,
    67.730859410518));
#5713 = CARTESIAN_POINT('',(-71.35091953029,50.891050236085,
    67.731118156077));
#5714 = CARTESIAN_POINT('',(-71.37283697743,50.891050236085,
    67.731315722399));
#5715 = CARTESIAN_POINT('',(-71.39476705276,50.891050236085,
    67.730980722031));
#5716 = CARTESIAN_POINT('',(-71.41669126926,50.891050236085,
    67.730104282041));
#5717 = CARTESIAN_POINT('',(-71.42632222,50.891050236085,67.729719276247
    ));
#5718 = CARTESIAN_POINT('',(-71.43594772343,50.891050236085,
    67.729229883489));
#5719 = CARTESIAN_POINT('',(-71.44555805327,50.891050236085,
    67.728636231875));
#5720 = CARTESIAN_POINT('',(-71.50002610485,50.891050236085,
    67.725271618244));
#5721 = CARTESIAN_POINT('',(-71.55408355522,50.891050236085,
    67.718558265089));
#5722 = CARTESIAN_POINT('',(-71.60744079118,50.891050236085,
    67.708440715898));
#5723 = CARTESIAN_POINT('',(-71.66112297891,50.891050236085,
    67.698261549658));
#5724 = CARTESIAN_POINT('',(-71.71409747081,50.891050236085,
    67.684637555722));
#5725 = CARTESIAN_POINT('',(-71.76616943725,50.891050236085,
    67.667819867024));
#5726 = CARTESIAN_POINT('',(-71.81765648577,50.891050236085,
    67.65119108933));
#5727 = CARTESIAN_POINT('',(-71.86826188882,50.891050236085,
    67.631439436898));
#5728 = CARTESIAN_POINT('',(-71.91779221884,50.891050236085,
    67.608760437809));
#5729 = CARTESIAN_POINT('',(-71.92761445857,50.891050236085,
    67.604263020456));
#5730 = CARTESIAN_POINT('',(-71.93739588151,50.891050236085,
    67.599649617866));
#5731 = CARTESIAN_POINT('',(-71.94713022639,50.891050236085,
    67.594923841103));
#5732 = CARTESIAN_POINT('',(-71.99874935742,50.891050236085,
    67.569864066362));
#5733 = CARTESIAN_POINT('',(-72.04882924366,50.891050236085,
    67.541754628862));
#5734 = CARTESIAN_POINT('',(-72.09716166561,50.891050236085,
    67.510882672177));
#5735 = CARTESIAN_POINT('',(-72.14662177598,50.891050236085,
    67.479290413324));
#5736 = CARTESIAN_POINT('',(-72.19425285025,50.891050236085,
    67.444804838851));
#5737 = CARTESIAN_POINT('',(-72.23982334773,50.891050236085,
    67.407679198348));
#5738 = CARTESIAN_POINT('',(-72.28567293518,50.891050236085,
    67.370326187192));
#5739 = CARTESIAN_POINT('',(-72.32943762305,50.891050236085,
    67.330300090756));
#5740 = CARTESIAN_POINT('',(-72.370858653,50.891050236085,
    67.287811906273));
#5741 = CARTESIAN_POINT('',(-72.37899550612,50.891050236085,
    67.279465418586));
#5742 = CARTESIAN_POINT('',(-72.38704182056,50.891050236085,
    67.271023791316));
#5743 = CARTESIAN_POINT('',(-72.3949954792,50.891050236085,
    67.262488443478));
#5744 = CARTESIAN_POINT('',(-72.40210444417,50.891050236085,
    67.254859565812));
#5745 = CARTESIAN_POINT('',(-72.40913658507,50.891050236085,
    67.247158728901));
#5746 = CARTESIAN_POINT('',(-72.41608424508,50.891050236085,
    67.239394391551));
#5747 = CARTESIAN_POINT('',(-72.45667626479,50.891050236085,
    67.19403089734));
#5748 = CARTESIAN_POINT('',(-72.49445207376,50.891050236085,
    67.146433359288));
#5749 = CARTESIAN_POINT('',(-72.52917210521,50.891050236085,
    67.096872362721));
#5750 = CARTESIAN_POINT('',(-72.56353365574,50.891050236085,
    67.047823078583));
#5751 = CARTESIAN_POINT('',(-72.5949031108,50.891050236085,
    66.996849928763));
#5752 = CARTESIAN_POINT('',(-72.62302038231,50.891050236085,
    66.944173773423));
#5753 = CARTESIAN_POINT('',(-72.64805252354,50.891050236085,
    66.897277439286));
#5754 = CARTESIAN_POINT('',(-72.67050709225,50.891050236085,
    66.849030436713));
#5755 = CARTESIAN_POINT('',(-72.69017279834,50.891050236085,
    66.799567568568));
#5756 = CARTESIAN_POINT('',(-72.69525736059,50.891050236085,
    66.786778959252));
#5757 = CARTESIAN_POINT('',(-72.70015532998,50.891050236085,
    66.773908985987));
#5758 = CARTESIAN_POINT('',(-72.70486751287,50.891050236085,
    66.760961229361));
#5759 = ORIENTED_EDGE('',*,*,#3378,.T.);
#5760 = ORIENTED_EDGE('',*,*,#5620,.T.);
#5761 = ORIENTED_EDGE('',*,*,#3349,.T.);
#5762 = ORIENTED_EDGE('',*,*,#3304,.T.);
#5763 = ORIENTED_EDGE('',*,*,#3257,.T.);
#5764 = ORIENTED_EDGE('',*,*,#3212,.T.);
#5765 = ORIENTED_EDGE('',*,*,#3167,.T.);
#5766 = ORIENTED_EDGE('',*,*,#3121,.T.);
#5767 = ORIENTED_EDGE('',*,*,#3075,.T.);
#5768 = ORIENTED_EDGE('',*,*,#3030,.T.);
#5769 = ORIENTED_EDGE('',*,*,#2988,.T.);
#5770 = ORIENTED_EDGE('',*,*,#5771,.T.);
#5771 = EDGE_CURVE('',#2980,#2296,#5772,.T.);
#5772 = B_SPLINE_CURVE_WITH_KNOTS('',3,(#5773,#5774,#5775,#5776,#5777,
    #5778,#5779,#5780,#5781,#5782,#5783,#5784,#5785,#5786,#5787,#5788,
    #5789,#5790,#5791,#5792,#5793,#5794,#5795,#5796,#5797,#5798,#5799,
    #5800,#5801,#5802,#5803,#5804,#5805,#5806,#5807,#5808,#5809,#5810,
    #5811,#5812,#5813,#5814,#5815,#5816,#5817,#5818,#5819,#5820,#5821,
    #5822,#5823,#5824,#5825,#5826,#5827,#5828,#5829,#5830,#5831,#5832,
    #5833,#5834,#5835,#5836,#5837,#5838,#5839,#5840,#5841,#5842,#5843,
    #5844,#5845,#5846,#5847,#5848,#5849,#5850,#5851),.UNSPECIFIED.,.F.,
  .F.,(4,3,3,3,3,3,3,3,3,3,3,3,3,3,3,3,3,3,3,3,3,3,3,3,3,3,4),(0.,
    1.852951659153E-02,3.677188863606E-02,5.070491914808E-02,
    5.823638390184E-02,6.129935743467E-02,7.905536036823E-02,
    9.644418913658E-02,0.109392175035,0.113699033117,0.118163858794,
    0.135012079522,0.148236132732,0.165071315545,0.169818224431,
    0.172967213955,0.189735439548,0.206497733491,0.216770253613,
    0.222052301017,0.226211018842,0.242307285633,0.253478393399,
    0.25813230286,0.27359158952,0.282917595238,0.286347380332),
  .UNSPECIFIED.);
#5773 = CARTESIAN_POINT('',(-70.17159993897,46.05411767968,
    67.501376587393));
#5774 = CARTESIAN_POINT('',(-70.12985669953,46.05411767968,
    67.455852703354));
#5775 = CARTESIAN_POINT('',(-70.09123222727,46.05411767968,
    67.407785838635));
#5776 = CARTESIAN_POINT('',(-70.05576297962,46.05411767968,
    67.357545538292));
#5777 = CARTESIAN_POINT('',(-70.02084338479,46.05411767968,
    67.308083791896));
#5778 = CARTESIAN_POINT('',(-69.98898192894,46.05411767968,
    67.256514156024));
#5779 = CARTESIAN_POINT('',(-69.96026268461,46.05411767968,
    67.203164191592));
#5780 = CARTESIAN_POINT('',(-69.93832770233,46.05411767968,
    67.162416931289));
#5781 = CARTESIAN_POINT('',(-69.91822669414,46.05411767968,
    67.120630484046));
#5782 = CARTESIAN_POINT('',(-69.90001733103,46.05411767968,
    67.077947510988));
#5783 = CARTESIAN_POINT('',(-69.8901743054,46.05411767968,
    67.054875336783));
#5784 = CARTESIAN_POINT('',(-69.88088430971,46.05411767968,
    67.031541190506));
#5785 = CARTESIAN_POINT('',(-69.87215866769,46.05411767968,
    67.007967781268));
#5786 = CARTESIAN_POINT('',(-69.86861003387,46.05411767968,
    66.998380704791));
#5787 = CARTESIAN_POINT('',(-69.86515540959,46.05411767968,
    66.988755584829));
#5788 = CARTESIAN_POINT('',(-69.86179922791,46.05411767968,
    66.979105323537));
#5789 = CARTESIAN_POINT('',(-69.84234350258,46.05411767968,
    66.923162930969));
#5790 = CARTESIAN_POINT('',(-69.82615285508,46.05411767968,
    66.866272662293));
#5791 = CARTESIAN_POINT('',(-69.81329920745,46.05411767968,
    66.808744457559));
#5792 = CARTESIAN_POINT('',(-69.8007113588,46.05411767968,
    66.752405871379));
#5793 = CARTESIAN_POINT('',(-69.79132397136,46.05411767968,
    66.695454419121));
#5794 = CARTESIAN_POINT('',(-69.78525333096,46.05411767968,
    66.638180675975));
#5795 = CARTESIAN_POINT('',(-69.78073303996,46.05411767968,
    66.595533777296));
#5796 = CARTESIAN_POINT('',(-69.77805270681,46.05411767968,
    66.552708097071));
#5797 = CARTESIAN_POINT('',(-69.77727833668,46.05411767968,
    66.509828398857));
#5798 = CARTESIAN_POINT('',(-69.77702075977,46.05411767968,
    66.495565425742));
#5799 = CARTESIAN_POINT('',(-69.77697418907,46.05411767968,
    66.481296527145));
#5800 = CARTESIAN_POINT('',(-69.77714144027,46.05411767968,
    66.467026469348));
#5801 = CARTESIAN_POINT('',(-69.77731482594,46.05411767968,
    66.452233012197));
#5802 = CARTESIAN_POINT('',(-69.77771842806,46.05411767968,
    66.437432233588));
#5803 = CARTESIAN_POINT('',(-69.77835367388,46.05411767968,
    66.42266319109));
#5804 = CARTESIAN_POINT('',(-69.78075080259,46.05411767968,
    66.366931544234));
#5805 = CARTESIAN_POINT('',(-69.78644077368,46.05411767968,
    66.311577355101));
#5806 = CARTESIAN_POINT('',(-69.79552145455,46.05411767968,
    66.256868318874));
#5807 = CARTESIAN_POINT('',(-69.80264881886,46.05411767968,
    66.213927570538));
#5808 = CARTESIAN_POINT('',(-69.81186599711,46.05411767968,
    66.171384207803));
#5809 = CARTESIAN_POINT('',(-69.82324168302,46.05411767968,
    66.12937501672));
#5810 = CARTESIAN_POINT('',(-69.83772375964,46.05411767968,
    66.075894257041));
#5811 = CARTESIAN_POINT('',(-69.85570381755,46.05411767968,
    66.023277846328));
#5812 = CARTESIAN_POINT('',(-69.87698352011,46.05411767968,
    65.971782365971));
#5813 = CARTESIAN_POINT('',(-69.88298362181,46.05411767968,
    65.957262514539));
#5814 = CARTESIAN_POINT('',(-69.88924625821,46.05411767968,
    65.942831984873));
#5815 = CARTESIAN_POINT('',(-69.89576741742,46.05411767968,
    65.928497046735));
#5816 = CARTESIAN_POINT('',(-69.90009340356,46.05411767968,
    65.918987580446));
#5817 = CARTESIAN_POINT('',(-69.90453360104,46.05411767968,
    65.909519520613));
#5818 = CARTESIAN_POINT('',(-69.90907950809,46.05411767968,
    65.900109277369));
#5819 = CARTESIAN_POINT('',(-69.93328625582,46.05411767968,
    65.850000161288));
#5820 = CARTESIAN_POINT('',(-69.96053123303,46.05411767968,
    65.801427828427));
#5821 = CARTESIAN_POINT('',(-69.99057043071,46.05411767968,
    65.754622319447));
#5822 = CARTESIAN_POINT('',(-70.02059900223,46.05411767968,
    65.707833367606));
#5823 = CARTESIAN_POINT('',(-70.05342075859,46.05411767968,
    65.662809189891));
#5824 = CARTESIAN_POINT('',(-70.08882882527,46.05411767968,
    65.619815761548));
#5825 = CARTESIAN_POINT('',(-70.1105281272,46.05411767968,
    65.593467884628));
#5826 = CARTESIAN_POINT('',(-70.13319942146,46.05411767968,65.5678834474
    ));
#5827 = CARTESIAN_POINT('',(-70.15679966682,46.05411767968,
    65.543132332149));
#5828 = CARTESIAN_POINT('',(-70.16893472357,46.05411767968,
    65.530405507326));
#5829 = CARTESIAN_POINT('',(-70.18131543428,46.05411767968,
    65.517899123478));
#5830 = CARTESIAN_POINT('',(-70.19393617964,46.05411767968,
    65.505623467685));
#5831 = CARTESIAN_POINT('',(-70.2038728793,46.05411767968,
    65.495958467608));
#5832 = CARTESIAN_POINT('',(-70.21396065388,46.05411767968,
    65.486434626987));
#5833 = CARTESIAN_POINT('',(-70.22417860256,46.05411767968,
    65.477073270294));
#5834 = CARTESIAN_POINT('',(-70.26372704872,46.05411767968,
    65.440840253008));
#5835 = CARTESIAN_POINT('',(-70.30527641749,46.05411767968,
    65.40698482496));
#5836 = CARTESIAN_POINT('',(-70.34864094843,46.05411767968,
    65.375763382316));
#5837 = CARTESIAN_POINT('',(-70.37873673739,46.05411767968,
    65.35409512191));
#5838 = CARTESIAN_POINT('',(-70.4097073608,46.05411767968,
    65.333696404422));
#5839 = CARTESIAN_POINT('',(-70.4414948356,46.05411767968,
    65.314667163392));
#5840 = CARTESIAN_POINT('',(-70.45473757149,46.05411767968,
    65.306739537348));
#5841 = CARTESIAN_POINT('',(-70.46812465803,46.05411767968,
    65.299048558284));
#5842 = CARTESIAN_POINT('',(-70.48163048377,46.05411767968,
    65.291613302368));
#5843 = CARTESIAN_POINT('',(-70.52649393317,46.05411767968,
    65.26691498076));
#5844 = CARTESIAN_POINT('',(-70.57271414744,46.05411767968,
    65.245004888484));
#5845 = CARTESIAN_POINT('',(-70.6201300293,46.05411767968,
    65.226137488595));
#5846 = CARTESIAN_POINT('',(-70.64873424598,46.05411767968,
    65.214755496455));
#5847 = CARTESIAN_POINT('',(-70.67777382757,46.05411767968,
    65.204481728214));
#5848 = CARTESIAN_POINT('',(-70.7072143032,46.05411767968,
    65.195381277334));
#5849 = CARTESIAN_POINT('',(-70.71804150055,46.05411767968,
    65.192034443575));
#5850 = CARTESIAN_POINT('',(-70.72892292152,46.05411767968,
    65.188846378127));
#5851 = CARTESIAN_POINT('',(-70.73985521758,46.05411767968,
    65.185816791551));
#5852 = B_SPLINE_SURFACE_WITH_KNOTS('',3,3,(
    (#5853,#5854,#5855,#5856,#5857,#5858,#5859,#5860,#5861,#5862,#5863
      ,#5864,#5865,#5866,#5867,#5868,#5869,#5870,#5871,#5872,#5873,#5874
      ,#5875,#5876,#5877,#5878,#5879,#5880,#5881,#5882,#5883,#5884,#5885
      ,#5886,#5887,#5888,#5889,#5890,#5891,#5892,#5893,#5894,#5895,#5896
      ,#5897,#5898,#5899,#5900,#5901,#5902,#5903,#5904,#5905,#5906,#5907
      ,#5908,#5909,#5910,#5911,#5912,#5913,#5914,#5915,#5916,#5917,#5918
      )
    ,(#5919,#5920,#5921,#5922,#5923,#5924,#5925,#5926,#5927,#5928,#5929
      ,#5930,#5931,#5932,#5933,#5934,#5935,#5936,#5937,#5938,#5939,#5940
      ,#5941,#5942,#5943,#5944,#5945,#5946,#5947,#5948,#5949,#5950,#5951
      ,#5952,#5953,#5954,#5955,#5956,#5957,#5958,#5959,#5960,#5961,#5962
      ,#5963,#5964,#5965,#5966,#5967,#5968,#5969,#5970,#5971,#5972,#5973
      ,#5974,#5975,#5976,#5977,#5978,#5979,#5980,#5981,#5982,#5983,#5984
      )
    ,(#5985,#5986,#5987,#5988,#5989,#5990,#5991,#5992,#5993,#5994,#5995
      ,#5996,#5997,#5998,#5999,#6000,#6001,#6002,#6003,#6004,#6005,#6006
      ,#6007,#6008,#6009,#6010,#6011,#6012,#6013,#6014,#6015,#6016,#6017
      ,#6018,#6019,#6020,#6021,#6022,#6023,#6024,#6025,#6026,#6027,#6028
      ,#6029,#6030,#6031,#6032,#6033,#6034,#6035,#6036,#6037,#6038,#6039
      ,#6040,#6041,#6042,#6043,#6044,#6045,#6046,#6047,#6048,#6049,#6050
      )
    ,(#6051,#6052,#6053,#6054,#6055,#6056,#6057,#6058,#6059,#6060,#6061
      ,#6062,#6063,#6064,#6065,#6066,#6067,#6068,#6069,#6070,#6071,#6072
      ,#6073,#6074,#6075,#6076,#6077,#6078,#6079,#6080,#6081,#6082,#6083
      ,#6084,#6085,#6086,#6087,#6088,#6089,#6090,#6091,#6092,#6093,#6094
      ,#6095,#6096,#6097,#6098,#6099,#6100,#6101,#6102,#6103,#6104,#6105
      ,#6106,#6107,#6108,#6109,#6110,#6111,#6112,#6113,#6114,#6115,#6116
      )),.UNSPECIFIED.,.F.,.F.,.F.,(4,4),(4,1,1,1,1,1,1,1,1,1,1,1,1,1,1,
    1,1,1,1,1,1,1,1,1,1,1,1,1,1,1,1,1,1,1,1,1,1,1,1,1,1,1,1,1,1,1,1,1,1,
    1,1,1,1,1,1,1,1,1,1,1,1,1,1,4),(0.,3.215840999386E-02),(
    11.855361263579,12.852238400598,13.849115537618,14.845992674637,
    15.842869811656,16.839746948675,17.836624085694,18.833501222713,
    19.830378359732,20.827255496752,21.824132633771,22.82100977079,
    23.817886907809,24.814764044828,25.811641181847,26.808518318867,
    27.805395455886,28.802272592905,29.799149729924,30.796026866943,
    31.792904003962,32.789781140982,33.786658278001,34.78353541502,
    35.780412552039,36.777289689058,37.774166826077,38.771043963096,
    39.767921100116,40.764798237135,41.761675374154,42.758552511173,
    43.755429648192,44.752306785211,45.749183922231,46.74606105925,
    47.742938196269,48.739815333288,49.736692470307,50.733569607326,
    51.730446744345,52.727323881365,53.724201018384,54.721078155403,
    55.717955292422,56.714832429441,57.71170956646,58.708586703479,
    59.705463840499,60.702340977518,61.699218114537,62.696095251556,
    63.692972388575,64.689849525594,65.686726662614,66.683603799633,
    67.680480936652,68.677358073671,69.67423521069,70.671112347709,
    71.667989484729,72.664866621748,73.661743758767,74.658620895786),
  .UNSPECIFIED.);
#5853 = CARTESIAN_POINT('',(-70.38636220232,50.891050236085,
    67.31962257657));
#5854 = CARTESIAN_POINT('',(-70.70473689808,50.86460724875,
    67.593834002276));
#5855 = CARTESIAN_POINT('',(-71.63132914718,50.811721274079,
    67.794752359854));
#5856 = CARTESIAN_POINT('',(-72.64509129771,50.732392312074,
    66.786173793575));
#5857 = CARTESIAN_POINT('',(-72.34554419904,50.653063350067,
    65.388729684685));
#5858 = CARTESIAN_POINT('',(-71.0107800187,50.573734388062,
    64.880837372996));
#5859 = CARTESIAN_POINT('',(-69.85889904828,50.494405426056,
    65.726347195867));
#5860 = CARTESIAN_POINT('',(-69.94388312892,50.41507646405,
    67.152554192122));
#5861 = CARTESIAN_POINT('',(-71.18756341972,50.335747502044,
    67.855595181823));
#5862 = CARTESIAN_POINT('',(-72.45326811026,50.256418540038,
    67.192838528135));
#5863 = CARTESIAN_POINT('',(-72.58384722391,50.177089578032,
    65.770115891077));
#5864 = CARTESIAN_POINT('',(-71.45998675016,50.097760616026,
    64.888013780797));
#5865 = CARTESIAN_POINT('',(-70.10903199356,50.01843165402,
    65.352895874255));
#5866 = CARTESIAN_POINT('',(-69.76596424345,49.939102692014,
    66.739795211988));
#5867 = CARTESIAN_POINT('',(-70.74439107536,49.859773730008,
    67.780883292369));
#5868 = CARTESIAN_POINT('',(-72.14989138072,49.780444768002,
    67.524455213956));
#5869 = CARTESIAN_POINT('',(-72.69763255856,49.701115805996,
    66.204923134111));
#5870 = CARTESIAN_POINT('',(-71.8869004019,49.62178684399,
    65.028530944595));
#5871 = CARTESIAN_POINT('',(-70.45882138065,49.542457881984,
    65.070671693004));
#5872 = CARTESIAN_POINT('',(-69.71886705092,49.463128919978,
    66.292822656492));
#5873 = CARTESIAN_POINT('',(-70.34346293661,49.383799957972,
    67.577760541784));
#5874 = CARTESIAN_POINT('',(-71.76163782639,49.304470995966,
    67.750865725378));
#5875 = CARTESIAN_POINT('',(-72.67697411991,49.225142033961,
    66.653894953416));
#5876 = CARTESIAN_POINT('',(-72.25272166694,49.145813071954,
    65.289638649588));
#5877 = CARTESIAN_POINT('',(-70.87670875104,49.066484109949,
    64.90522498571));
#5878 = CARTESIAN_POINT('',(-69.80681079593,48.987155147943,
    65.852063817436));
#5879 = CARTESIAN_POINT('',(-70.02106974042,48.907826185937,
    67.264607095581));
#5880 = CARTESIAN_POINT('',(-71.32362182743,48.828497223931,
    67.851585348063));
#5881 = CARTESIAN_POINT('',(-72.52374548952,48.749168261925,
    67.076415299832));
#5882 = CARTESIAN_POINT('',(-72.52435359917,48.669839299919,
    65.647714827985));
#5883 = CARTESIAN_POINT('',(-71.32489025587,48.590510337913,
    64.871523423643));
#5884 = CARTESIAN_POINT('',(-70.02183896014,48.511181375907,
    65.457392631539));
#5885 = CARTESIAN_POINT('',(-69.80637762836,48.431852413901,
    66.869753004307));
#5886 = CARTESIAN_POINT('',(-70.87546917449,48.352523451895,
    67.817502271815));
#5887 = CARTESIAN_POINT('',(-72.25180883354,48.273194489889,
    67.434260114704));
#5888 = CARTESIAN_POINT('',(-72.6772224932,48.193865527883,
    66.070365461063));
#5889 = CARTESIAN_POINT('',(-71.76282035428,48.114536565877,
    64.972615882868));
#5890 = CARTESIAN_POINT('',(-70.34449862299,48.035207603871,
    65.144513743832));
#5891 = CARTESIAN_POINT('',(-69.71880911594,47.955878641865,
    66.428919461964));
#5892 = CARTESIAN_POINT('',(-70.45772281064,47.876549679859,
    67.651699883802));
#5893 = CARTESIAN_POINT('',(-71.88576539673,47.797220717853,
    67.695056316271));
#5894 = CARTESIAN_POINT('',(-72.69749878626,47.717891755848,
    66.519354690892));
#5895 = CARTESIAN_POINT('',(-72.15088090368,47.638562793842,
    65.19935684993));
#5896 = CARTESIAN_POINT('',(-70.74559979154,47.559233831836,
    64.94173231251));
#5897 = CARTESIAN_POINT('',(-69.76628624739,47.47990486983,
    65.981987275018));
#5898 = CARTESIAN_POINT('',(-70.10817492133,47.400575907824,
    67.369177801663));
#5899 = CARTESIAN_POINT('',(-71.45872996197,47.321246945818,
    67.835210495469));
#5900 = CARTESIAN_POINT('',(-72.58334815125,47.241917983812,
    66.954063903829));
#5901 = CARTESIAN_POINT('',(-72.4539652913,47.162589021806,
    65.53123376317));
#5902 = CARTESIAN_POINT('',(-71.18885613907,47.0832600598,64.867393386)
  );
#5903 = CARTESIAN_POINT('',(-69.94451387672,47.003931097794,
    65.569388857334));
#5904 = CARTESIAN_POINT('',(-69.85844807674,46.924602135788,
    66.995495145743));
#5905 = CARTESIAN_POINT('',(-71.0093348908,46.845273173782,
    67.842042839457));
#5906 = CARTESIAN_POINT('',(-72.34509779623,46.765944211776,
    67.335167396507));
#5907 = CARTESIAN_POINT('',(-72.64465368494,46.68661524977,
    65.938220588375));
#5908 = CARTESIAN_POINT('',(-71.63416923063,46.607286287764,
    64.928226694817));
#5909 = CARTESIAN_POINT('',(-70.23736509559,46.527957325758,
    65.228441310119));
#5910 = CARTESIAN_POINT('',(-69.73114093866,46.448628363752,
    66.564477181117));
#5911 = CARTESIAN_POINT('',(-70.5782217222,46.369299401746,
    67.71489512477));
#5912 = CARTESIAN_POINT('',(-72.00433004575,46.289970439741,
    67.628270996211));
#5913 = CARTESIAN_POINT('',(-72.7056359971,46.210641477734,
    66.383326582519));
#5914 = CARTESIAN_POINT('',(-72.0413756912,46.131312515729,
    65.119084412917));
#5915 = CARTESIAN_POINT('',(-70.61809772866,46.051983553723,
    64.989244730513));
#5916 = CARTESIAN_POINT('',(-69.73833955383,45.972654591717,
    66.116617772606));
#5917 = CARTESIAN_POINT('',(-70.04890244004,45.919768617046,
    67.012436993332));
#5918 = CARTESIAN_POINT('',(-70.35930741603,45.893325629711,
    67.295638518341));
#5919 = CARTESIAN_POINT('',(-70.32577927185,50.944647586075,
    67.389962723804));
#5920 = CARTESIAN_POINT('',(-70.66752746247,50.91820459874,
    67.684305395605));
#5921 = CARTESIAN_POINT('',(-71.66214552978,50.865318624069,
    67.899974184864));
#5922 = CARTESIAN_POINT('',(-72.75033308137,50.785989662063,
    66.817350770633));
#5923 = CARTESIAN_POINT('',(-72.42879471686,50.706660700057,
    65.317313229734));
#5924 = CARTESIAN_POINT('',(-70.99603875473,50.627331738051,
    64.772133977541));
#5925 = CARTESIAN_POINT('',(-69.7595923829,50.548002776045,
    65.679716948077));
#5926 = CARTESIAN_POINT('',(-69.85081557424,50.468673814039,
    67.210629005214));
#5927 = CARTESIAN_POINT('',(-71.18580071834,50.389344852034,
    67.965283785776));
#5928 = CARTESIAN_POINT('',(-72.54442718462,50.310015890028,
    67.253870817852));
#5929 = CARTESIAN_POINT('',(-72.68459277071,50.230686928022,
    65.726698924324));
#5930 = CARTESIAN_POINT('',(-71.47822402177,50.151357966016,
    64.779837241693));
#5931 = CARTESIAN_POINT('',(-70.02808885137,50.07202900401,
    65.278848678246));
#5932 = CARTESIAN_POINT('',(-69.65983476452,49.992700042004,
    66.767567303064));
#5933 = CARTESIAN_POINT('',(-70.71009285324,49.913371079998,
    67.885086919069));
#5934 = CARTESIAN_POINT('',(-72.21877803669,49.834042117992,
    67.609833159928));
#5935 = CARTESIAN_POINT('',(-72.80673166162,49.754713155986,
    66.193427563743));
#5936 = CARTESIAN_POINT('',(-71.93647956147,49.67538419398,
    64.930670480387));
#5937 = CARTESIAN_POINT('',(-70.40355804452,49.596055231974,
    64.975904994035));
#5938 = CARTESIAN_POINT('',(-69.60927992916,49.516726269968,
    66.287780234136));
#5939 = CARTESIAN_POINT('',(-70.27973055431,49.437397307962,
    67.667051901174));
#5940 = CARTESIAN_POINT('',(-71.80202082745,49.358068345956,
    67.852865610834));
#5941 = CARTESIAN_POINT('',(-72.78455658262,49.27873938395,
    66.675360672537));
#5942 = CARTESIAN_POINT('',(-72.32915761372,49.199410421944,
    65.210947421136));
#5943 = CARTESIAN_POINT('',(-70.85212463796,49.120081459938,
    64.798312008111));
#5944 = CARTESIAN_POINT('',(-69.70368006879,49.040752497932,
    65.814663061963));
#5945 = CARTESIAN_POINT('',(-69.93366884484,48.961423535926,
    67.330908278414));
#5946 = CARTESIAN_POINT('',(-71.33184786113,48.88209457392,
    67.960979569862));
#5947 = CARTESIAN_POINT('',(-72.62007866436,48.802765611915,
    67.128900372182));
#5948 = CARTESIAN_POINT('',(-72.6207314184,48.723436649909,
    65.595311780812));
#5949 = CARTESIAN_POINT('',(-71.33320941131,48.644107687903,
    64.762136244111));
#5950 = CARTESIAN_POINT('',(-69.93449453687,48.564778725897,
    65.391017070406));
#5951 = CARTESIAN_POINT('',(-69.70321510019,48.485449763891,
    66.907065953473));
#5952 = CARTESIAN_POINT('',(-70.85079405784,48.406120801885,
    67.924394282796));
#5953 = CARTESIAN_POINT('',(-72.32817776462,48.326791839879,
    67.513016382769));
#5954 = CARTESIAN_POINT('',(-72.78482319024,48.247462877873,
    66.048991332122));
#5955 = CARTESIAN_POINT('',(-71.80329017069,48.168133915867,
    64.870650411493));
#5956 = CARTESIAN_POINT('',(-70.28084227566,48.088804953861,
    65.055168162869));
#5957 = CARTESIAN_POINT('',(-69.60921774087,48.009475991855,
    66.433868593667));
#5958 = CARTESIAN_POINT('',(-70.40237882294,47.930147029849,
    67.746419503835));
#5959 = CARTESIAN_POINT('',(-71.93526122984,47.850818067843,
    67.792958951052));
#5960 = CARTESIAN_POINT('',(-72.80658806842,47.771489105837,
    66.530943129635));
#5961 = CARTESIAN_POINT('',(-72.21984020553,47.692160143831,
    65.114037578457));
#5962 = CARTESIAN_POINT('',(-70.71139030739,47.612831181825,
    64.837499522209));
#5963 = CARTESIAN_POINT('',(-69.6601804084,47.533502219819,
    65.954124856948));
#5964 = CARTESIAN_POINT('',(-70.02716885714,47.454173257814,
    67.443156048327));
#5965 = CARTESIAN_POINT('',(-71.4768749664,47.374844295807,
    67.943402556612));
#5966 = CARTESIAN_POINT('',(-72.6840570586,47.295515333802,
    66.997566542072));
#5967 = CARTESIAN_POINT('',(-72.54517554924,47.216186371796,
    65.47027925256));
#5968 = CARTESIAN_POINT('',(-71.18718834274,47.13685740979,
    64.757702999539));
#5969 = CARTESIAN_POINT('',(-69.85149262842,47.057528447784,
    65.511235504949));
#5970 = CARTESIAN_POINT('',(-69.75910830325,46.978199485778,
    67.042039460769));
#5971 = CARTESIAN_POINT('',(-70.99448753269,46.898870523772,
    67.95073649749));
#5972 = CARTESIAN_POINT('',(-72.42831554135,46.819541561766,
    67.406648767506));
#5973 = CARTESIAN_POINT('',(-72.74986334123,46.74021259976,
    65.907145036726));
#5974 = CARTESIAN_POINT('',(-71.6651941181,46.660883637754,
    64.823002388889));
#5975 = CARTESIAN_POINT('',(-70.16584353476,46.581554675748,
    65.145257275804));
#5976 = CARTESIAN_POINT('',(-69.622454905,46.502225713742,
    66.579378289829));
#5977 = CARTESIAN_POINT('',(-70.53172416837,46.422896751736,
    67.814254226709));
#5978 = CARTESIAN_POINT('',(-72.06253030873,46.34356778973,
    67.721270583243));
#5979 = CARTESIAN_POINT('',(-72.81532267301,46.264238827724,
    66.384928510604));
#5980 = CARTESIAN_POINT('',(-72.10229566218,46.184909865718,
    65.0278719363));
#5981 = CARTESIAN_POINT('',(-70.57452767391,46.105580903712,
    64.888500066853));
#5982 = CARTESIAN_POINT('',(-69.63018200688,46.026251941706,
    66.098639259526));
#5983 = CARTESIAN_POINT('',(-69.96354488355,45.973365967036,
    67.06022509498));
#5984 = CARTESIAN_POINT('',(-70.29673825701,45.946922979701,
    67.364217874692));
#5985 = CARTESIAN_POINT('',(-70.26519634138,50.998244936065,
    67.460302871038));
#5986 = CARTESIAN_POINT('',(-70.63031802686,50.97180194873,
    67.774776788934));
#5987 = CARTESIAN_POINT('',(-71.69296191238,50.918915974059,
    68.005196009875));
#5988 = CARTESIAN_POINT('',(-72.85557486503,50.839587012053,
    66.848527747691));
#5989 = CARTESIAN_POINT('',(-72.51204523467,50.760258050047,
    65.245896774783));
#5990 = CARTESIAN_POINT('',(-70.98129749075,50.680929088041,
    64.663430582085));
#5991 = CARTESIAN_POINT('',(-69.66028571751,50.601600126035,
    65.633086700287));
#5992 = CARTESIAN_POINT('',(-69.75774801955,50.522271164029,
    67.268703818306));
#5993 = CARTESIAN_POINT('',(-71.18403801695,50.442942202023,
    68.074972389729));
#5994 = CARTESIAN_POINT('',(-72.63558625899,50.363613240017,
    67.31490310757));
#5995 = CARTESIAN_POINT('',(-72.7853383175,50.284284278011,
    65.683281957571));
#5996 = CARTESIAN_POINT('',(-71.49646129337,50.204955316005,
    64.67166070259));
#5997 = CARTESIAN_POINT('',(-69.94714570918,50.125626354,65.204801482237
    ));
#5998 = CARTESIAN_POINT('',(-69.5537052856,50.046297391993,
    66.79533939414));
#5999 = CARTESIAN_POINT('',(-70.67579463112,49.966968429988,
    67.989290545768));
#6000 = CARTESIAN_POINT('',(-72.28766469266,49.887639467982,
    67.6952111059));
#6001 = CARTESIAN_POINT('',(-72.91583076468,49.808310505976,
    66.181931993375));
#6002 = CARTESIAN_POINT('',(-71.98605872104,49.72898154397,
    64.83281001618));
#6003 = CARTESIAN_POINT('',(-70.3482947084,49.649652581964,
    64.881138295066));
#6004 = CARTESIAN_POINT('',(-69.49969280739,49.570323619958,
    66.28273781178));
#6005 = CARTESIAN_POINT('',(-70.21599817201,49.490994657952,
    67.756343260564));
#6006 = CARTESIAN_POINT('',(-71.84240382852,49.411665695946,
    67.95486549629));
#6007 = CARTESIAN_POINT('',(-72.89213904534,49.33233673394,
    66.696826391658));
#6008 = CARTESIAN_POINT('',(-72.40559356051,49.253007771934,
    65.132256192684));
#6009 = CARTESIAN_POINT('',(-70.82754052489,49.173678809928,
    64.691399030512));
#6010 = CARTESIAN_POINT('',(-69.60054934164,49.094349847922,
    65.77726230649));
#6011 = CARTESIAN_POINT('',(-69.84626794926,49.015020885916,
    67.397209461248));
#6012 = CARTESIAN_POINT('',(-71.34007389482,48.93569192391,
    68.070373791661));
#6013 = CARTESIAN_POINT('',(-72.71641183919,48.856362961904,
    67.181385444533));
#6014 = CARTESIAN_POINT('',(-72.71710923764,48.777033999898,
    65.54290873364));
#6015 = CARTESIAN_POINT('',(-71.34152856675,48.697705037892,
    64.652749064578));
#6016 = CARTESIAN_POINT('',(-69.84715011359,48.618376075887,
    65.324641509273));
#6017 = CARTESIAN_POINT('',(-69.60005257202,48.53904711388,
    66.944378902638));
#6018 = CARTESIAN_POINT('',(-70.82611894119,48.459718151875,
    68.031286293778));
#6019 = CARTESIAN_POINT('',(-72.40454669569,48.380389189869,
    67.591772650834));
#6020 = CARTESIAN_POINT('',(-72.89242388729,48.301060227863,
    66.027617203182));
#6021 = CARTESIAN_POINT('',(-71.84375998711,48.221731265857,
    64.768684940118));
#6022 = CARTESIAN_POINT('',(-70.21718592833,48.142402303851,
    64.965822581906));
#6023 = CARTESIAN_POINT('',(-69.49962636581,48.063073341845,
    66.438817725371));
#6024 = CARTESIAN_POINT('',(-70.34703483524,47.983744379839,
    67.841139123869));
#6025 = CARTESIAN_POINT('',(-71.98475706295,47.904415417833,
    67.890861585832));
#6026 = CARTESIAN_POINT('',(-72.91567735058,47.825086455827,
    66.542531568378));
#6027 = CARTESIAN_POINT('',(-72.28879950738,47.745757493821,
    65.028718306983));
#6028 = CARTESIAN_POINT('',(-70.67718082323,47.666428531815,
    64.733266731907));
#6029 = CARTESIAN_POINT('',(-69.55407456941,47.587099569809,
    65.926262438878));
#6030 = CARTESIAN_POINT('',(-69.94616279295,47.507770607803,
    67.517134294992));
#6031 = CARTESIAN_POINT('',(-71.49501997083,47.428441645797,
    68.051594617755));
#6032 = CARTESIAN_POINT('',(-72.78476596595,47.349112683791,
    67.041069180316));
#6033 = CARTESIAN_POINT('',(-72.63638580719,47.269783721785,
    65.40932474195));
#6034 = CARTESIAN_POINT('',(-71.18552054642,47.190454759779,
    64.648012613077));
#6035 = CARTESIAN_POINT('',(-69.75847138012,47.111125797773,
    65.453082152564));
#6036 = CARTESIAN_POINT('',(-69.65976852977,47.031796835768,
    67.088583775794));
#6037 = CARTESIAN_POINT('',(-70.97964017457,46.952467873762,
    68.059430155522));
#6038 = CARTESIAN_POINT('',(-72.51153328648,46.873138911756,
    67.478130138506));
#6039 = CARTESIAN_POINT('',(-72.85507299753,46.79380994975,
    65.876069485077));
#6040 = CARTESIAN_POINT('',(-71.69621900558,46.714480987744,
    64.717778082962));
#6041 = CARTESIAN_POINT('',(-70.09432197394,46.635152025738,
    65.06207324149));
#6042 = CARTESIAN_POINT('',(-69.51376887134,46.555823063732,
    66.594279398541));
#6043 = CARTESIAN_POINT('',(-70.48522661454,46.476494101726,
    67.913613328648));
#6044 = CARTESIAN_POINT('',(-72.12073057172,46.39716513972,
    67.814270170274));
#6045 = CARTESIAN_POINT('',(-72.92500934893,46.317836177714,
    66.386530438689));
#6046 = CARTESIAN_POINT('',(-72.16321563316,46.238507215708,
    64.936659459684));
#6047 = CARTESIAN_POINT('',(-70.53095761917,46.159178253702,
    64.787755403193));
#6048 = CARTESIAN_POINT('',(-69.52202445993,46.079849291696,
    66.080660746445));
#6049 = CARTESIAN_POINT('',(-69.87818732706,46.026963317026,
    67.108013196629));
#6050 = CARTESIAN_POINT('',(-70.23416909799,46.00052032969,
    67.432797231042));
#6051 = CARTESIAN_POINT('',(-70.2046134109,51.051842286055,
    67.530643018272));
#6052 = CARTESIAN_POINT('',(-70.59310859125,51.025399298719,
    67.865248182262));
#6053 = CARTESIAN_POINT('',(-71.72377829498,50.972513324049,
    68.110417834885));
#6054 = CARTESIAN_POINT('',(-72.96081664869,50.893184362043,
    66.879704724749));
#6055 = CARTESIAN_POINT('',(-72.59529575249,50.813855400037,
    65.174480319832));
#6056 = CARTESIAN_POINT('',(-70.96655622677,50.734526438031,
    64.554727186629));
#6057 = CARTESIAN_POINT('',(-69.56097905212,50.655197476025,
    65.586456452497));
#6058 = CARTESIAN_POINT('',(-69.66468046487,50.575868514019,
    67.326778631398));
#6059 = CARTESIAN_POINT('',(-71.18227531557,50.496539552013,
    68.184660993682));
#6060 = CARTESIAN_POINT('',(-72.72674533336,50.417210590007,
    67.375935397287));
#6061 = CARTESIAN_POINT('',(-72.88608386429,50.337881628001,
    65.639864990818));
#6062 = CARTESIAN_POINT('',(-71.51469856497,50.258552665995,
    64.563484163486));
#6063 = CARTESIAN_POINT('',(-69.86620256699,50.179223703989,
    65.130754286227));
#6064 = CARTESIAN_POINT('',(-69.44757580667,50.099894741983,
    66.823111485216));
#6065 = CARTESIAN_POINT('',(-70.64149640899,50.020565779977,
    68.093494172467));
#6066 = CARTESIAN_POINT('',(-72.35655134863,49.941236817971,
    67.780589051872));
#6067 = CARTESIAN_POINT('',(-73.02492986774,49.861907855965,
    66.170436423007));
#6068 = CARTESIAN_POINT('',(-72.03563788061,49.78257889396,
    64.734949551972));
#6069 = CARTESIAN_POINT('',(-70.29303137227,49.703249931954,
    64.786371596096));
#6070 = CARTESIAN_POINT('',(-69.39010568562,49.623920969948,
    66.277695389423));
#6071 = CARTESIAN_POINT('',(-70.15226578971,49.544592007942,
    67.845634619954));
#6072 = CARTESIAN_POINT('',(-71.88278682959,49.465263045936,
    68.056865381745));
#6073 = CARTESIAN_POINT('',(-72.99972150805,49.38593408393,
    66.718292110779));
#6074 = CARTESIAN_POINT('',(-72.4820295073,49.306605121924,
    65.053564964233));
#6075 = CARTESIAN_POINT('',(-70.80295641182,49.227276159918,
    64.584486052913));
#6076 = CARTESIAN_POINT('',(-69.49741861449,49.147947197912,
    65.739861551018));
#6077 = CARTESIAN_POINT('',(-69.75886705367,49.068618235906,
    67.463510644081));
#6078 = CARTESIAN_POINT('',(-71.34829992852,48.9892892739,68.17976801346
    ));
#6079 = CARTESIAN_POINT('',(-72.81274501402,48.909960311894,
    67.233870516883));
#6080 = CARTESIAN_POINT('',(-72.81348705687,48.830631349888,
    65.490505686468));
#6081 = CARTESIAN_POINT('',(-71.34984772219,48.751302387882,
    64.543361885046));
#6082 = CARTESIAN_POINT('',(-69.75980569031,48.671973425876,
    65.25826594814));
#6083 = CARTESIAN_POINT('',(-69.49689004386,48.59264446387,
    66.981691851803));
#6084 = CARTESIAN_POINT('',(-70.80144382454,48.513315501864,
    68.138178304759));
#6085 = CARTESIAN_POINT('',(-72.48091562677,48.433986539859,
    67.670528918899));
#6086 = CARTESIAN_POINT('',(-73.00002458434,48.354657577852,
    66.006243074241));
#6087 = CARTESIAN_POINT('',(-71.88422980352,48.275328615846,
    64.666719468742));
#6088 = CARTESIAN_POINT('',(-70.153529581,48.195999653841,
    64.876477000943));
#6089 = CARTESIAN_POINT('',(-69.39003499074,48.116670691835,
    66.443766857074));
#6090 = CARTESIAN_POINT('',(-70.29169084754,48.037341729829,
    67.935858743902));
#6091 = CARTESIAN_POINT('',(-72.03425289605,47.958012767823,
    67.988764220612));
#6092 = CARTESIAN_POINT('',(-73.02476663274,47.878683805817,
    66.554120007121));
#6093 = CARTESIAN_POINT('',(-72.35775880923,47.799354843811,
    64.943399035509));
#6094 = CARTESIAN_POINT('',(-70.64297133907,47.720025881805,
    64.629033941606));
#6095 = CARTESIAN_POINT('',(-69.44796873043,47.640696919799,
    65.898400020808));
#6096 = CARTESIAN_POINT('',(-69.86515672876,47.561367957793,
    67.591112541656));
#6097 = CARTESIAN_POINT('',(-71.51316497526,47.482038995787,
    68.159786678898));
#6098 = CARTESIAN_POINT('',(-72.88547487329,47.402710033781,
    67.084571818559));
#6099 = CARTESIAN_POINT('',(-72.72759606514,47.323381071775,
    65.34837023134));
#6100 = CARTESIAN_POINT('',(-71.18385275009,47.244052109769,
    64.538322226616));
#6101 = CARTESIAN_POINT('',(-69.66545013181,47.164723147763,
    65.394928800178));
#6102 = CARTESIAN_POINT('',(-69.56042875628,47.085394185757,
    67.135128090819));
#6103 = CARTESIAN_POINT('',(-70.96479281645,47.006065223751,
    68.168123813555));
#6104 = CARTESIAN_POINT('',(-72.59475103161,46.926736261746,
    67.549611509505));
#6105 = CARTESIAN_POINT('',(-72.96028265382,46.847407299739,
    65.844993933429));
#6106 = CARTESIAN_POINT('',(-71.72724389305,46.768078337734,
    64.612553777035));
#6107 = CARTESIAN_POINT('',(-70.02280041312,46.688749375727,
    64.978889207175));
#6108 = CARTESIAN_POINT('',(-69.40508283768,46.609420413722,
    66.609180507253));
#6109 = CARTESIAN_POINT('',(-70.4387290607,46.530091451716,
    68.012972430588));
#6110 = CARTESIAN_POINT('',(-72.17893083471,46.45076248971,
    67.907269757305));
#6111 = CARTESIAN_POINT('',(-73.03469602485,46.371433527704,
    66.388132366774));
#6112 = CARTESIAN_POINT('',(-72.22413560413,46.292104565698,
    64.845446983068));
#6113 = CARTESIAN_POINT('',(-70.48738756443,46.212775603692,
    64.687010739534));
#6114 = CARTESIAN_POINT('',(-69.41386691298,46.133446641686,
    66.062682233365));
#6115 = CARTESIAN_POINT('',(-69.79282977057,46.080560667015,
    67.155801298277));
#6116 = CARTESIAN_POINT('',(-70.17159993897,46.05411767968,
    67.501376587393));
#6117 = ADVANCED_FACE('',(#6118),#6217,.F.);
#6118 = FACE_BOUND('',#6119,.T.);
#6119 = EDGE_LOOP('',(#6120,#6121,#6200,#6209,#6216));
#6120 = ORIENTED_EDGE('',*,*,#3390,.T.);
#6121 = ORIENTED_EDGE('',*,*,#6122,.T.);
#6122 = EDGE_CURVE('',#3391,#2900,#6123,.T.);
#6123 = B_SPLINE_CURVE_WITH_KNOTS('',3,(#6124,#6125,#6126,#6127,#6128,
    #6129,#6130,#6131,#6132,#6133,#6134,#6135,#6136,#6137,#6138,#6139,
    #6140,#6141,#6142,#6143,#6144,#6145,#6146,#6147,#6148,#6149,#6150,
    #6151,#6152,#6153,#6154,#6155,#6156,#6157,#6158,#6159,#6160,#6161,
    #6162,#6163,#6164,#6165,#6166,#6167,#6168,#6169,#6170,#6171,#6172,
    #6173,#6174,#6175,#6176,#6177,#6178,#6179,#6180,#6181,#6182,#6183,
    #6184,#6185,#6186,#6187,#6188,#6189,#6190,#6191,#6192,#6193,#6194,
    #6195,#6196,#6197,#6198,#6199),.UNSPECIFIED.,.F.,.F.,(4,3,3,3,3,3,3,
    3,3,3,3,3,3,3,3,3,3,3,3,3,3,3,3,3,3,4),(-0.285142803995,
    -0.266710381424,-0.249072646819,-0.245152025337,-0.227173874544,
    -0.21594253555,-0.212333047454,-0.194779867142,-0.177586794252,
    -0.160799144486,-0.156859678233,-0.153551885022,-0.137683423427,
    -0.120588929361,-0.105942580215,-0.102602462359,-9.936267554867E-02,
    -8.274675825851E-02,-6.624021416501E-02,-5.765422588285E-02,
    -5.13600140826E-02,-4.81820290222E-02,-3.226478547814E-02,
    -1.691306947132E-02,-3.418136194931E-03,0.),.UNSPECIFIED.);
#6124 = CARTESIAN_POINT('',(-72.70222292948,50.891050236085,
    65.96299258199));
#6125 = CARTESIAN_POINT('',(-72.68105766848,50.891050236085,
    65.905068390931));
#6126 = CARTESIAN_POINT('',(-72.65618270635,50.891050236085,
    65.848662449268));
#6127 = CARTESIAN_POINT('',(-72.62788465314,50.891050236085,
    65.793994421361));
#6128 = CARTESIAN_POINT('',(-72.60080663069,50.891050236085,
    65.741683328562));
#6129 = CARTESIAN_POINT('',(-72.57059319305,50.891050236085,
    65.69096312323));
#6130 = CARTESIAN_POINT('',(-72.53746090637,50.891050236085,
    65.642058259925));
#6131 = CARTESIAN_POINT('',(-72.53009606288,50.891050236085,
    65.63118739346));
#6132 = CARTESIAN_POINT('',(-72.52258973007,50.891050236085,
    65.620410670355));
#6133 = CARTESIAN_POINT('',(-72.51494889258,50.891050236085,
    65.609736466019));
#6134 = CARTESIAN_POINT('',(-72.47991155748,50.891050236085,
    65.56078951818));
#6135 = CARTESIAN_POINT('',(-72.44202154273,50.891050236085,
    65.51395490703));
#6136 = CARTESIAN_POINT('',(-72.40152497276,50.891050236085,
    65.469462286228));
#6137 = CARTESIAN_POINT('',(-72.37622589107,50.891050236085,
    65.441666785308));
#6138 = CARTESIAN_POINT('',(-72.34990880832,50.891050236085,
    65.414786062142));
#6139 = CARTESIAN_POINT('',(-72.32262848304,50.891050236085,
    65.388885037059));
#6140 = CARTESIAN_POINT('',(-72.31386122835,50.891050236085,
    65.380561057009));
#6141 = CARTESIAN_POINT('',(-72.30499298952,50.891050236085,
    65.372336989804));
#6142 = CARTESIAN_POINT('',(-72.29603019173,50.891050236085,
    65.364219378405));
#6143 = CARTESIAN_POINT('',(-72.25244351085,50.891050236085,
    65.324742895096));
#6144 = CARTESIAN_POINT('',(-72.20676132346,50.891050236085,
    65.287904331914));
#6145 = CARTESIAN_POINT('',(-72.15921864003,50.891050236085,
    65.253909143744));
#6146 = CARTESIAN_POINT('',(-72.11265130539,50.891050236085,
    65.220611374467));
#6147 = CARTESIAN_POINT('',(-72.06429810298,50.891050236085,
    65.190041095296));
#6148 = CARTESIAN_POINT('',(-72.01435956983,50.891050236085,
    65.162436106198));
#6149 = CARTESIAN_POINT('',(-71.96559861769,50.891050236085,
    65.135482059546));
#6150 = CARTESIAN_POINT('',(-71.9153254529,50.891050236085,
    65.111354795816));
#6151 = CARTESIAN_POINT('',(-71.8637194935,50.891050236085,
    65.090324006306));
#6152 = CARTESIAN_POINT('',(-71.85160940434,50.891050236085,
    65.08538882558));
#6153 = CARTESIAN_POINT('',(-71.8394259171,50.891050236085,
    65.080624385086));
#6154 = CARTESIAN_POINT('',(-71.82717135884,50.891050236085,
    65.076034595893));
#6155 = CARTESIAN_POINT('',(-71.81688175562,50.891050236085,
    65.072180755662));
#6156 = CARTESIAN_POINT('',(-71.80654855152,50.891050236085,
    65.068452558356));
#6157 = CARTESIAN_POINT('',(-71.79618094229,50.891050236085,
    65.064854374096));
#6158 = CARTESIAN_POINT('',(-71.74644445687,50.891050236085,
    65.047592820822));
#6159 = CARTESIAN_POINT('',(-71.6958620152,50.891050236085,
    65.033299435651));
#6160 = CARTESIAN_POINT('',(-71.64459459209,50.891050236085,
    65.022161832184));
#6161 = CARTESIAN_POINT('',(-71.58936613438,50.891050236085,
    65.010163712816));
#6162 = CARTESIAN_POINT('',(-71.53334172312,50.891050236085,
    65.001827514827));
#6163 = CARTESIAN_POINT('',(-71.47685754017,50.891050236085,
    64.997061134539));
#6164 = CARTESIAN_POINT('',(-71.42846259726,50.891050236085,
    64.9929773594));
#6165 = CARTESIAN_POINT('',(-71.37972968808,50.891050236085,
    64.991515204935));
#6166 = CARTESIAN_POINT('',(-71.33087906882,50.891050236085,
    64.992645889709));
#6167 = CARTESIAN_POINT('',(-71.31973862529,50.891050236085,
    64.992903743757));
#6168 = CARTESIAN_POINT('',(-71.30859211445,50.891050236085,
    64.993296547268));
#6169 = CARTESIAN_POINT('',(-71.29744225683,50.891050236085,
    64.993824136737));
#6170 = CARTESIAN_POINT('',(-71.28662732058,50.891050236085,
    64.99433587838));
#6171 = CARTESIAN_POINT('',(-71.27581698341,50.891050236085,
    64.994974117702));
#6172 = CARTESIAN_POINT('',(-71.26502068109,50.891050236085,
    64.995737567613));
#6173 = CARTESIAN_POINT('',(-71.20964960979,50.891050236085,
    64.999653078515));
#6174 = CARTESIAN_POINT('',(-71.15458788191,50.891050236085,
    65.006860652211));
#6175 = CARTESIAN_POINT('',(-71.10015060271,50.891050236085,
    65.017262466813));
#6176 = CARTESIAN_POINT('',(-71.04607165337,50.891050236085,
    65.027595812146));
#6177 = CARTESIAN_POINT('',(-70.99260787631,50.891050236085,
    65.041081994409));
#6178 = CARTESIAN_POINT('',(-70.94008914462,50.891050236085,
    65.057671443289));
#6179 = CARTESIAN_POINT('',(-70.91277117834,50.891050236085,
    65.066300555046));
#6180 = CARTESIAN_POINT('',(-70.88570935167,50.891050236085,
    65.075770012845));
#6181 = CARTESIAN_POINT('',(-70.85895381205,50.891050236085,
    65.08607716747));
#6182 = CARTESIAN_POINT('',(-70.83933987506,50.891050236085,
    65.093633130993));
#6183 = CARTESIAN_POINT('',(-70.81989059217,50.891050236085,
    65.101639338355));
#6184 = CARTESIAN_POINT('',(-70.80062683738,50.891050236085,
    65.110095655576));
#6185 = CARTESIAN_POINT('',(-70.79090045275,50.891050236085,
    65.114365300552));
#6186 = CARTESIAN_POINT('',(-70.78122021214,50.891050236085,
    65.118750370484));
#6187 = CARTESIAN_POINT('',(-70.77160502392,50.891050236085,
    65.123243024778));
#6188 = CARTESIAN_POINT('',(-70.72344642981,50.891050236085,
    65.145744915502));
#6189 = CARTESIAN_POINT('',(-70.676822699,50.891050236085,65.17098266405
    ));
#6190 = CARTESIAN_POINT('',(-70.63202879751,50.891050236085,
    65.198898391414));
#6191 = CARTESIAN_POINT('',(-70.58882638921,50.891050236085,
    65.225822294251));
#6192 = CARTESIAN_POINT('',(-70.54732545648,50.891050236085,
    65.255237857357));
#6193 = CARTESIAN_POINT('',(-70.5078245237,50.891050236085,
    65.287126036579));
#6194 = CARTESIAN_POINT('',(-70.47310120991,50.891050236085,
    65.315157355731));
#6195 = CARTESIAN_POINT('',(-70.43992351232,50.891050236085,
    65.345099963947));
#6196 = CARTESIAN_POINT('',(-70.40852281978,50.891050236085,
    65.376958124638));
#6197 = CARTESIAN_POINT('',(-70.40056932779,50.891050236085,
    65.385027488889));
#6198 = CARTESIAN_POINT('',(-70.39272999653,50.891050236085,
    65.393219822565));
#6199 = CARTESIAN_POINT('',(-70.38500629659,50.891050236085,
    65.401532145446));
#6200 = ORIENTED_EDGE('',*,*,#6201,.F.);
#6201 = EDGE_CURVE('',#6202,#2900,#6204,.T.);
#6202 = VERTEX_POINT('',#6203);
#6203 = CARTESIAN_POINT('',(-71.21157350126,50.891050236085,
    65.097006423847));
#6204 = CIRCLE('',#6205,1.2645);
#6205 = AXIS2_PLACEMENT_3D('',#6206,#6207,#6208);
#6206 = CARTESIAN_POINT('',(-71.21157350126,50.891050236085,
    66.361506423847));
#6207 = DIRECTION('',(0.,-1.,2.22044604925E-16));
#6208 = DIRECTION('',(0.,2.22044604925E-16,1.));
#6209 = ORIENTED_EDGE('',*,*,#6210,.F.);
#6210 = EDGE_CURVE('',#2926,#6202,#6211,.T.);
#6211 = CIRCLE('',#6212,1.2645);
#6212 = AXIS2_PLACEMENT_3D('',#6213,#6214,#6215);
#6213 = CARTESIAN_POINT('',(-71.21157350126,50.891050236085,
    66.361506423847));
#6214 = DIRECTION('',(0.,-1.,2.22044604925E-16));
#6215 = DIRECTION('',(0.,2.22044604925E-16,1.));
#6216 = ORIENTED_EDGE('',*,*,#5681,.T.);
#6217 = PLANE('',#6218);
#6218 = AXIS2_PLACEMENT_3D('',#6219,#6220,#6221);
#6219 = CARTESIAN_POINT('',(-71.21157350126,50.891050236085,
    66.361506423847));
#6220 = DIRECTION('',(0.,1.,0.));
#6221 = DIRECTION('',(0.,-0.,1.));
#6222 = ADVANCED_FACE('',(#6223),#6353,.F.);
#6223 = FACE_BOUND('',#6224,.F.);
#6224 = EDGE_LOOP('',(#6225,#6226,#6227,#6228,#6229,#6230,#6231,#6232,
    #6233,#6234,#6235,#6236,#6237,#6238,#6263,#6264,#6265,#6266,#6267,
    #6268,#6269,#6270,#6271));
#6225 = ORIENTED_EDGE('',*,*,#2966,.F.);
#6226 = ORIENTED_EDGE('',*,*,#3013,.F.);
#6227 = ORIENTED_EDGE('',*,*,#3059,.F.);
#6228 = ORIENTED_EDGE('',*,*,#3105,.F.);
#6229 = ORIENTED_EDGE('',*,*,#3150,.F.);
#6230 = ORIENTED_EDGE('',*,*,#3196,.F.);
#6231 = ORIENTED_EDGE('',*,*,#3241,.F.);
#6232 = ORIENTED_EDGE('',*,*,#3287,.F.);
#6233 = ORIENTED_EDGE('',*,*,#3333,.F.);
#6234 = ORIENTED_EDGE('',*,*,#5606,.F.);
#6235 = ORIENTED_EDGE('',*,*,#3399,.F.);
#6236 = ORIENTED_EDGE('',*,*,#6122,.T.);
#6237 = ORIENTED_EDGE('',*,*,#2899,.T.);
#6238 = ORIENTED_EDGE('',*,*,#6239,.T.);
#6239 = EDGE_CURVE('',#2902,#2856,#6240,.T.);
#6240 = B_SPLINE_CURVE_WITH_KNOTS('',3,(#6241,#6242,#6243,#6244,#6245,
    #6246,#6247,#6248,#6249,#6250,#6251,#6252,#6253,#6254,#6255,#6256,
    #6257,#6258,#6259,#6260,#6261,#6262),.UNSPECIFIED.,.F.,.F.,(4,3,3,3,
    3,3,3,4),(7.592748448157,7.975017096153,8.971894233172,
    9.968771370192,10.965648507211,11.96252564423,12.959402781249,
    13.875933755336),.UNSPECIFIED.);
#6241 = CARTESIAN_POINT('',(-71.21083308289,50.447630562466,
    65.098572046315));
#6242 = CARTESIAN_POINT('',(-71.04922451422,50.437490571646,
    65.097704711999));
#6243 = CARTESIAN_POINT('',(-70.88791247934,50.427350580827,
    65.126475582393));
#6244 = CARTESIAN_POINT('',(-70.73908918422,50.417210590007,
    65.186308300499));
#6245 = CARTESIAN_POINT('',(-70.35098897999,50.390767602672,
    65.34233958645));
#6246 = CARTESIAN_POINT('',(-70.04781944112,50.364324615336,
    65.709609431562));
#6247 = CARTESIAN_POINT('',(-69.96814465086,50.337881628001,
    66.120242178295));
#6248 = CARTESIAN_POINT('',(-69.88846986059,50.311438640666,
    66.530874925028));
#6249 = CARTESIAN_POINT('',(-70.03228981893,50.28499565333,
    66.984870573381));
#6250 = CARTESIAN_POINT('',(-70.33387145869,50.258552665995,
    67.27472341837));
#6251 = CARTESIAN_POINT('',(-70.63545309845,50.23210967866,
    67.564576263357));
#6252 = CARTESIAN_POINT('',(-71.09479641965,50.205666691325,
    67.69028630498));
#6253 = CARTESIAN_POINT('',(-71.50194671536,50.179223703989,
    67.59439337206));
#6254 = CARTESIAN_POINT('',(-71.90909701108,50.152780716654,
    67.498500439139));
#6255 = CARTESIAN_POINT('',(-72.26405428132,50.126337729319,
    67.181004531676));
#6256 = CARTESIAN_POINT('',(-72.40457802735,50.099894741983,
    66.787025064372));
#6257 = CARTESIAN_POINT('',(-72.54510177338,50.073451754648,
    66.393045597068));
#6258 = CARTESIAN_POINT('',(-72.47119199521,50.047008767313,
    65.922582569923));
#6259 = CARTESIAN_POINT('',(-72.21663047438,50.020565779977,
    65.590671346001));
#6260 = CARTESIAN_POINT('',(-71.98258606712,49.996254040807,
    65.285511456106));
#6261 = CARTESIAN_POINT('',(-71.59583668816,49.971942301636,
    65.097469446607));
#6262 = CARTESIAN_POINT('',(-71.21098043567,49.947630562466,
    65.095231259787));
#6263 = ORIENTED_EDGE('',*,*,#2855,.T.);
#6264 = ORIENTED_EDGE('',*,*,#2786,.T.);
#6265 = ORIENTED_EDGE('',*,*,#2717,.T.);
#6266 = ORIENTED_EDGE('',*,*,#2642,.T.);
#6267 = ORIENTED_EDGE('',*,*,#2573,.T.);
#6268 = ORIENTED_EDGE('',*,*,#2504,.T.);
#6269 = ORIENTED_EDGE('',*,*,#2432,.T.);
#6270 = ORIENTED_EDGE('',*,*,#2366,.T.);
#6271 = ORIENTED_EDGE('',*,*,#6272,.T.);
#6272 = EDGE_CURVE('',#2358,#2969,#6273,.T.);
#6273 = B_SPLINE_CURVE_WITH_KNOTS('',3,(#6274,#6275,#6276,#6277,#6278,
    #6279,#6280,#6281,#6282,#6283,#6284,#6285,#6286,#6287,#6288,#6289,
    #6290,#6291,#6292,#6293,#6294,#6295,#6296,#6297,#6298,#6299,#6300,
    #6301,#6302,#6303,#6304,#6305,#6306,#6307,#6308,#6309,#6310,#6311,
    #6312,#6313,#6314,#6315,#6316,#6317,#6318,#6319,#6320,#6321,#6322,
    #6323,#6324,#6325,#6326,#6327,#6328,#6329,#6330,#6331,#6332,#6333,
    #6334,#6335,#6336,#6337,#6338,#6339,#6340,#6341,#6342,#6343,#6344,
    #6345,#6346,#6347,#6348,#6349,#6350,#6351,#6352),.UNSPECIFIED.,.F.,
  .F.,(4,3,3,3,3,3,3,3,3,3,3,3,3,3,3,3,3,3,3,3,3,3,3,3,3,3,4),(0.,
    1.513096552484E-02,3.094542551258E-02,4.381375041632E-02,
    4.983694995079E-02,5.292792575832E-02,6.924981146129E-02,
    8.621134994632E-02,9.813151864535E-02,0.101652725687,0.10431452957,
    0.121394396155,0.133892024742,0.150539578162,0.155255435482,
    0.15846591588,0.175489665767,0.192922307601,0.203932888521,
    0.2126300049,0.215915444965,0.233915893034,0.246968994478,
    0.251154214149,0.269342918071,0.281006954964,0.285142803995),
  .UNSPECIFIED.);
#6274 = CARTESIAN_POINT('',(-72.44200938932,46.05411767968,
    66.069979794898));
#6275 = CARTESIAN_POINT('',(-72.45888696794,46.05411767968,
    66.117508660781));
#6276 = CARTESIAN_POINT('',(-72.47261863114,46.05411767968,
    66.165929578216));
#6277 = CARTESIAN_POINT('',(-72.48335194315,46.05411767968,
    66.214958191805));
#6278 = CARTESIAN_POINT('',(-72.49457009926,46.05411767968,
    66.266201521028));
#6279 = CARTESIAN_POINT('',(-72.50251324199,46.05411767968,
    66.318109376044));
#6280 = CARTESIAN_POINT('',(-72.50730195664,46.05411767968,
    66.370388313442));
#6281 = CARTESIAN_POINT('',(-72.51119856366,46.05411767968,
    66.412928011451));
#6282 = CARTESIAN_POINT('',(-72.51300565344,46.05411767968,
    66.455714241495));
#6283 = CARTESIAN_POINT('',(-72.51276432668,46.05411767968,
    66.498597762525));
#6284 = CARTESIAN_POINT('',(-72.51265137032,46.05411767968,
    66.518669994601));
#6285 = CARTESIAN_POINT('',(-72.51208933382,46.05411767968,
    66.538763616455));
#6286 = CARTESIAN_POINT('',(-72.51108082188,46.05411767968,
    66.558863551132));
#6287 = CARTESIAN_POINT('',(-72.51056327535,46.05411767968,
    66.569178403141));
#6288 = CARTESIAN_POINT('',(-72.50992848755,46.05411767968,
    66.579486942337));
#6289 = CARTESIAN_POINT('',(-72.50917781593,46.05411767968,
    66.589781209585));
#6290 = CARTESIAN_POINT('',(-72.50521389741,46.05411767968,
    66.644140047663));
#6291 = CARTESIAN_POINT('',(-72.4980201948,46.05411767968,
    66.698150482395));
#6292 = CARTESIAN_POINT('',(-72.48772521718,46.05411767968,
    66.751505635077));
#6293 = CARTESIAN_POINT('',(-72.4770267806,46.05411767968,
    66.806951769921));
#6294 = CARTESIAN_POINT('',(-72.46297951754,46.05411767968,66.8616914047
    ));
#6295 = CARTESIAN_POINT('',(-72.44567147802,46.05411767968,
    66.915391958968));
#6296 = CARTESIAN_POINT('',(-72.43350779657,46.05411767968,
    66.953131440364));
#6297 = CARTESIAN_POINT('',(-72.41973244201,46.05411767968,
    66.990358013873));
#6298 = CARTESIAN_POINT('',(-72.40435932006,46.05411767968,
    67.026954565134));
#6299 = CARTESIAN_POINT('',(-72.39981811375,46.05411767968,
    67.037765153242));
#6300 = CARTESIAN_POINT('',(-72.39513739472,46.05411767968,
    67.048520740504));
#6301 = CARTESIAN_POINT('',(-72.39031729419,46.05411767968,
    67.059218231857));
#6302 = CARTESIAN_POINT('',(-72.38667361118,46.05411767968,
    67.067304840708));
#6303 = CARTESIAN_POINT('',(-72.38295106541,46.05411767968,
    67.075356359339));
#6304 = CARTESIAN_POINT('',(-72.37915383508,46.05411767968,
    67.083363353504));
#6305 = CARTESIAN_POINT('',(-72.35478833321,46.05411767968,
    67.134741440724));
#6306 = CARTESIAN_POINT('',(-72.32730923425,46.05411767968,
    67.184382155914));
#6307 = CARTESIAN_POINT('',(-72.29682073223,46.05411767968,
    67.231963073805));
#6308 = CARTESIAN_POINT('',(-72.27451177727,46.05411767968,
    67.266778839884));
#6309 = CARTESIAN_POINT('',(-72.25059045351,46.05411767968,
    67.300492024621));
#6310 = CARTESIAN_POINT('',(-72.22508010678,46.05411767968,
    67.332973472385));
#6311 = CARTESIAN_POINT('',(-72.19109887129,46.05411767968,
    67.376240611666));
#6312 = CARTESIAN_POINT('',(-72.15429971104,46.05411767968,
    67.417323763498));
#6313 = CARTESIAN_POINT('',(-72.11497664683,46.05411767968,
    67.456148310452));
#6314 = CARTESIAN_POINT('',(-72.10383735474,46.05411767968,
    67.467146384425));
#6315 = CARTESIAN_POINT('',(-72.09249526548,46.05411767968,
    67.477963035762));
#6316 = CARTESIAN_POINT('',(-72.08095647355,46.05411767968,
    67.488596116273));
#6317 = CARTESIAN_POINT('',(-72.07310104817,46.05411767968,
    67.49583494778));
#6318 = CARTESIAN_POINT('',(-72.06515370506,46.05411767968,
    67.50298920886));
#6319 = CARTESIAN_POINT('',(-72.05712915638,46.05411767968,
    67.510047295287));
#6320 = CARTESIAN_POINT('',(-72.01457854318,46.05411767968,
    67.54747318896));
#6321 = CARTESIAN_POINT('',(-71.96978129567,46.05411767968,
    67.582271941193));
#6322 = CARTESIAN_POINT('',(-71.92308729971,46.05411767968,
    67.614393362307));
#6323 = CARTESIAN_POINT('',(-71.87527176478,46.05411767968,
    67.647286305002));
#6324 = CARTESIAN_POINT('',(-71.82546655045,46.05411767968,
    67.677372391747));
#6325 = CARTESIAN_POINT('',(-71.77400063207,46.05411767968,
    67.704567121527));
#6326 = CARTESIAN_POINT('',(-71.74149439094,46.05411767968,
    67.721743506822));
#6327 = CARTESIAN_POINT('',(-71.7083247475,46.05411767968,
    67.737765807592));
#6328 = CARTESIAN_POINT('',(-71.6745674383,46.05411767968,
    67.752604897912));
#6329 = CARTESIAN_POINT('',(-71.64790297356,46.05411767968,
    67.764326104667));
#6330 = CARTESIAN_POINT('',(-71.62087173079,46.05411767968,
    67.775308969532));
#6331 = CARTESIAN_POINT('',(-71.59350930381,46.05411767968,
    67.785536048998));
#6332 = CARTESIAN_POINT('',(-71.5831728187,46.05411767968,
    67.789399450976));
#6333 = CARTESIAN_POINT('',(-71.57279798612,46.05411767968,
    67.79315162592));
#6334 = CARTESIAN_POINT('',(-71.56238782653,46.05411767968,
    67.796791791267));
#6335 = CARTESIAN_POINT('',(-71.50535207689,46.05411767968,
    67.816735727541));
#6336 = CARTESIAN_POINT('',(-71.44725055777,46.05411767968,
    67.833323703077));
#6337 = CARTESIAN_POINT('',(-71.38842710454,46.05411767968,
    67.846452650307));
#6338 = CARTESIAN_POINT('',(-71.34577102735,46.05411767968,
    67.855973162206));
#6339 = CARTESIAN_POINT('',(-71.30273444715,46.05411767968,
    67.863673991111));
#6340 = CARTESIAN_POINT('',(-71.25944032202,46.05411767968,
    67.869500754271));
#6341 = CARTESIAN_POINT('',(-71.24555891422,46.05411767968,
    67.871368991019));
#6342 = CARTESIAN_POINT('',(-71.23165012878,46.05411767968,
    67.87304442062));
#6343 = CARTESIAN_POINT('',(-71.21773448908,46.05411767968,
    67.874523575129));
#6344 = CARTESIAN_POINT('',(-71.15725798598,46.05411767968,
    67.880951888465));
#6345 = CARTESIAN_POINT('',(-71.09658141032,46.05411767968,
    67.883687398501));
#6346 = CARTESIAN_POINT('',(-71.03603879071,46.05411767968,
    67.882608578854));
#6347 = CARTESIAN_POINT('',(-70.99721407006,46.05411767968,
    67.881916754289));
#6348 = CARTESIAN_POINT('',(-70.95844393264,46.05411767968,
    67.879655431591));
#6349 = CARTESIAN_POINT('',(-70.91981368759,46.05411767968,
    67.875781565934));
#6350 = CARTESIAN_POINT('',(-70.90611612618,46.05411767968,
    67.874407965725));
#6351 = CARTESIAN_POINT('',(-70.89243614439,46.05411767968,
    67.872831539348));
#6352 = CARTESIAN_POINT('',(-70.87877657269,46.05411767968,
    67.871055004342));
#6353 = B_SPLINE_SURFACE_WITH_KNOTS('',3,3,(
    (#6354,#6355,#6356,#6357,#6358,#6359,#6360,#6361,#6362,#6363,#6364
      ,#6365,#6366,#6367,#6368,#6369,#6370,#6371,#6372,#6373,#6374,#6375
      ,#6376,#6377,#6378,#6379,#6380,#6381,#6382,#6383,#6384,#6385,#6386
      ,#6387,#6388,#6389,#6390,#6391,#6392,#6393,#6394,#6395,#6396,#6397
      ,#6398,#6399,#6400,#6401,#6402,#6403,#6404,#6405,#6406,#6407,#6408
      ,#6409,#6410,#6411,#6412,#6413,#6414,#6415,#6416,#6417,#6418,#6419
      )
    ,(#6420,#6421,#6422,#6423,#6424,#6425,#6426,#6427,#6428,#6429,#6430
      ,#6431,#6432,#6433,#6434,#6435,#6436,#6437,#6438,#6439,#6440,#6441
      ,#6442,#6443,#6444,#6445,#6446,#6447,#6448,#6449,#6450,#6451,#6452
      ,#6453,#6454,#6455,#6456,#6457,#6458,#6459,#6460,#6461,#6462,#6463
      ,#6464,#6465,#6466,#6467,#6468,#6469,#6470,#6471,#6472,#6473,#6474
      ,#6475,#6476,#6477,#6478,#6479,#6480,#6481,#6482,#6483,#6484,#6485
      )
    ,(#6486,#6487,#6488,#6489,#6490,#6491,#6492,#6493,#6494,#6495,#6496
      ,#6497,#6498,#6499,#6500,#6501,#6502,#6503,#6504,#6505,#6506,#6507
      ,#6508,#6509,#6510,#6511,#6512,#6513,#6514,#6515,#6516,#6517,#6518
      ,#6519,#6520,#6521,#6522,#6523,#6524,#6525,#6526,#6527,#6528,#6529
      ,#6530,#6531,#6532,#6533,#6534,#6535,#6536,#6537,#6538,#6539,#6540
      ,#6541,#6542,#6543,#6544,#6545,#6546,#6547,#6548,#6549,#6550,#6551
      )
    ,(#6552,#6553,#6554,#6555,#6556,#6557,#6558,#6559,#6560,#6561,#6562
      ,#6563,#6564,#6565,#6566,#6567,#6568,#6569,#6570,#6571,#6572,#6573
      ,#6574,#6575,#6576,#6577,#6578,#6579,#6580,#6581,#6582,#6583,#6584
      ,#6585,#6586,#6587,#6588,#6589,#6590,#6591,#6592,#6593,#6594,#6595
      ,#6596,#6597,#6598,#6599,#6600,#6601,#6602,#6603,#6604,#6605,#6606
      ,#6607,#6608,#6609,#6610,#6611,#6612,#6613,#6614,#6615,#6616,#6617
      )),.UNSPECIFIED.,.F.,.F.,.F.,(4,4),(4,1,1,1,1,1,1,1,1,1,1,1,1,1,1,
    1,1,1,1,1,1,1,1,1,1,1,1,1,1,1,1,1,1,1,1,1,1,1,1,1,1,1,1,1,1,1,1,1,1,
    1,1,1,1,1,1,1,1,1,1,1,1,1,1,4),(0.,3.215840999386E-02),(
    14.398400126972,15.395277263991,16.39215440101,17.389031538029,
    18.385908675048,19.382785812067,20.379662949087,21.376540086106,
    22.373417223125,23.370294360144,24.367171497163,25.364048634182,
    26.360925771202,27.357802908221,28.35468004524,29.351557182259,
    30.348434319278,31.345311456297,32.342188593317,33.339065730336,
    34.335942867355,35.332820004374,36.329697141393,37.326574278412,
    38.323451415431,39.320328552451,40.31720568947,41.314082826489,
    42.310959963508,43.307837100527,44.304714237546,45.301591374565,
    46.298468511585,47.295345648604,48.292222785623,49.289099922642,
    50.285977059661,51.28285419668,52.2797313337,53.276608470719,
    54.273485607738,55.270362744757,56.267239881776,57.264117018795,
    58.260994155815,59.257871292834,60.254748429853,61.251625566872,
    62.248502703891,63.24537984091,64.242256977929,65.239134114949,
    66.236011251968,67.232888388987,68.229765526006,69.226642663025,
    70.223519800044,71.220396937063,72.217274074083,73.214151211102,
    74.211028348121,75.20790548514,76.204782622159,77.201659759178),
  .UNSPECIFIED.);
#6354 = CARTESIAN_POINT('',(-72.70222292948,50.891050236085,
    65.96299258199));
#6355 = CARTESIAN_POINT('',(-72.5697998169,50.86460724875,
    65.467661137223));
#6356 = CARTESIAN_POINT('',(-71.77383761084,50.81172127408,
    64.62803977098));
#6357 = CARTESIAN_POINT('',(-70.05841150246,50.732392312074,
    64.947788370042));
#6358 = CARTESIAN_POINT('',(-69.39958218723,50.653063350067,
    66.562513700998));
#6359 = CARTESIAN_POINT('',(-70.39596812845,50.573734388062,
    67.99223388971));
#6360 = CARTESIAN_POINT('',(-72.1385137458,50.494405426056,
    67.931839452577));
#6361 = CARTESIAN_POINT('',(-73.03342198812,50.41507646405,
    66.435639684446));
#6362 = CARTESIAN_POINT('',(-72.26303145106,50.335747502044,
    64.871813000816));
#6363 = CARTESIAN_POINT('',(-70.53139056899,50.256418540038,
    64.669713777653));
#6364 = CARTESIAN_POINT('',(-69.42156708508,50.177089578032,
    66.01419152619));
#6365 = CARTESIAN_POINT('',(-69.94805390764,50.097760616026,
    67.676149498692));
#6366 = CARTESIAN_POINT('',(-71.62958829578,50.01843165402,
    68.136340706814));
#6367 = CARTESIAN_POINT('',(-72.92899296477,49.939102692014,
    66.974072177238));
#6368 = CARTESIAN_POINT('',(-72.65842881833,49.859773730008,
    65.251831487122));
#6369 = CARTESIAN_POINT('',(-71.06522818833,49.780444768002,
    64.543993797588));
#6370 = CARTESIAN_POINT('',(-69.60580880561,49.701115805996,
    65.497626733582));
#6371 = CARTESIAN_POINT('',(-69.61429110726,49.62178684399,
    67.240970825175));
#6372 = CARTESIAN_POINT('',(-71.08292132652,49.542457881984,
    68.180356969335));
#6373 = CARTESIAN_POINT('',(-72.66915825166,49.463128919978,
    67.457049808989));
#6374 = CARTESIAN_POINT('',(-72.92295128672,49.383799957972,
    65.73225708839));
#6375 = CARTESIAN_POINT('',(-71.61229674779,49.304470995966,
    64.582689533765));
#6376 = CARTESIAN_POINT('',(-69.93532303419,49.225142033961,
    65.059218672864));
#6377 = CARTESIAN_POINT('',(-69.42502738916,49.145813071954,
    66.726227735098));
#6378 = CARTESIAN_POINT('',(-70.54789406388,49.066484109949,
    68.059828610415));
#6379 = CARTESIAN_POINT('',(-72.27746002297,48.987155147943,
    67.840916633041));
#6380 = CARTESIAN_POINT('',(-73.03265107462,48.907826185937,
    66.269609108489));
#6381 = CARTESIAN_POINT('',(-72.12311304254,48.828497223931,
    64.782309061467));
#6382 = CARTESIAN_POINT('',(-70.38029563385,48.749168261925,
    64.738624495998));
#6383 = CARTESIAN_POINT('',(-69.39738678842,48.669839299919,
    66.178489442086));
#6384 = CARTESIAN_POINT('',(-70.07290778044,48.590510337913,
    67.785658459575));
#6385 = CARTESIAN_POINT('',(-71.78933442615,48.511181375907,
    68.090945916371));
#6386 = CARTESIAN_POINT('',(-72.97760377143,48.431852413901,
    66.815274789291));
#6387 = CARTESIAN_POINT('',(-72.55146525388,48.352523451895,
    65.124793548559));
#6388 = CARTESIAN_POINT('',(-70.90047129794,48.273194489889,
    64.564847284299));
#6389 = CARTESIAN_POINT('',(-69.53386988706,48.193865527883,
    65.647308112769));
#6390 = CARTESIAN_POINT('',(-69.70093296201,48.114536565877,
    67.382649805469));
#6391 = CARTESIAN_POINT('',(-71.24894063665,48.035207603871,
    68.184518311298));
#6392 = CARTESIAN_POINT('',(-72.76278932873,47.955878641865,
    67.319889489892));
#6393 = CARTESIAN_POINT('',(-72.8586017215,47.876549679859,
    65.579159514547));
#6394 = CARTESIAN_POINT('',(-71.44879138852,47.797220717853,
    64.553608108619));
#6395 = CARTESIAN_POINT('',(-69.82212949377,47.717891755848,
    65.180738032063));
#6396 = CARTESIAN_POINT('',(-69.46562098663,47.638562793842,
    66.887261559058));
#6397 = CARTESIAN_POINT('',(-70.70516636156,47.559233831836,
    68.113168620138));
#6398 = CARTESIAN_POINT('',(-72.40764132511,47.47990486983,
    67.737802325719));
#6399 = CARTESIAN_POINT('',(-73.01673678749,47.400575907824,
    66.104301912259));
#6400 = CARTESIAN_POINT('',(-71.97565112934,47.321246945818,
    64.705923749505));
#6401 = CARTESIAN_POINT('',(-70.23608768368,47.241917983812,
    64.820988293939));
#6402 = CARTESIAN_POINT('',(-69.3882597705,47.162589021806,
    66.344309953467));
#6403 = CARTESIAN_POINT('',(-70.20720514907,47.0832600598,
    67.883351550713));
#6404 = CARTESIAN_POINT('',(-71.94428882977,47.003931097794,
    68.031206200633));
#6405 = CARTESIAN_POINT('',(-73.01156455982,46.924602135788,
    66.652712472604));
#6406 = CARTESIAN_POINT('',(-72.43338702161,46.845273173782,
    65.008015331383));
#6407 = CARTESIAN_POINT('',(-70.73829533732,46.765944211776,
    64.600602996636));
#6408 = CARTESIAN_POINT('',(-69.47584718982,46.68661524977,
    65.80291681648));
#6409 = CARTESIAN_POINT('',(-69.80010751153,46.607286287764,
    67.515852285334));
#6410 = CARTESIAN_POINT('',(-71.41464666946,46.527957325758,
    68.173569465637));
#6411 = CARTESIAN_POINT('',(-72.84355957477,46.448628363752,
    67.174754092572));
#6412 = CARTESIAN_POINT('',(-72.78057545153,46.369299401746,
    65.432603560543));
#6413 = CARTESIAN_POINT('',(-71.28334768522,46.28997043974,
    64.539416276633));
#6414 = CARTESIAN_POINT('',(-69.72040074124,46.210641477734,
    65.312274327565));
#6415 = CARTESIAN_POINT('',(-69.5208233257,46.131312515729,
    67.043474378708));
#6416 = CARTESIAN_POINT('',(-70.86636856637,46.051983553723,
    68.152934592672));
#6417 = CARTESIAN_POINT('',(-72.52838082076,45.972654591717,
    67.621294520651));
#6418 = CARTESIAN_POINT('',(-72.83121461648,45.919768617046,
    66.504687354144));
#6419 = CARTESIAN_POINT('',(-72.71300693366,45.893325629711,
    66.005772466972));
#6420 = CARTESIAN_POINT('',(-72.61253922549,50.944647586075,
    65.986968841432));
#6421 = CARTESIAN_POINT('',(-72.4880832412,50.91820459874,
    65.521438608021));
#6422 = CARTESIAN_POINT('',(-71.74000945044,50.865318624069,
    64.732332374744));
#6423 = CARTESIAN_POINT('',(-70.12779055121,50.785989662063,
    65.032843560792));
#6424 = CARTESIAN_POINT('',(-69.50859916302,50.706660700057,
    66.550420262526));
#6425 = CARTESIAN_POINT('',(-70.4450383588,50.627331738051,
    67.894122505125));
#6426 = CARTESIAN_POINT('',(-72.08274514392,50.548002776045,
    67.83736164992));
#6427 = CARTESIAN_POINT('',(-72.92381196358,50.468673814039,
    66.431179517438));
#6428 = CARTESIAN_POINT('',(-72.19977134326,50.389344852034,
    64.961439187533));
#6429 = CARTESIAN_POINT('',(-70.57231321895,50.310015890028,
    64.771499098881));
#6430 = CARTESIAN_POINT('',(-69.52926135747,50.230686928022,
    66.035087443018));
#6431 = CARTESIAN_POINT('',(-70.02407253085,50.151357966016,
    67.597055073039));
#6432 = CARTESIAN_POINT('',(-71.60443877747,50.07202900401,
    68.02955925341));
#6433 = CARTESIAN_POINT('',(-72.82566582704,49.992700042004,
    66.937217659563));
#6434 = CARTESIAN_POINT('',(-72.57137995123,49.913371079998,
    65.31859417234));
#6435 = CARTESIAN_POINT('',(-71.07403293442,49.834042117992,
    64.653342958619));
#6436 = CARTESIAN_POINT('',(-69.70241832554,49.754713155986,
    65.549601348777));
#6437 = CARTESIAN_POINT('',(-69.71039029645,49.67538419398,
    67.188058568582));
#6438 = CARTESIAN_POINT('',(-71.09066157942,49.596055231974,
    68.070927313488));
#6439 = CARTESIAN_POINT('',(-72.58146385697,49.516726269968,
    67.391137337017));
#6440 = CARTESIAN_POINT('',(-72.8199876416,49.437397307962,
    65.770115360139));
#6441 = CARTESIAN_POINT('',(-71.58818756132,49.358068345956,
    64.68971059747));
#6442 = CARTESIAN_POINT('',(-70.01210759999,49.27873938395,
    65.137569750559));
#6443 = CARTESIAN_POINT('',(-69.53251347518,49.199410421944,
    66.704284575629));
#6444 = CARTESIAN_POINT('',(-70.58782379456,49.120081459938,
    67.95765044473));
#6445 = CARTESIAN_POINT('',(-72.21333183194,49.040752497932,
    67.751909127476));
#6446 = CARTESIAN_POINT('',(-72.92308743146,48.961423535926,
    66.275138035326));
#6447 = CARTESIAN_POINT('',(-72.06827101138,48.88209457392,
    64.877320179511));
#6448 = CARTESIAN_POINT('',(-70.43030878703,48.802765611915,
    64.836263860203));
#6449 = CARTESIAN_POINT('',(-69.50653584859,48.723436649909,
    66.189500509146));
#6450 = CARTESIAN_POINT('',(-70.14141467248,48.644107687903,
    67.699975516833));
#6451 = CARTESIAN_POINT('',(-71.75457391252,48.564778725897,
    67.986895603417));
#6452 = CARTESIAN_POINT('',(-72.87135200426,48.485449763891,
    66.787974186617));
#6453 = CARTESIAN_POINT('',(-72.47085176217,48.406120801885,
    65.199199367476));
#6454 = CARTESIAN_POINT('',(-70.91918850763,48.326791839879,
    64.672941812353));
#6455 = CARTESIAN_POINT('',(-69.6348075532,48.247462877873,
    65.690277270176));
#6456 = CARTESIAN_POINT('',(-69.79181941485,48.168133915867,
    67.321213548873));
#6457 = CARTESIAN_POINT('',(-71.2466924735,48.088804953861,
    68.074838291714));
#6458 = CARTESIAN_POINT('',(-72.66946169685,48.009475991855,
    67.262229156365));
#6459 = CARTESIAN_POINT('',(-72.75950961536,47.930147029849,
    65.626228776643));
#6460 = CARTESIAN_POINT('',(-71.43451936829,47.850818067843,
    64.662378832488));
#6461 = CARTESIAN_POINT('',(-69.90572425637,47.771489105837,
    65.251777996875));
#6462 = CARTESIAN_POINT('',(-69.57066479205,47.692160143831,
    66.855629931243));
#6463 = CARTESIAN_POINT('',(-70.73563393304,47.612831181825,
    68.007781296382));
#6464 = CARTESIAN_POINT('',(-72.33568088248,47.533502219819,
    67.65499860814));
#6465 = CARTESIAN_POINT('',(-72.90813061441,47.454173257814,
    66.11977641139));
#6466 = CARTESIAN_POINT('',(-71.92968102361,47.374844295807,
    64.805530527384));
#6467 = CARTESIAN_POINT('',(-70.29477699026,47.295515333802,
    64.913672307587));
#6468 = CARTESIAN_POINT('',(-69.49795795024,47.216186371796,
    66.345344565047));
#6469 = CARTESIAN_POINT('',(-70.26763214974,47.13685740979,
    67.791790983024));
#6470 = CARTESIAN_POINT('',(-71.90020561115,47.057528447784,
    67.930750078828));
#6471 = CARTESIAN_POINT('',(-72.90326956958,46.978199485778,
    66.635192298791));
#6472 = CARTESIAN_POINT('',(-72.3598776102,46.898870523772,
    65.089447016251));
#6473 = CARTESIAN_POINT('',(-70.76676973107,46.819541561766,
    64.706546311494));
#6474 = CARTESIAN_POINT('',(-69.58027574409,46.74021259976,
    65.836523903465));
#6475 = CARTESIAN_POINT('',(-69.88502720869,46.660883637754,
    67.446402010453));
#6476 = CARTESIAN_POINT('',(-71.40242893834,46.581554675748,
    68.0645481744));
#6477 = CARTESIAN_POINT('',(-72.74537246709,46.502225713742,
    67.125825711552));
#6478 = CARTESIAN_POINT('',(-72.68617773212,46.422896751736,
    65.488490241777));
#6479 = CARTESIAN_POINT('',(-71.27902945013,46.34356778973,
    64.649040840469));
#6480 = CARTESIAN_POINT('',(-69.81011593106,46.264238827724,
    65.375400518711));
#6481 = CARTESIAN_POINT('',(-69.62254592754,46.184909865718,
    67.002444334329));
#6482 = CARTESIAN_POINT('',(-70.88713753901,46.105580903712,
    68.045154781694));
#6483 = CARTESIAN_POINT('',(-72.44915618509,46.026251941706,
    67.545500399899));
#6484 = CARTESIAN_POINT('',(-72.73377023312,45.973365967036,
    66.496072990548));
#6485 = CARTESIAN_POINT('',(-72.62267441888,45.946922979701,
    66.027174909614));
#6486 = CARTESIAN_POINT('',(-72.5228555215,50.998244936065,
    66.010945100874));
#6487 = CARTESIAN_POINT('',(-72.40636666551,50.97180194873,
    65.575216078819));
#6488 = CARTESIAN_POINT('',(-71.70618129003,50.918915974059,
    64.836624978508));
#6489 = CARTESIAN_POINT('',(-70.19716959996,50.839587012053,
    65.117898751543));
#6490 = CARTESIAN_POINT('',(-69.61761613882,50.760258050047,
    66.538326824054));
#6491 = CARTESIAN_POINT('',(-70.49410858916,50.680929088041,
    67.796011120541));
#6492 = CARTESIAN_POINT('',(-72.02697654204,50.601600126035,
    67.742883847263));
#6493 = CARTESIAN_POINT('',(-72.81420193904,50.522271164029,
    66.426719350431));
#6494 = CARTESIAN_POINT('',(-72.13651123545,50.442942202023,
    65.05106537425));
#6495 = CARTESIAN_POINT('',(-70.6132358689,50.363613240017,
    64.873284420109));
#6496 = CARTESIAN_POINT('',(-69.63695562987,50.284284278011,
    66.055983359847));
#6497 = CARTESIAN_POINT('',(-70.10009115406,50.204955316006,
    67.517960647387));
#6498 = CARTESIAN_POINT('',(-71.57928925915,50.125626354,67.922777800007
    ));
#6499 = CARTESIAN_POINT('',(-72.7223386893,50.046297391994,
    66.900363141888));
#6500 = CARTESIAN_POINT('',(-72.48433108413,49.966968429988,
    65.385356857559));
#6501 = CARTESIAN_POINT('',(-71.08283768051,49.887639467982,
    64.76269211965));
#6502 = CARTESIAN_POINT('',(-69.79902784546,49.808310505976,
    65.601575963973));
#6503 = CARTESIAN_POINT('',(-69.80648948563,49.72898154397,
    67.135146311989));
#6504 = CARTESIAN_POINT('',(-71.09840183232,49.649652581964,
    67.96149765764));
#6505 = CARTESIAN_POINT('',(-72.49376946229,49.570323619958,
    67.325224865044));
#6506 = CARTESIAN_POINT('',(-72.71702399649,49.490994657952,
    65.807973631887));
#6507 = CARTESIAN_POINT('',(-71.56407837485,49.411665695946,
    64.796731661174));
#6508 = CARTESIAN_POINT('',(-70.08889216579,49.33233673394,
    65.215920828254));
#6509 = CARTESIAN_POINT('',(-69.63999956121,49.253007771934,
    66.68234141616));
#6510 = CARTESIAN_POINT('',(-70.62775352524,49.173678809928,
    67.855472279044));
#6511 = CARTESIAN_POINT('',(-72.14920364091,49.094349847922,
    67.662901621911));
#6512 = CARTESIAN_POINT('',(-72.8135237883,49.015020885916,
    66.280666962163));
#6513 = CARTESIAN_POINT('',(-72.01342898022,48.93569192391,
    64.972331297554));
#6514 = CARTESIAN_POINT('',(-70.48032194021,48.856362961904,
    64.933903224408));
#6515 = CARTESIAN_POINT('',(-69.61568490876,48.777033999898,
    66.200511576206));
#6516 = CARTESIAN_POINT('',(-70.20992156452,48.697705037892,
    67.614292574092));
#6517 = CARTESIAN_POINT('',(-71.7198133989,48.618376075887,
    67.882845290462));
#6518 = CARTESIAN_POINT('',(-72.76510023709,48.53904711388,
    66.760673583943));
#6519 = CARTESIAN_POINT('',(-72.39023827047,48.459718151875,
    65.273605186393));
#6520 = CARTESIAN_POINT('',(-70.93790571731,48.380389189869,
    64.781036340408));
#6521 = CARTESIAN_POINT('',(-69.73574521934,48.301060227863,
    65.733246427582));
#6522 = CARTESIAN_POINT('',(-69.88270586768,48.221731265857,
    67.259777292277));
#6523 = CARTESIAN_POINT('',(-71.24444431036,48.142402303851,
    67.96515827213));
#6524 = CARTESIAN_POINT('',(-72.57613406498,48.063073341845,
    67.204568822839));
#6525 = CARTESIAN_POINT('',(-72.66041750922,47.983744379839,
    65.673298038738));
#6526 = CARTESIAN_POINT('',(-71.42024734807,47.904415417833,
    64.771149556358));
#6527 = CARTESIAN_POINT('',(-69.98931901897,47.825086455827,
    65.322817961686));
#6528 = CARTESIAN_POINT('',(-69.67570859748,47.745757493821,
    66.823998303428));
#6529 = CARTESIAN_POINT('',(-70.76610150453,47.666428531815,
    67.902393972626));
#6530 = CARTESIAN_POINT('',(-72.26372043984,47.587099569809,
    67.572194890562));
#6531 = CARTESIAN_POINT('',(-72.79952444132,47.507770607803,
    66.135250910521));
#6532 = CARTESIAN_POINT('',(-71.88371091788,47.428441645797,
    64.905137305264));
#6533 = CARTESIAN_POINT('',(-70.35346629685,47.349112683791,
    65.006356321236));
#6534 = CARTESIAN_POINT('',(-69.60765612998,47.269783721785,
    66.346379176626));
#6535 = CARTESIAN_POINT('',(-70.3280591504,47.190454759779,
    67.700230415335));
#6536 = CARTESIAN_POINT('',(-71.85612239253,47.111125797774,
    67.830293957023));
#6537 = CARTESIAN_POINT('',(-72.79497457935,47.031796835768,
    66.617672124979));
#6538 = CARTESIAN_POINT('',(-72.28636819879,46.952467873762,
    65.170878701118));
#6539 = CARTESIAN_POINT('',(-70.79524412481,46.873138911756,
    64.812489626352));
#6540 = CARTESIAN_POINT('',(-69.68470429837,46.79380994975,
    65.870130990449));
#6541 = CARTESIAN_POINT('',(-69.96994690584,46.714480987744,
    67.376951735572));
#6542 = CARTESIAN_POINT('',(-71.39021120722,46.635152025738,
    67.955526883163));
#6543 = CARTESIAN_POINT('',(-72.6471853594,46.555823063732,
    67.076897330533));
#6544 = CARTESIAN_POINT('',(-72.59178001271,46.476494101726,
    65.54437692301));
#6545 = CARTESIAN_POINT('',(-71.27471121504,46.39716513972,
    64.758665404306));
#6546 = CARTESIAN_POINT('',(-69.89983112088,46.317836177714,
    65.438526709857));
#6547 = CARTESIAN_POINT('',(-69.72426852937,46.238507215708,
    66.961414289951));
#6548 = CARTESIAN_POINT('',(-70.90790651166,46.159178253702,
    67.937374970716));
#6549 = CARTESIAN_POINT('',(-72.36993154943,46.079849291696,
    67.469706279147));
#6550 = CARTESIAN_POINT('',(-72.63632584976,46.026963317026,
    66.487458626951));
#6551 = CARTESIAN_POINT('',(-72.5323419041,46.00052032969,
    66.048577352256));
#6552 = CARTESIAN_POINT('',(-72.43317181752,51.051842286055,
    66.034921360317));
#6553 = CARTESIAN_POINT('',(-72.32465008981,51.025399298719,
    65.628993549618));
#6554 = CARTESIAN_POINT('',(-71.67235312962,50.972513324049,
    64.940917582272));
#6555 = CARTESIAN_POINT('',(-70.26654864871,50.893184362043,
    65.202953942294));
#6556 = CARTESIAN_POINT('',(-69.72663311461,50.813855400037,
    66.526233385582));
#6557 = CARTESIAN_POINT('',(-70.54317881952,50.734526438031,
    67.697899735956));
#6558 = CARTESIAN_POINT('',(-71.97120794016,50.655197476025,
    67.648406044605));
#6559 = CARTESIAN_POINT('',(-72.7045919145,50.575868514019,
    66.422259183424));
#6560 = CARTESIAN_POINT('',(-72.07325112765,50.496539552013,
    65.140691560968));
#6561 = CARTESIAN_POINT('',(-70.65415851886,50.417210590007,
    64.975069741338));
#6562 = CARTESIAN_POINT('',(-69.74464990226,50.337881628001,
    66.076879276675));
#6563 = CARTESIAN_POINT('',(-70.17610977726,50.258552665995,
    67.438866221735));
#6564 = CARTESIAN_POINT('',(-71.55413974084,50.179223703989,
    67.815996346603));
#6565 = CARTESIAN_POINT('',(-72.61901155156,50.099894741983,
    66.863508624212));
#6566 = CARTESIAN_POINT('',(-72.39728221703,50.020565779977,
    65.452119542778));
#6567 = CARTESIAN_POINT('',(-71.0916424266,49.941236817972,
    64.872041280681));
#6568 = CARTESIAN_POINT('',(-69.89563736539,49.861907855965,
    65.653550579168));
#6569 = CARTESIAN_POINT('',(-69.90258867481,49.78257889396,
    67.082234055396));
#6570 = CARTESIAN_POINT('',(-71.10614208521,49.703249931954,
    67.852068001793));
#6571 = CARTESIAN_POINT('',(-72.40607506761,49.623920969948,
    67.259312393071));
#6572 = CARTESIAN_POINT('',(-72.61406035137,49.544592007942,
    65.845831903636));
#6573 = CARTESIAN_POINT('',(-71.53996918839,49.465263045936,
    64.903752724879));
#6574 = CARTESIAN_POINT('',(-70.16567673159,49.38593408393,
    65.294271905948));
#6575 = CARTESIAN_POINT('',(-69.74748564724,49.306605121924,
    66.66039825669));
#6576 = CARTESIAN_POINT('',(-70.66768325592,49.227276159918,
    67.753294113358));
#6577 = CARTESIAN_POINT('',(-72.08507544987,49.147947197912,
    67.573894116346));
#6578 = CARTESIAN_POINT('',(-72.70396014515,49.068618235906,66.286195889
    ));
#6579 = CARTESIAN_POINT('',(-71.95858694906,48.9892892739,
    65.067342415597));
#6580 = CARTESIAN_POINT('',(-70.53033509339,48.909960311894,
    65.031542588613));
#6581 = CARTESIAN_POINT('',(-69.72483396893,48.830631349888,
    66.211522643266));
#6582 = CARTESIAN_POINT('',(-70.27842845656,48.751302387882,
    67.528609631351));
#6583 = CARTESIAN_POINT('',(-71.68505288527,48.671973425876,
    67.778794977507));
#6584 = CARTESIAN_POINT('',(-72.65884846991,48.59264446387,
    66.73337298127));
#6585 = CARTESIAN_POINT('',(-72.30962477876,48.513315501864,
    65.34801100531));
#6586 = CARTESIAN_POINT('',(-70.95662292699,48.433986539858,
    64.889130868462));
#6587 = CARTESIAN_POINT('',(-69.83668288548,48.354657577852,
    65.776215584989));
#6588 = CARTESIAN_POINT('',(-69.97359232052,48.275328615846,
    67.198341035681));
#6589 = CARTESIAN_POINT('',(-71.24219614721,48.195999653841,
    67.855478252546));
#6590 = CARTESIAN_POINT('',(-72.4828064331,48.116670691835,
    67.146908489313));
#6591 = CARTESIAN_POINT('',(-72.56132540307,48.037341729829,
    65.720367300834));
#6592 = CARTESIAN_POINT('',(-71.40597532785,47.958012767823,
    64.879920280227));
#6593 = CARTESIAN_POINT('',(-70.07291378158,47.878683805817,
    65.393857926497));
#6594 = CARTESIAN_POINT('',(-69.78075240291,47.799354843811,
    66.792366675613));
#6595 = CARTESIAN_POINT('',(-70.79656907601,47.720025881805,
    67.797006648869));
#6596 = CARTESIAN_POINT('',(-72.19175999721,47.640696919799,
    67.489391172983));
#6597 = CARTESIAN_POINT('',(-72.69091826823,47.561367957793,
    66.150725409652));
#6598 = CARTESIAN_POINT('',(-71.83774081215,47.482038995787,
    65.004744083143));
#6599 = CARTESIAN_POINT('',(-70.41215560344,47.402710033781,
    65.099040334885));
#6600 = CARTESIAN_POINT('',(-69.71735430972,47.323381071775,
    66.347413788206));
#6601 = CARTESIAN_POINT('',(-70.38848615107,47.244052109769,
    67.608669847646));
#6602 = CARTESIAN_POINT('',(-71.81203917391,47.164723147763,
    67.729837835218));
#6603 = CARTESIAN_POINT('',(-72.68667958911,47.085394185757,
    66.600151951166));
#6604 = CARTESIAN_POINT('',(-72.21285878738,47.006065223751,
    65.252310385985));
#6605 = CARTESIAN_POINT('',(-70.82371851856,46.926736261745,
    64.91843294121));
#6606 = CARTESIAN_POINT('',(-69.78913285264,46.84740729974,
    65.903738077434));
#6607 = CARTESIAN_POINT('',(-70.054866603,46.768078337733,
    67.307501460691));
#6608 = CARTESIAN_POINT('',(-71.37799347611,46.688749375728,
    67.846505591925));
#6609 = CARTESIAN_POINT('',(-72.54899825172,46.609420413722,
    67.027968949513));
#6610 = CARTESIAN_POINT('',(-72.4973822933,46.530091451716,
    65.600263604244));
#6611 = CARTESIAN_POINT('',(-71.27039297995,46.45076248971,
    64.868289968142));
#6612 = CARTESIAN_POINT('',(-69.9895463107,46.371433527704,
    65.501652901003));
#6613 = CARTESIAN_POINT('',(-69.82599113121,46.292104565698,
    66.920384245572));
#6614 = CARTESIAN_POINT('',(-70.9286754843,46.212775603692,
    67.829595159738));
#6615 = CARTESIAN_POINT('',(-72.29070691377,46.133446641686,
    67.393912158395));
#6616 = CARTESIAN_POINT('',(-72.53888146639,46.080560667015,
    66.478844263355));
#6617 = CARTESIAN_POINT('',(-72.44200938932,46.05411767968,
    66.069979794898));
#6618 = ADVANCED_FACE('',(#6619),#6640,.F.);
#6619 = FACE_BOUND('',#6620,.F.);
#6620 = EDGE_LOOP('',(#6621,#6629,#6630,#6631,#6632,#6633));
#6621 = ORIENTED_EDGE('',*,*,#6622,.T.);
#6622 = EDGE_CURVE('',#6623,#6202,#6625,.T.);
#6623 = VERTEX_POINT('',#6624);
#6624 = CARTESIAN_POINT('',(-71.21157350126,51.197065711105,
    63.361506423847));
#6625 = LINE('',#6626,#6627);
#6626 = CARTESIAN_POINT('',(-71.21157350126,51.044057973595,
    64.229256423847));
#6627 = VECTOR('',#6628,1.);
#6628 = DIRECTION('',(-1.206041662502E-16,-0.173648177667,0.984807753012
    ));
#6629 = ORIENTED_EDGE('',*,*,#6210,.F.);
#6630 = ORIENTED_EDGE('',*,*,#2925,.F.);
#6631 = ORIENTED_EDGE('',*,*,#6201,.F.);
#6632 = ORIENTED_EDGE('',*,*,#6622,.F.);
#6633 = ORIENTED_EDGE('',*,*,#6634,.T.);
#6634 = EDGE_CURVE('',#6623,#6623,#6635,.T.);
#6635 = CIRCLE('',#6636,3.);
#6636 = AXIS2_PLACEMENT_3D('',#6637,#6638,#6639);
#6637 = CARTESIAN_POINT('',(-71.21157350126,51.197065711105,
    66.361506423847));
#6638 = DIRECTION('',(0.,-1.,2.22044604925E-16));
#6639 = DIRECTION('',(0.,2.22044604925E-16,1.));
#6640 = CONICAL_SURFACE('',#6641,2.13225,1.396263401595);
#6641 = AXIS2_PLACEMENT_3D('',#6642,#6643,#6644);
#6642 = CARTESIAN_POINT('',(-71.21157350126,51.044057973595,
    66.361506423847));
#6643 = DIRECTION('',(0.,1.,-2.22044604925E-16));
#6644 = DIRECTION('',(0.,2.22044604925E-16,1.));
#6645 = ADVANCED_FACE('',(#6646),#6652,.F.);
#6646 = FACE_BOUND('',#6647,.F.);
#6647 = EDGE_LOOP('',(#6648,#6649,#6650,#6651));
#6648 = ORIENTED_EDGE('',*,*,#5652,.F.);
#6649 = ORIENTED_EDGE('',*,*,#2885,.T.);
#6650 = ORIENTED_EDGE('',*,*,#6239,.F.);
#6651 = ORIENTED_EDGE('',*,*,#2952,.F.);
#6652 = CYLINDRICAL_SURFACE('',#6653,1.2645);
#6653 = AXIS2_PLACEMENT_3D('',#6654,#6655,#6656);
#6654 = CARTESIAN_POINT('',(-71.21157350126,43.697065711105,
    66.361506423847));
#6655 = DIRECTION('',(0.,-1.,2.22044604925E-16));
#6656 = DIRECTION('',(0.,2.22044604925E-16,1.));
#6657 = ADVANCED_FACE('',(#6658),#6689,.F.);
#6658 = FACE_BOUND('',#6659,.F.);
#6659 = EDGE_LOOP('',(#6660,#6673,#6674,#6688));
#6660 = ORIENTED_EDGE('',*,*,#6661,.T.);
#6661 = EDGE_CURVE('',#2272,#2206,#6662,.T.);
#6662 = B_SPLINE_CURVE_WITH_KNOTS('',3,(#6663,#6664,#6665,#6666,#6667,
    #6668,#6669,#6670,#6671,#6672),.UNSPECIFIED.,.F.,.F.,(4,1,1,1,1,1,1,
    4),(15.707963267949,16.39215440101,17.389031538029,18.385908675048,
    19.382785812067,20.379662949087,21.376540086106,21.991148575128),
  .UNSPECIFIED.);
#6663 = CARTESIAN_POINT('',(-71.25927122516,50.786838512497,
    -60.82410582948));
#6664 = CARTESIAN_POINT('',(-70.90680730207,50.768689779022,
    -60.82147148029));
#6665 = CARTESIAN_POINT('',(-70.03568176474,50.724098058213,
    -60.52757272527));
#6666 = CARTESIAN_POINT('',(-69.44574667763,50.653063350068,
    -59.08167789386));
#6667 = CARTESIAN_POINT('',(-70.44212503576,50.573734388062,
    -57.65195993719));
#6668 = CARTESIAN_POINT('',(-72.184671657,50.494405426056,
    -57.71235375088));
#6669 = CARTESIAN_POINT('',(-73.07957691036,50.41507646405,
    -59.20855196377));
#6670 = CARTESIAN_POINT('',(-72.40766100197,50.345887492863,
    -60.57248502047));
#6671 = CARTESIAN_POINT('',(-71.57388757786,50.303141509012,
    -60.82207078616));
#6672 = CARTESIAN_POINT('',(-71.25682802731,50.286838512497,
    -60.82377242723));
#6673 = ORIENTED_EDGE('',*,*,#2236,.T.);
#6674 = ORIENTED_EDGE('',*,*,#6675,.F.);
#6675 = EDGE_CURVE('',#2253,#2222,#6676,.T.);
#6676 = B_SPLINE_CURVE_WITH_KNOTS('',3,(#6677,#6678,#6679,#6680,#6681,
    #6682,#6683,#6684,#6685,#6686,#6687),.UNSPECIFIED.,.F.,.F.,(4,1,1,1,
    1,1,1,1,4),(15.707963267949,15.842869811656,16.839746948675,
    17.836624085694,18.833501222713,19.830378359733,20.827255496752,
    21.824132633771,21.991148575128),.UNSPECIFIED.);
#6677 = CARTESIAN_POINT('',(-71.25665356413,50.745261959674,
    -60.8272023057));
#6678 = CARTESIAN_POINT('',(-71.18746682627,50.74168345246,
    -60.8277582474));
#6679 = CARTESIAN_POINT('',(-70.60759576839,50.71166195791,
    -60.79209387367));
#6680 = CARTESIAN_POINT('',(-69.60713821941,50.655197476025,
    -60.05773330801));
#6681 = CARTESIAN_POINT('',(-69.71084135509,50.575868514019,
    -58.31741434346));
#6682 = CARTESIAN_POINT('',(-71.22843297262,50.496539552013,
    -57.45953291553));
#6683 = CARTESIAN_POINT('',(-72.77290131772,50.417210590007,
    -58.26825747646));
#6684 = CARTESIAN_POINT('',(-72.93223931488,50.337881628001,
    -60.00432530989));
#6685 = CARTESIAN_POINT('',(-71.94139709396,50.28056541789,
    -60.78202339422));
#6686 = CARTESIAN_POINT('',(-71.34472549268,50.249692195114,
    -60.82750575776));
#6687 = CARTESIAN_POINT('',(-71.25898927249,50.245261959674,
    -60.82674945151));
#6688 = ORIENTED_EDGE('',*,*,#2281,.F.);
#6689 = CYLINDRICAL_SURFACE('',#6690,1.543);
#6690 = AXIS2_PLACEMENT_3D('',#6691,#6692,#6693);
#6691 = CARTESIAN_POINT('',(-71.25773148207,51.995261959674,
    -59.28268493969));
#6692 = DIRECTION('',(0.,-1.,2.22044604925E-16));
#6693 = DIRECTION('',(-3.4537074E-14,2.22044604925E-16,1.));
#6694 = ADVANCED_FACE('',(#6695),#6907,.F.);
#6695 = FACE_BOUND('',#6696,.F.);
#6696 = EDGE_LOOP('',(#6697,#6698,#6699,#6700,#6701,#6702,#6703,#6704,
    #6705,#6706,#6734,#6735,#6814,#6815,#6816,#6817,#6818,#6819,#6820,
    #6821,#6822,#6823,#6824,#6825));
#6697 = ORIENTED_EDGE('',*,*,#1167,.T.);
#6698 = ORIENTED_EDGE('',*,*,#1201,.T.);
#6699 = ORIENTED_EDGE('',*,*,#1273,.T.);
#6700 = ORIENTED_EDGE('',*,*,#1348,.T.);
#6701 = ORIENTED_EDGE('',*,*,#1417,.T.);
#6702 = ORIENTED_EDGE('',*,*,#1486,.T.);
#6703 = ORIENTED_EDGE('',*,*,#1558,.T.);
#6704 = ORIENTED_EDGE('',*,*,#1630,.T.);
#6705 = ORIENTED_EDGE('',*,*,#1699,.T.);
#6706 = ORIENTED_EDGE('',*,*,#6707,.T.);
#6707 = EDGE_CURVE('',#1700,#1807,#6708,.T.);
#6708 = B_SPLINE_CURVE_WITH_KNOTS('',3,(#6709,#6710,#6711,#6712,#6713,
    #6714,#6715,#6716,#6717,#6718,#6719,#6720,#6721,#6722,#6723,#6724,
    #6725,#6726,#6727,#6728,#6729,#6730,#6731,#6732,#6733),
  .UNSPECIFIED.,.F.,.F.,(4,3,3,3,3,3,3,3,4),(-10.13578731154,
    -9.968771370192,-8.971894233173,-7.975017096153,-6.978139959134,
    -5.981262822115,-4.984385685096,-3.987508548077,-3.85260200437),
  .UNSPECIFIED.);
#6709 = CARTESIAN_POINT('',(-71.25876225069,50.084469909705,
    -60.54805731506));
#6710 = CARTESIAN_POINT('',(-71.32902372214,50.088900145145,
    -60.54867711367));
#6711 = CARTESIAN_POINT('',(-71.39919075562,50.093330380586,
    -60.54332850563));
#6712 = CARTESIAN_POINT('',(-71.468295391,50.097760616026,
    -60.53167840814));
#6713 = CARTESIAN_POINT('',(-71.88076398839,50.124203603361,
    -60.46214183736));
#6714 = CARTESIAN_POINT('',(-72.25538355978,50.150646590697,
    -60.16810821941));
#6715 = CARTESIAN_POINT('',(-72.42093023278,50.177089578032,
    -59.78397132236));
#6716 = CARTESIAN_POINT('',(-72.58647690578,50.203532565367,
    -59.39983442532));
#6717 = CARTESIAN_POINT('',(-72.54295068037,50.229975552702,
    -58.92559424918));
#6718 = CARTESIAN_POINT('',(-72.31023701438,50.256418540038,
    -58.57801486025));
#6719 = CARTESIAN_POINT('',(-72.07752334838,50.282861527373,
    -58.23043547133));
#6720 = CARTESIAN_POINT('',(-71.6556222418,50.309304514709,
    -58.00951686962));
#6721 = CARTESIAN_POINT('',(-71.23739208164,50.335747502044,
    -58.01623093943));
#6722 = CARTESIAN_POINT('',(-70.81916192148,50.362190489379,
    -58.02294500924));
#6723 = CARTESIAN_POINT('',(-70.40460270775,50.388633476714,
    -58.25729175057));
#6724 = CARTESIAN_POINT('',(-70.18315885212,50.41507646405,
    -58.61216584825));
#6725 = CARTESIAN_POINT('',(-69.96171499649,50.441519451385,
    -58.96703994593));
#6726 = CARTESIAN_POINT('',(-69.93338649896,50.46796243872,
    -59.44244139995));
#6727 = CARTESIAN_POINT('',(-70.11120258603,50.494405426056,
    -59.82106043796));
#6728 = CARTESIAN_POINT('',(-70.28901867311,50.520848413391,
    -60.19967947596));
#6729 = CARTESIAN_POINT('',(-70.67297934479,50.547291400726,
    -60.48151609795));
#6730 = CARTESIAN_POINT('',(-71.08741926546,50.573734388062,
    -60.53778533164));
#6731 = CARTESIAN_POINT('',(-71.14350507101,50.577312895276,
    -60.54540019966));
#6732 = CARTESIAN_POINT('',(-71.20014907296,50.58089140249,
    -60.54888403081));
#6733 = CARTESIAN_POINT('',(-71.25684812028,50.584469909705,
    -60.54842843244));
#6734 = ORIENTED_EDGE('',*,*,#1806,.T.);
#6735 = ORIENTED_EDGE('',*,*,#6736,.T.);
#6736 = EDGE_CURVE('',#1798,#2251,#6737,.T.);
#6737 = B_SPLINE_CURVE_WITH_KNOTS('',3,(#6738,#6739,#6740,#6741,#6742,
    #6743,#6744,#6745,#6746,#6747,#6748,#6749,#6750,#6751,#6752,#6753,
    #6754,#6755,#6756,#6757,#6758,#6759,#6760,#6761,#6762,#6763,#6764,
    #6765,#6766,#6767,#6768,#6769,#6770,#6771,#6772,#6773,#6774,#6775,
    #6776,#6777,#6778,#6779,#6780,#6781,#6782,#6783,#6784,#6785,#6786,
    #6787,#6788,#6789,#6790,#6791,#6792,#6793,#6794,#6795,#6796,#6797,
    #6798,#6799,#6800,#6801,#6802,#6803,#6804,#6805,#6806,#6807,#6808,
    #6809,#6810,#6811,#6812,#6813),.UNSPECIFIED.,.F.,.F.,(4,3,3,3,3,3,3,
    3,3,3,3,3,3,3,3,3,3,3,3,3,3,3,3,3,3,4),(-0.286347380332,
    -0.271031996578,-0.25992926044,-0.256068359583,-0.252413487891,
    -0.236235689701,-0.224139370058,-0.220704596628,-0.203539344157,
    -0.186755925249,-0.178077840623,-0.171450256715,-0.16853738163,
    -0.152043586743,-0.135445629438,-0.119033979022,-0.115779337926,
    -9.852125424333E-02,-8.086044669383E-02,-6.309143316209E-02,
    -5.960137164859E-02,-5.648206942621E-02,-3.825403694329E-02,
    -2.021416751879E-02,-4.152426103569E-03,0.),.UNSPECIFIED.);
#6738 = CARTESIAN_POINT('',(-70.43252018314,50.891050236085,
    -58.32456878697));
#6739 = CARTESIAN_POINT('',(-70.4672380555,50.891050236085,
    -58.28739232753));
#6740 = CARTESIAN_POINT('',(-70.50426839364,50.891050236085,
    -58.25260217718));
#6741 = CARTESIAN_POINT('',(-70.5432976639,50.891050236085,
    -58.22021042675));
#6742 = CARTESIAN_POINT('',(-70.57159154777,50.891050236085,
    -58.19672834731));
#6743 = CARTESIAN_POINT('',(-70.60093706437,50.891050236085,
    -58.1745071468));
#6744 = CARTESIAN_POINT('',(-70.63122850294,50.891050236085,
    -58.15356025596));
#6745 = CARTESIAN_POINT('',(-70.64176214435,50.891050236085,
    -58.14627611736));
#6746 = CARTESIAN_POINT('',(-70.65241026139,50.891050236085,
    -58.13914614736));
#6747 = CARTESIAN_POINT('',(-70.66316867794,50.891050236085,
    -58.13217115127));
#6748 = CARTESIAN_POINT('',(-70.67335299335,50.891050236085,
    -58.12556836174));
#6749 = CARTESIAN_POINT('',(-70.68363229486,50.891050236085,
    -58.119107039));
#6750 = CARTESIAN_POINT('',(-70.69399580124,50.891050236085,
    -58.11279172792));
#6751 = CARTESIAN_POINT('',(-70.73986846897,50.891050236085,
    -58.08483785246));
#6752 = CARTESIAN_POINT('',(-70.78742744216,50.891050236085,
    -58.05971604713));
#6753 = CARTESIAN_POINT('',(-70.83634682519,50.891050236085,
    -58.03746146049));
#6754 = CARTESIAN_POINT('',(-70.87292439198,50.891050236085,
    -58.02082145853));
#6755 = CARTESIAN_POINT('',(-70.91026359496,50.891050236085,
    -58.00578504366));
#6756 = CARTESIAN_POINT('',(-70.94824090135,50.891050236085,
    -57.99238074034));
#6757 = CARTESIAN_POINT('',(-70.95902463118,50.891050236085,
    -57.98857456241));
#6758 = CARTESIAN_POINT('',(-70.96985220022,50.891050236085,
    -57.98490280539));
#6759 = CARTESIAN_POINT('',(-70.98071613413,50.891050236085,
    -57.9813671112));
#6760 = CARTESIAN_POINT('',(-71.03500855606,50.891050236085,
    -57.96369750804));
#6761 = CARTESIAN_POINT('',(-71.09024040562,50.891050236085,
    -57.94941034692));
#6762 = CARTESIAN_POINT('',(-71.14604537346,50.891050236085,
    -57.93854476601));
#6763 = CARTESIAN_POINT('',(-71.20060898409,50.891050236085,
    -57.92792088521));
#6764 = CARTESIAN_POINT('',(-71.25572172866,50.891050236085,
    -57.92056772665));
#6765 = CARTESIAN_POINT('',(-71.31107028732,50.891050236085,
    -57.91656629857));
#6766 = CARTESIAN_POINT('',(-71.3396889781,50.891050236085,
    -57.91449730823));
#6767 = CARTESIAN_POINT('',(-71.36837108274,50.891050236085,
    -57.91332517864));
#6768 = CARTESIAN_POINT('',(-71.39707482101,50.891050236085,
    -57.9130663764));
#6769 = CARTESIAN_POINT('',(-71.41899629815,50.891050236085,
    -57.91286872524));
#6770 = CARTESIAN_POINT('',(-71.44093041613,50.891050236085,
    -57.91320385396));
#6771 = CARTESIAN_POINT('',(-71.46285867898,50.891050236085,
    -57.91408064239));
#6772 = CARTESIAN_POINT('',(-71.47249632241,50.891050236085,
    -57.91446599778));
#6773 = CARTESIAN_POINT('',(-71.4821284902,50.891050236085,
    -57.91495588809));
#6774 = CARTESIAN_POINT('',(-71.49174547069,50.891050236085,
    -57.91555018628));
#6775 = CARTESIAN_POINT('',(-71.54620043328,50.891050236085,
    -57.91891532629));
#6776 = CARTESIAN_POINT('',(-71.60024498983,50.891050236085,
    -57.92562774063));
#6777 = CARTESIAN_POINT('',(-71.65358975328,50.891050236085,
    -57.93574287409));
#6778 = CARTESIAN_POINT('',(-71.70727140218,50.891050236085,
    -57.94592188714));
#6779 = CARTESIAN_POINT('',(-71.76024546387,50.891050236085,
    -57.95954577293));
#6780 = CARTESIAN_POINT('',(-71.81231709449,50.891050236085,
    -57.97636338529));
#6781 = CARTESIAN_POINT('',(-71.86380423731,50.891050236085,
    -57.99299222519));
#6782 = CARTESIAN_POINT('',(-71.91440981238,50.891050236085,
    -58.01274402261));
#6783 = CARTESIAN_POINT('',(-71.96394037504,50.891050236085,
    -58.03542323185));
#6784 = CARTESIAN_POINT('',(-71.97376292187,50.891050236085,
    -58.03992081037));
#6785 = CARTESIAN_POINT('',(-71.98354465201,50.891050236085,
    -58.04453438281));
#6786 = CARTESIAN_POINT('',(-71.99327930408,50.891050236085,
    -58.04926033791));
#6787 = CARTESIAN_POINT('',(-72.04489834135,50.891050236085,
    -58.07432022199));
#6788 = CARTESIAN_POINT('',(-72.0949782151,50.891050236085,
    -58.10242979298));
#6789 = CARTESIAN_POINT('',(-72.14331068935,50.891050236085,
    -58.13330189188));
#6790 = CARTESIAN_POINT('',(-72.19277102004,50.891050236085,
    -58.1648944028));
#6791 = CARTESIAN_POINT('',(-72.24040237016,50.891050236085,
    -58.19938025801));
#6792 = CARTESIAN_POINT('',(-72.28597318066,50.891050236085,
    -58.23650618903));
#6793 = CARTESIAN_POINT('',(-72.3318231989,50.891050236085,
    -58.27385958688));
#6794 = CARTESIAN_POINT('',(-72.37558834471,50.891050236085,
    -58.31388609346));
#6795 = CARTESIAN_POINT('',(-72.41700984005,50.891050236085,
    -58.35637469099));
#6796 = CARTESIAN_POINT('',(-72.42514555149,50.891050236085,
    -58.36471999495));
#6797 = CARTESIAN_POINT('',(-72.43319075198,50.891050236085,
    -58.37316040977));
#6798 = CARTESIAN_POINT('',(-72.44114332522,50.891050236085,
    -58.38169451693));
#6799 = CARTESIAN_POINT('',(-72.44825107369,50.891050236085,
    -58.3893220213));
#6800 = CARTESIAN_POINT('',(-72.45528203245,50.891050236085,
    -58.39702146414));
#6801 = CARTESIAN_POINT('',(-72.46222854034,50.891050236085,
    -58.40478438227));
#6802 = CARTESIAN_POINT('',(-72.50282132757,50.891050236085,
    -58.45014796477));
#6803 = CARTESIAN_POINT('',(-72.54059792303,50.891050236085,
    -58.49774559562));
#6804 = CARTESIAN_POINT('',(-72.5753187414,50.891050236085,
    -58.54730666607));
#6805 = CARTESIAN_POINT('',(-72.60968114614,50.891050236085,
    -58.59635613097));
#6806 = CARTESIAN_POINT('',(-72.64105144279,50.891050236085,
    -58.64732945151));
#6807 = CARTESIAN_POINT('',(-72.66916952508,50.891050236085,
    -58.70000574416));
#6808 = CARTESIAN_POINT('',(-72.69420437186,50.891050236085,
    -58.74690591685));
#6809 = CARTESIAN_POINT('',(-72.71666121362,50.891050236085,
    -58.7951569454));
#6810 = CARTESIAN_POINT('',(-72.7363286963,50.891050236085,
    -58.84462397927));
#6811 = CARTESIAN_POINT('',(-72.74141331112,50.891050236085,
    -58.85741264255));
#6812 = CARTESIAN_POINT('',(-72.74631132969,50.891050236085,
    -58.87028266613));
#6813 = CARTESIAN_POINT('',(-72.75102355851,50.891050236085,
    -58.88323046955));
#6814 = ORIENTED_EDGE('',*,*,#2250,.T.);
#6815 = ORIENTED_EDGE('',*,*,#6675,.T.);
#6816 = ORIENTED_EDGE('',*,*,#2221,.T.);
#6817 = ORIENTED_EDGE('',*,*,#2176,.T.);
#6818 = ORIENTED_EDGE('',*,*,#2129,.T.);
#6819 = ORIENTED_EDGE('',*,*,#2084,.T.);
#6820 = ORIENTED_EDGE('',*,*,#2039,.T.);
#6821 = ORIENTED_EDGE('',*,*,#1993,.T.);
#6822 = ORIENTED_EDGE('',*,*,#1947,.T.);
#6823 = ORIENTED_EDGE('',*,*,#1902,.T.);
#6824 = ORIENTED_EDGE('',*,*,#1860,.T.);
#6825 = ORIENTED_EDGE('',*,*,#6826,.T.);
#6826 = EDGE_CURVE('',#1852,#1168,#6827,.T.);
#6827 = B_SPLINE_CURVE_WITH_KNOTS('',3,(#6828,#6829,#6830,#6831,#6832,
    #6833,#6834,#6835,#6836,#6837,#6838,#6839,#6840,#6841,#6842,#6843,
    #6844,#6845,#6846,#6847,#6848,#6849,#6850,#6851,#6852,#6853,#6854,
    #6855,#6856,#6857,#6858,#6859,#6860,#6861,#6862,#6863,#6864,#6865,
    #6866,#6867,#6868,#6869,#6870,#6871,#6872,#6873,#6874,#6875,#6876,
    #6877,#6878,#6879,#6880,#6881,#6882,#6883,#6884,#6885,#6886,#6887,
    #6888,#6889,#6890,#6891,#6892,#6893,#6894,#6895,#6896,#6897,#6898,
    #6899,#6900,#6901,#6902,#6903,#6904,#6905,#6906),.UNSPECIFIED.,.F.,
  .F.,(4,3,3,3,3,3,3,3,3,3,3,3,3,3,3,3,3,3,3,3,3,3,3,3,3,3,4),(0.,
    1.852951659153E-02,3.677190156149E-02,5.070493045783E-02,
    5.823641987048E-02,6.129940358841E-02,7.905540818782E-02,
    9.644418310496E-02,0.109392170512,0.113699040062,0.118163864865,
    0.135012035876,0.148236132732,0.165071315545,0.169818214331,
    0.172967208677,0.189735441368,0.206497734743,0.216770317418,
    0.222052303272,0.226211005166,0.242307229154,0.253478282552,
    0.258132257765,0.273591463841,0.282917595238,0.286347380332),
  .UNSPECIFIED.);
#6828 = CARTESIAN_POINT('',(-70.21775791978,46.05411767968,
    -58.14281477614));
#6829 = CARTESIAN_POINT('',(-70.17601468035,46.05411767968,
    -58.18833866018));
#6830 = CARTESIAN_POINT('',(-70.13739010779,46.05411767968,
    -58.23640538391));
#6831 = CARTESIAN_POINT('',(-70.10192068419,46.05411767968,
    -58.28664543583));
#6832 = CARTESIAN_POINT('',(-70.06700089139,46.05411767968,
    -58.33610697271));
#6833 = CARTESIAN_POINT('',(-70.03513916851,46.05411767968,
    -58.38767629784));
#6834 = CARTESIAN_POINT('',(-70.00641961083,46.05411767968,
    -58.44102588032));
#6835 = CARTESIAN_POINT('',(-69.98448440731,46.05411767968,
    -58.48177281529));
#6836 = CARTESIAN_POINT('',(-69.96438314781,46.05411767968,
    -58.52355889392));
#6837 = CARTESIAN_POINT('',(-69.94617351336,46.05411767968,
    -58.56624146873));
#6838 = CARTESIAN_POINT('',(-69.93633030769,46.05411767968,
    -58.58931350588));
#6839 = CARTESIAN_POINT('',(-69.92704012986,46.05411767968,
    -58.61264750822));
#6840 = CARTESIAN_POINT('',(-69.91831430531,46.05411767968,
    -58.6362207686));
#6841 = CARTESIAN_POINT('',(-69.91476559707,46.05411767968,
    -58.64580778503));
#6842 = CARTESIAN_POINT('',(-69.91131089845,46.05411767968,
    -58.65543284384));
#6843 = CARTESIAN_POINT('',(-69.90795464257,46.05411767968,
    -58.66508304339));
#6844 = CARTESIAN_POINT('',(-69.88849855002,46.05411767968,
    -58.7210248973));
#6845 = CARTESIAN_POINT('',(-69.87230751903,46.05411767968,
    -58.77791459951));
#6846 = CARTESIAN_POINT('',(-69.85945349345,46.05411767968,
    -58.83544223937));
#6847 = CARTESIAN_POINT('',(-69.84686531483,46.05411767968,
    -58.8917800926));
#6848 = CARTESIAN_POINT('',(-69.83747758229,46.05411767968,
    -58.94873080944));
#6849 = CARTESIAN_POINT('',(-69.83140660126,46.05411767968,
    -59.00600384541));
#6850 = CARTESIAN_POINT('',(-69.82688604208,46.05411767968,
    -59.04865035455));
#6851 = CARTESIAN_POINT('',(-69.82420545505,46.05411767968,
    -59.09147566205));
#6852 = CARTESIAN_POINT('',(-69.82343085422,46.05411767968,
    -59.13435501635));
#6853 = CARTESIAN_POINT('',(-69.82317319991,46.05411767968,
    -59.14861791139));
#6854 = CARTESIAN_POINT('',(-69.82312655547,46.05411767968,
    -59.16288673513));
#6855 = CARTESIAN_POINT('',(-69.82329373692,46.05411767968,
    -59.17715672171));
#6856 = CARTESIAN_POINT('',(-69.82346704979,46.05411767968,
    -59.19195006275));
#6857 = CARTESIAN_POINT('',(-69.82387058206,46.05411767968,
    -59.20675072908));
#6858 = CARTESIAN_POINT('',(-69.82450576153,46.05411767968,
    -59.2215196639));
#6859 = CARTESIAN_POINT('',(-69.82690263326,46.05411767968,
    -59.27725075086));
#6860 = CARTESIAN_POINT('',(-69.83259237847,46.05411767968,
    -59.33260444741));
#6861 = CARTESIAN_POINT('',(-69.84167288298,46.05411767968,
    -59.38731308702));
#6862 = CARTESIAN_POINT('',(-69.84880015341,46.05411767968,
    -59.43025379248));
#6863 = CARTESIAN_POINT('',(-69.85801729439,46.05411767968,
    -59.47279716651));
#6864 = CARTESIAN_POINT('',(-69.86939301016,46.05411767968,
    -59.51480643509));
#6865 = CARTESIAN_POINT('',(-69.88387507699,46.05411767968,
    -59.56828711691));
#6866 = CARTESIAN_POINT('',(-69.90185521087,46.05411767968,
    -59.62090356282));
#6867 = CARTESIAN_POINT('',(-69.92313505844,46.05411767968,
    -59.67239917033));
#6868 = CARTESIAN_POINT('',(-69.92913518827,46.05411767968,
    -59.68691902672));
#6869 = CARTESIAN_POINT('',(-69.93539785717,46.05411767968,
    -59.70134956903));
#6870 = CARTESIAN_POINT('',(-69.9419190529,46.05411767968,
    -59.71568452709));
#6871 = CARTESIAN_POINT('',(-69.9462450791,46.05411767968,
    -59.72519404138));
#6872 = CARTESIAN_POINT('',(-69.95068531927,46.05411767968,
    -59.73466215217));
#6873 = CARTESIAN_POINT('',(-69.95523127143,46.05411767968,
    -59.74407244901));
#6874 = CARTESIAN_POINT('',(-69.97943823255,46.05411767968,
    -59.79418179498));
#6875 = CARTESIAN_POINT('',(-70.00668348515,46.05411767968,
    -59.84275443646));
#6876 = CARTESIAN_POINT('',(-70.03672300198,46.05411767968,
    -59.88956030975));
#6877 = CARTESIAN_POINT('',(-70.0667518788,46.05411767968,
    -59.93634960437));
#6878 = CARTESIAN_POINT('',(-70.09957398169,46.05411767968,
    -59.98137418219));
#6879 = CARTESIAN_POINT('',(-70.13498241861,46.05411767968,
    -60.02436804581));
#6880 = CARTESIAN_POINT('',(-70.15668208031,46.05411767968,
    -60.05071635083));
#6881 = CARTESIAN_POINT('',(-70.17935375516,46.05411767968,
    -60.07630122003));
#6882 = CARTESIAN_POINT('',(-70.20295439704,46.05411767968,
    -60.10105276468));
#6883 = CARTESIAN_POINT('',(-70.21508944239,46.05411767968,
    -60.11377958449));
#6884 = CARTESIAN_POINT('',(-70.22747013719,46.05411767968,
    -60.12628597046));
#6885 = CARTESIAN_POINT('',(-70.24009086176,46.05411767968,
    -60.13856163516));
#6886 = CARTESIAN_POINT('',(-70.25002762278,46.05411767968,
    -60.14822671785));
#6887 = CARTESIAN_POINT('',(-70.26011545806,46.05411767968,
    -60.15775064307));
#6888 = CARTESIAN_POINT('',(-70.27033346647,46.05411767968,
    -60.16711208597));
#6889 = CARTESIAN_POINT('',(-70.30988219017,46.05411767968,
    -60.20334547937));
#6890 = CARTESIAN_POINT('',(-70.35143182682,46.05411767968,-60.237201302
    ));
#6891 = CARTESIAN_POINT('',(-70.39479660103,46.05411767968,
    -60.26842313915));
#6892 = CARTESIAN_POINT('',(-70.42489249237,46.05411767968,
    -60.29009162552));
#6893 = CARTESIAN_POINT('',(-70.45586320246,46.05411767968,
    -60.31049057453));
#6894 = CARTESIAN_POINT('',(-70.48765074336,46.05411767968,
    -60.32952004707));
#6895 = CARTESIAN_POINT('',(-70.50089375834,46.05411767968,
    -60.33744792015));
#6896 = CARTESIAN_POINT('',(-70.51428112623,46.05411767968,
    -60.34513913746));
#6897 = CARTESIAN_POINT('',(-70.52778723403,46.05411767968,
    -60.35257462136));
#6898 = CARTESIAN_POINT('',(-70.57265075267,46.05411767968,
    -60.37727322254));
#6899 = CARTESIAN_POINT('',(-70.61887099161,46.05411767968,
    -60.39918358938));
#6900 = CARTESIAN_POINT('',(-70.66628684079,46.05411767968,
    -60.4180512438));
#6901 = CARTESIAN_POINT('',(-70.69489157234,46.05411767968,
    -60.4294336022));
#6902 = CARTESIAN_POINT('',(-70.72393166417,46.05411767968,
    -60.43970768803));
#6903 = CARTESIAN_POINT('',(-70.75337264049,46.05411767968,
    -60.44880840077));
#6904 = CARTESIAN_POINT('',(-70.76419987607,46.05411767968,
    -60.45215528573));
#6905 = CARTESIAN_POINT('',(-70.77508133251,46.05411767968,
    -60.45534339911));
#6906 = CARTESIAN_POINT('',(-70.78601366139,46.05411767968,
    -60.45837303049));
#6907 = B_SPLINE_SURFACE_WITH_KNOTS('',3,3,(
    (#6908,#6909,#6910,#6911,#6912,#6913,#6914,#6915,#6916,#6917,#6918
      ,#6919,#6920,#6921,#6922,#6923,#6924,#6925,#6926,#6927,#6928,#6929
      ,#6930,#6931,#6932,#6933,#6934,#6935,#6936,#6937,#6938,#6939,#6940
      ,#6941,#6942,#6943,#6944,#6945,#6946,#6947,#6948,#6949,#6950,#6951
      ,#6952,#6953,#6954,#6955,#6956,#6957,#6958,#6959,#6960,#6961,#6962
      ,#6963,#6964,#6965,#6966,#6967,#6968,#6969,#6970,#6971,#6972,#6973
      )
    ,(#6974,#6975,#6976,#6977,#6978,#6979,#6980,#6981,#6982,#6983,#6984
      ,#6985,#6986,#6987,#6988,#6989,#6990,#6991,#6992,#6993,#6994,#6995
      ,#6996,#6997,#6998,#6999,#7000,#7001,#7002,#7003,#7004,#7005,#7006
      ,#7007,#7008,#7009,#7010,#7011,#7012,#7013,#7014,#7015,#7016,#7017
      ,#7018,#7019,#7020,#7021,#7022,#7023,#7024,#7025,#7026,#7027,#7028
      ,#7029,#7030,#7031,#7032,#7033,#7034,#7035,#7036,#7037,#7038,#7039
      )
    ,(#7040,#7041,#7042,#7043,#7044,#7045,#7046,#7047,#7048,#7049,#7050
      ,#7051,#7052,#7053,#7054,#7055,#7056,#7057,#7058,#7059,#7060,#7061
      ,#7062,#7063,#7064,#7065,#7066,#7067,#7068,#7069,#7070,#7071,#7072
      ,#7073,#7074,#7075,#7076,#7077,#7078,#7079,#7080,#7081,#7082,#7083
      ,#7084,#7085,#7086,#7087,#7088,#7089,#7090,#7091,#7092,#7093,#7094
      ,#7095,#7096,#7097,#7098,#7099,#7100,#7101,#7102,#7103,#7104,#7105
      )
    ,(#7106,#7107,#7108,#7109,#7110,#7111,#7112,#7113,#7114,#7115,#7116
      ,#7117,#7118,#7119,#7120,#7121,#7122,#7123,#7124,#7125,#7126,#7127
      ,#7128,#7129,#7130,#7131,#7132,#7133,#7134,#7135,#7136,#7137,#7138
      ,#7139,#7140,#7141,#7142,#7143,#7144,#7145,#7146,#7147,#7148,#7149
      ,#7150,#7151,#7152,#7153,#7154,#7155,#7156,#7157,#7158,#7159,#7160
      ,#7161,#7162,#7163,#7164,#7165,#7166,#7167,#7168,#7169,#7170,#7171
      )),.UNSPECIFIED.,.F.,.F.,.F.,(4,4),(4,1,1,1,1,1,1,1,1,1,1,1,1,1,1,
    1,1,1,1,1,1,1,1,1,1,1,1,1,1,1,1,1,1,1,1,1,1,1,1,1,1,1,1,1,1,1,1,1,1,
    1,1,1,1,1,1,1,1,1,1,1,1,1,1,4),(0.,3.215840999386E-02),(
    11.855361263579,12.852238400598,13.849115537618,14.845992674637,
    15.842869811656,16.839746948675,17.836624085694,18.833501222713,
    19.830378359733,20.827255496752,21.824132633771,22.82100977079,
    23.817886907809,24.814764044829,25.811641181848,26.808518318867,
    27.805395455886,28.802272592905,29.799149729924,30.796026866943,
    31.792904003963,32.789781140982,33.786658278001,34.78353541502,
    35.780412552039,36.777289689058,37.774166826078,38.771043963097,
    39.767921100116,40.764798237135,41.761675374154,42.758552511173,
    43.755429648193,44.752306785212,45.749183922231,46.74606105925,
    47.742938196269,48.739815333288,49.736692470308,50.733569607327,
    51.730446744346,52.727323881365,53.724201018384,54.721078155403,
    55.717955292423,56.714832429442,57.711709566461,58.70858670348,
    59.705463840499,60.702340977519,61.699218114538,62.696095251557,
    63.692972388576,64.689849525595,65.686726662614,66.683603799634,
    67.680480936653,68.677358073672,69.674235210691,70.67111234771,
    71.667989484729,72.664866621749,73.661743758768,74.658620895787),
  .UNSPECIFIED.);
#6908 = CARTESIAN_POINT('',(-70.43252018314,50.891050236085,
    -58.32456878697));
#6909 = CARTESIAN_POINT('',(-70.75089487889,50.86460724875,
    -58.05035736126));
#6910 = CARTESIAN_POINT('',(-71.67747254161,50.81172127408,
    -57.84942572593));
#6911 = CARTESIAN_POINT('',(-72.6912515222,50.732392312074,
    -58.85802197217));
#6912 = CARTESIAN_POINT('',(-72.39169752543,50.653063350068,
    -60.25545825612));
#6913 = CARTESIAN_POINT('',(-71.05694001647,50.573734388062,
    -60.76335271993));
#6914 = CARTESIAN_POINT('',(-69.90505800143,50.494405426056,
    -59.91784285398));
#6915 = CARTESIAN_POINT('',(-69.99004349401,50.41507646405,
    -58.4916384919));
#6916 = CARTESIAN_POINT('',(-71.23372113522,50.335747502044,
    -57.78859826791));
#6917 = CARTESIAN_POINT('',(-72.49942445497,50.256418540038,
    -58.45135407303));
#6918 = CARTESIAN_POINT('',(-72.63000313118,50.177089578032,
    -59.87407460146));
#6919 = CARTESIAN_POINT('',(-71.50614441699,50.097760616026,
    -60.75617545531));
#6920 = CARTESIAN_POINT('',(-70.15519154689,50.01843165402,
    -60.29129402615));
#6921 = CARTESIAN_POINT('',(-69.81212433009,49.939102692014,
    -58.9043967004));
#6922 = CARTESIAN_POINT('',(-70.79054972616,49.859773730008,
    -57.86331012606));
#6923 = CARTESIAN_POINT('',(-72.19604800616,49.780444768002,
    -58.11973783374));
#6924 = CARTESIAN_POINT('',(-72.74378838577,49.701115805996,
    -59.43926800263));
#6925 = CARTESIAN_POINT('',(-71.93305740569,49.62178684399,
    -60.61565848875));
#6926 = CARTESIAN_POINT('',(-70.50498045102,49.542457881984,
    -60.57351780134));
#6927 = CARTESIAN_POINT('',(-69.76502719347,49.463128919978,
    -59.35136860759));
#6928 = CARTESIAN_POINT('',(-70.38962217437,49.383799957972,
    -58.06643258294));
#6929 = CARTESIAN_POINT('',(-71.80779501074,49.304470995966,
    -57.89332765001));
#6930 = CARTESIAN_POINT('',(-72.72312997873,49.225142033961,
    -58.99029683351));
#6931 = CARTESIAN_POINT('',(-72.29887814014,49.145813071955,
    -60.35455116184));
#6932 = CARTESIAN_POINT('',(-70.92286721674,49.066484109949,
    -60.73896426907));
#6933 = CARTESIAN_POINT('',(-69.85297081091,48.987155147943,
    -59.7921268084));
#6934 = CARTESIAN_POINT('',(-70.06722944513,48.907826185937,
    -58.37958557568));
#6935 = CARTESIAN_POINT('',(-71.36977964599,48.828497223931,
    -57.79260817317));
#6936 = CARTESIAN_POINT('',(-72.56990157025,48.749168261925,
    -58.56777709892));
#6937 = CARTESIAN_POINT('',(-72.57050967902,48.669839299919,
    -59.99647550195));
#6938 = CARTESIAN_POINT('',(-71.37104807259,48.590510337913,
    -60.77266578233));
#6939 = CARTESIAN_POINT('',(-70.06799866374,48.511181375907,
    -60.1867974228));
#6940 = CARTESIAN_POINT('',(-69.85253764395,48.431852413901,
    -58.77443909519));
#6941 = CARTESIAN_POINT('',(-70.92162764199,48.352523451895,
    -57.82669120007));
#6942 = CARTESIAN_POINT('',(-72.29796530805,48.273194489889,
    -58.20993280223));
#6943 = CARTESIAN_POINT('',(-72.72337835168,48.193865527883,
    -59.57382548089));
#6944 = CARTESIAN_POINT('',(-71.80897753686,48.114536565877,
    -60.67157346949));
#6945 = CARTESIAN_POINT('',(-70.39065785936,48.035207603871,
    -60.49967585745));
#6946 = CARTESIAN_POINT('',(-69.76496925834,47.955878641865,
    -59.21527199919));
#6947 = CARTESIAN_POINT('',(-70.50388188306,47.876549679859,
    -57.99249334799));
#6948 = CARTESIAN_POINT('',(-71.93192240129,47.797220717853,
    -57.94913697831));
#6949 = CARTESIAN_POINT('',(-72.74365461539,47.717891755848,
    -59.12483690121));
#6950 = CARTESIAN_POINT('',(-72.19703752433,47.638562793842,
    -60.44483283078));
#6951 = CARTESIAN_POINT('',(-70.79175844711,47.559233831836,
    -60.7024569951));
#6952 = CARTESIAN_POINT('',(-69.81244632103,47.47990486983,
    -59.66220353902));
#6953 = CARTESIAN_POINT('',(-70.15433449993,47.400575907824,
    -58.27501502091));
#6954 = CARTESIAN_POINT('',(-71.50488758486,47.321246945818,
    -57.80898300228));
#6955 = CARTESIAN_POINT('',(-72.62950414573,47.241917983812,
    -58.69012831731));
#6956 = CARTESIAN_POINT('',(-72.50012147298,47.162589021806,
    -60.11295639898));
#6957 = CARTESIAN_POINT('',(-71.23501415293,47.0832600598,
    -60.77679581227));
#6958 = CARTESIAN_POINT('',(-69.99067369204,47.003931097794,
    -60.07480136253));
#6959 = CARTESIAN_POINT('',(-69.9046080173,46.924602135788,
    -58.64869712933));
#6960 = CARTESIAN_POINT('',(-71.05549316403,46.845273173782,
    -57.80215068053));
#6961 = CARTESIAN_POINT('',(-72.39125413592,46.765944211776,
    -58.30902535278));
#6962 = CARTESIAN_POINT('',(-72.69080959131,46.68661524977,
    -59.70597020837));
#6963 = CARTESIAN_POINT('',(-71.68032659533,46.607286287764,
    -60.71596250571));
#6964 = CARTESIAN_POINT('',(-70.28352450126,46.527957325758,
    -60.4157485775));
#6965 = CARTESIAN_POINT('',(-69.77730102243,46.448628363752,
    -59.07971416914));
#6966 = CARTESIAN_POINT('',(-70.62438072812,46.369299401746,
    -57.92929876417));
#6967 = CARTESIAN_POINT('',(-72.05048660577,46.28997043974,
    -58.01592117514));
#6968 = CARTESIAN_POINT('',(-72.75179247464,46.210641477734,
    -59.26086663108));
#6969 = CARTESIAN_POINT('',(-72.08753083201,46.131312515729,
    -60.52510191941));
#6970 = CARTESIAN_POINT('',(-70.66425981092,46.051983553723,
    -60.65494938832));
#6971 = CARTESIAN_POINT('',(-69.7844861015,45.972654591717,
    -59.52755751783));
#6972 = CARTESIAN_POINT('',(-70.09506042085,45.919768617046,
    -58.6317543702));
#6973 = CARTESIAN_POINT('',(-70.40546539684,45.893325629711,
    -58.34855284519));
#6974 = CARTESIAN_POINT('',(-70.37193725266,50.944647586075,
    -58.25422863973));
#6975 = CARTESIAN_POINT('',(-70.71368544328,50.91820459874,
    -57.95988596793));
#6976 = CARTESIAN_POINT('',(-71.70828785335,50.865318624069,
    -57.74420292613));
#6977 = CARTESIAN_POINT('',(-72.79649347058,50.785989662063,
    -58.82684531831));
#6978 = CARTESIAN_POINT('',(-72.47494770154,50.706660700057,
    -60.32687445979));
#6979 = CARTESIAN_POINT('',(-71.04219890057,50.627331738051,
    -60.8720560221));
#6980 = CARTESIAN_POINT('',(-69.80575140743,50.548002776046,
    -59.96447300532));
#6981 = CARTESIAN_POINT('',(-69.89697611437,50.468673814039,
    -58.43356377576));
#6982 = CARTESIAN_POINT('',(-71.23195841435,50.389344852034,
    -57.67890981712));
#6983 = CARTESIAN_POINT('',(-72.59058340922,50.310015890028,
    -58.39032187418));
#6984 = CARTESIAN_POINT('',(-72.73074852575,50.230686928022,
    -59.91749150427));
#6985 = CARTESIAN_POINT('',(-71.52438166553,50.151357966016,
    -60.86435183823));
#6986 = CARTESIAN_POINT('',(-70.07424852014,50.07202900401,
    -60.36534111474));
#6987 = CARTESIAN_POINT('',(-69.70599500577,49.992700042004,
    -58.87662464962));
#6988 = CARTESIAN_POINT('',(-70.75625155323,49.913371079998,
    -57.75910665022));
#6989 = CARTESIAN_POINT('',(-72.26493456263,49.834042117992,
    -58.03436001141));
#6990 = CARTESIAN_POINT('',(-72.85288733072,49.754713155986,
    -59.45076355635));
#6991 = CARTESIAN_POINT('',(-71.98263649354,49.67538419398,
    -60.71351881125));
#6992 = CARTESIAN_POINT('',(-70.44971719489,49.596055231974,
    -60.66828436309));
#6993 = CARTESIAN_POINT('',(-69.6554402304,49.516726269968,
    -59.35641102264));
#6994 = CARTESIAN_POINT('',(-70.32588988434,49.437397307962,
    -57.97714135285));
#6995 = CARTESIAN_POINT('',(-71.84817795334,49.358068345956,
    -57.79132791225));
#6996 = CARTESIAN_POINT('',(-72.83071228566,49.27873938395,
    -58.96883114547));
#6997 = CARTESIAN_POINT('',(-72.37531397624,49.199410421944,
    -60.43324227634));
#6998 = CARTESIAN_POINT('',(-70.89828313926,49.120081459938,
    -60.84587709185));
#6999 = CARTESIAN_POINT('',(-69.7498402331,49.040752497932,
    -59.82952750972));
#7000 = CARTESIAN_POINT('',(-69.97982867611,48.961423535926,
    -58.31328448886));
#7001 = CARTESIAN_POINT('',(-71.37800566778,48.88209457392,
    -57.68321410978));
#7002 = CARTESIAN_POINT('',(-72.66623460559,48.802765611915,
    -58.51529210257));
#7003 = CARTESIAN_POINT('',(-72.66688735869,48.723436649909,
    -60.04887847324));
#7004 = CARTESIAN_POINT('',(-71.37936721599,48.644107687903,
    -60.88205280347));
#7005 = CARTESIAN_POINT('',(-69.98065436694,48.564778725897,
    -60.25317288782));
#7006 = CARTESIAN_POINT('',(-69.74937526517,48.485449763891,
    -58.73712620006));
#7007 = CARTESIAN_POINT('',(-70.89695256108,48.406120801885,
    -57.71979934387));
#7008 = CARTESIAN_POINT('',(-72.37433412854,48.326791839879,
    -58.1311766482));
#7009 = CARTESIAN_POINT('',(-72.83097889292,48.247462877873,
    -59.59519957888));
#7010 = CARTESIAN_POINT('',(-71.84944729467,48.168133915867,
    -60.77353879322));
#7011 = CARTESIAN_POINT('',(-70.32700160421,48.088804953861,
    -60.58902130903));
#7012 = CARTESIAN_POINT('',(-69.65537804197,48.009475991855,
    -59.21032287465));
#7013 = CARTESIAN_POINT('',(-70.4485379755,47.930147029849,
    -57.89777386511));
#7014 = CARTESIAN_POINT('',(-71.98141816272,47.850818067843,
    -57.85123448529));
#7015 = CARTESIAN_POINT('',(-72.85274373958,47.771489105837,
    -59.11324847925));
#7016 = CARTESIAN_POINT('',(-72.26599672632,47.692160143831,
    -60.53015197871));
#7017 = CARTESIAN_POINT('',(-70.75754901249,47.612831181825,
    -60.80668963447));
#7018 = CARTESIAN_POINT('',(-69.70634063569,47.533502219819,
    -59.69006591674));
#7019 = CARTESIAN_POINT('',(-70.07332855304,47.454173257813,
    -58.20103688136));
#7020 = CARTESIAN_POINT('',(-71.52303256301,47.374844295807,
    -57.70079109782));
#7021 = CARTESIAN_POINT('',(-72.73021290725,47.295515333802,
    -58.64662574202));
#7022 = CARTESIAN_POINT('',(-72.59133159884,47.216186371796,
    -60.17391082139));
#7023 = CARTESIAN_POINT('',(-71.23334635903,47.13685740979,
    -60.88648603977));
#7024 = CARTESIAN_POINT('',(-69.89765257842,47.057528447784,
    -60.13295463096));
#7025 = CARTESIAN_POINT('',(-69.80526838768,46.978199485778,
    -58.60215288122));
#7026 = CARTESIAN_POINT('',(-71.04064582738,46.898870523772,
    -57.69345718081));
#7027 = CARTESIAN_POINT('',(-72.47447176057,46.819541561766,
    -58.23754408352));
#7028 = CARTESIAN_POINT('',(-72.79601909531,46.74021259976,
    -59.73704571841));
#7029 = CARTESIAN_POINT('',(-71.71135143757,46.660883637754,
    -60.82118665284));
#7030 = CARTESIAN_POINT('',(-70.21200304505,46.581554675748,
    -60.49893250346));
#7031 = CARTESIAN_POINT('',(-69.66861514316,46.502225713742,
    -59.06481305945));
#7032 = CARTESIAN_POINT('',(-70.57788324954,46.422896751736,
    -57.82993984763));
#7033 = CARTESIAN_POINT('',(-72.10868676444,46.34356778973,
    -57.92292164742));
#7034 = CARTESIAN_POINT('',(-72.86147904019,46.264238827724,
    -59.25926483882));
#7035 = CARTESIAN_POINT('',(-72.14845059449,46.184909865718,
    -60.61631402666));
#7036 = CARTESIAN_POINT('',(-70.62069005728,46.105580903712,
    -60.75569425426));
#7037 = CARTESIAN_POINT('',(-69.67632771519,46.026251941706,
    -59.5455348509));
#7038 = CARTESIAN_POINT('',(-70.00970286436,45.973365967036,
    -58.58396626855));
#7039 = CARTESIAN_POINT('',(-70.34289623782,45.9469229797,
    -58.27997348884));
#7040 = CARTESIAN_POINT('',(-70.31135432219,50.998244936065,
    -58.1838884925));
#7041 = CARTESIAN_POINT('',(-70.67647600767,50.97180194873,
    -57.8694145746));
#7042 = CARTESIAN_POINT('',(-71.73910316509,50.918915974059,
    -57.63898012634));
#7043 = CARTESIAN_POINT('',(-72.90173541896,50.839587012053,
    -58.79566866444));
#7044 = CARTESIAN_POINT('',(-72.55819787765,50.760258050047,
    -60.39829066346));
#7045 = CARTESIAN_POINT('',(-71.02745778467,50.680929088041,
    -60.98075932428));
#7046 = CARTESIAN_POINT('',(-69.70644481342,50.601600126035,
    -60.01110315667));
#7047 = CARTESIAN_POINT('',(-69.80390873473,50.522271164029,
    -58.37548905961));
#7048 = CARTESIAN_POINT('',(-71.23019569349,50.442942202023,
    -57.56922136632));
#7049 = CARTESIAN_POINT('',(-72.68174236347,50.363613240018,
    -58.32928967532));
#7050 = CARTESIAN_POINT('',(-72.83149392031,50.284284278011,
    -59.96090840708));
#7051 = CARTESIAN_POINT('',(-71.54261891408,50.204955316006,
    -60.97252822114));
#7052 = CARTESIAN_POINT('',(-69.9933054934,50.125626354,-60.43938820334)
  );
#7053 = CARTESIAN_POINT('',(-69.59986568144,50.046297391994,
    -58.84885259883));
#7054 = CARTESIAN_POINT('',(-70.7219533803,49.966968429988,
    -57.65490317438));
#7055 = CARTESIAN_POINT('',(-72.3338211191,49.887639467982,
    -57.94898218908));
#7056 = CARTESIAN_POINT('',(-72.96198627567,49.808310505976,
    -59.46225911007));
#7057 = CARTESIAN_POINT('',(-72.03221558138,49.72898154397,
    -60.81137913376));
#7058 = CARTESIAN_POINT('',(-70.39445393875,49.649652581964,
    -60.76305092483));
#7059 = CARTESIAN_POINT('',(-69.54585326734,49.570323619958,
    -59.36145343769));
#7060 = CARTESIAN_POINT('',(-70.26215759432,49.490994657952,
    -57.88785012276));
#7061 = CARTESIAN_POINT('',(-71.88856089593,49.411665695946,
    -57.6893281745));
#7062 = CARTESIAN_POINT('',(-72.93829459258,49.33233673394,
    -58.94736545744));
#7063 = CARTESIAN_POINT('',(-72.45174981235,49.253007771934,
    -60.51193339084));
#7064 = CARTESIAN_POINT('',(-70.87369906179,49.173678809928,
    -60.95278991464));
#7065 = CARTESIAN_POINT('',(-69.64670965529,49.094349847922,
    -59.86692821103));
#7066 = CARTESIAN_POINT('',(-69.89242790709,49.015020885916,
    -58.24698340203));
#7067 = CARTESIAN_POINT('',(-71.38623168956,48.93569192391,
    -57.57382004639));
#7068 = CARTESIAN_POINT('',(-72.76256764093,48.856362961904,
    -58.46280710622));
#7069 = CARTESIAN_POINT('',(-72.76326503837,48.777033999898,
    -60.10128144453));
#7070 = CARTESIAN_POINT('',(-71.38768635938,48.697705037892,
    -60.9914398246));
#7071 = CARTESIAN_POINT('',(-69.89331007015,48.618376075887,
    -60.31954835284));
#7072 = CARTESIAN_POINT('',(-69.64621288639,48.539047113881,
    -58.69981330492));
#7073 = CARTESIAN_POINT('',(-70.87227748016,48.459718151875,
    -57.61290748767));
#7074 = CARTESIAN_POINT('',(-72.45070294903,48.380389189869,
    -58.05242049418));
#7075 = CARTESIAN_POINT('',(-72.93857943416,48.301060227863,
    -59.61657367687));
#7076 = CARTESIAN_POINT('',(-71.88991705248,48.221731265857,
    -60.87550411695));
#7077 = CARTESIAN_POINT('',(-70.26334534905,48.142402303851,
    -60.67836676062));
#7078 = CARTESIAN_POINT('',(-69.54578682559,48.063073341845,
    -59.20537375012));
#7079 = CARTESIAN_POINT('',(-70.39319406794,47.983744379839,
    -57.80305438224));
#7080 = CARTESIAN_POINT('',(-72.03091392415,47.904415417833,
    -57.75333199228));
#7081 = CARTESIAN_POINT('',(-72.96183286378,47.825086455827,
    -59.10166005728));
#7082 = CARTESIAN_POINT('',(-72.33495592832,47.745757493821,
    -60.61547112664));
#7083 = CARTESIAN_POINT('',(-70.72333957787,47.666428531815,
    -60.91092227383));
#7084 = CARTESIAN_POINT('',(-69.60023495034,47.587099569809,
    -59.71792829447));
#7085 = CARTESIAN_POINT('',(-69.99232260615,47.507770607803,
    -58.12705874181));
#7086 = CARTESIAN_POINT('',(-71.54117754116,47.428441645797,
    -57.59259919336));
#7087 = CARTESIAN_POINT('',(-72.83092166877,47.349112683791,
    -58.60312316674));
#7088 = CARTESIAN_POINT('',(-72.68254172471,47.269783721785,
    -60.2348652438));
#7089 = CARTESIAN_POINT('',(-71.23167856513,47.190454759779,
    -60.99617626727));
#7090 = CARTESIAN_POINT('',(-69.8046314648,47.111125797773,
    -60.19110789938));
#7091 = CARTESIAN_POINT('',(-69.70592875807,47.031796835768,
    -58.55560863312));
#7092 = CARTESIAN_POINT('',(-71.02579849073,46.952467873762,
    -57.58476368109));
#7093 = CARTESIAN_POINT('',(-72.55768938522,46.873138911756,
    -58.16606281425));
#7094 = CARTESIAN_POINT('',(-72.90122859931,46.79380994975,
    -59.76812122844));
#7095 = CARTESIAN_POINT('',(-71.74237627982,46.714480987744,
    -60.92641079997));
#7096 = CARTESIAN_POINT('',(-70.14048158883,46.635152025738,
    -60.58211642942));
#7097 = CARTESIAN_POINT('',(-69.55992926389,46.555823063732,
    -59.04991194976));
#7098 = CARTESIAN_POINT('',(-70.53138577097,46.476494101726,
    -57.7305809311));
#7099 = CARTESIAN_POINT('',(-72.16688692312,46.39716513972,
    -57.82992211969));
#7100 = CARTESIAN_POINT('',(-72.97116560575,46.317836177714,
    -59.25766304656));
#7101 = CARTESIAN_POINT('',(-72.20937035697,46.238507215708,
    -60.70752613391));
#7102 = CARTESIAN_POINT('',(-70.57712030365,46.159178253702,
    -60.8564391202));
#7103 = CARTESIAN_POINT('',(-69.56816932887,46.079849291696,
    -59.56351218397));
#7104 = CARTESIAN_POINT('',(-69.92434530787,46.026963317025,
    -58.53617816691));
#7105 = CARTESIAN_POINT('',(-70.2803270788,46.00052032969,
    -58.21139413249));
#7106 = CARTESIAN_POINT('',(-70.25077139171,51.051842286055,
    -58.11354834526));
#7107 = CARTESIAN_POINT('',(-70.63926657206,51.025399298719,
    -57.77894318127));
#7108 = CARTESIAN_POINT('',(-71.76991847683,50.972513324049,
    -57.53375732654));
#7109 = CARTESIAN_POINT('',(-73.00697736734,50.893184362043,
    -58.76449201057));
#7110 = CARTESIAN_POINT('',(-72.64144805376,50.813855400037,
    -60.46970686713));
#7111 = CARTESIAN_POINT('',(-71.01271666877,50.734526438031,
    -61.08946262645));
#7112 = CARTESIAN_POINT('',(-69.60713821941,50.655197476025,
    -60.05773330801));
#7113 = CARTESIAN_POINT('',(-69.71084135509,50.575868514019,
    -58.31741434346));
#7114 = CARTESIAN_POINT('',(-71.22843297262,50.496539552013,
    -57.45953291553));
#7115 = CARTESIAN_POINT('',(-72.77290131772,50.417210590007,
    -58.26825747646));
#7116 = CARTESIAN_POINT('',(-72.93223931488,50.337881628001,
    -60.00432530989));
#7117 = CARTESIAN_POINT('',(-71.56085616263,50.258552665995,
    -61.08070460406));
#7118 = CARTESIAN_POINT('',(-69.91236246666,50.179223703989,
    -60.51343529193));
#7119 = CARTESIAN_POINT('',(-69.49373635712,50.099894741983,
    -58.82108054805));
#7120 = CARTESIAN_POINT('',(-70.68765520737,50.020565779977,
    -57.55069969854));
#7121 = CARTESIAN_POINT('',(-72.40270767556,49.941236817972,
    -57.86360436675));
#7122 = CARTESIAN_POINT('',(-73.07108522063,49.861907855965,
    -59.47375466378));
#7123 = CARTESIAN_POINT('',(-72.08179466922,49.78257889396,
    -60.90923945626));
#7124 = CARTESIAN_POINT('',(-70.33919068262,49.703249931954,
    -60.85781748657));
#7125 = CARTESIAN_POINT('',(-69.43626630428,49.623920969948,
    -59.36649585275));
#7126 = CARTESIAN_POINT('',(-70.1984253043,49.544592007942,
    -57.79855889267));
#7127 = CARTESIAN_POINT('',(-71.92894383853,49.465263045936,
    -57.58732843674));
#7128 = CARTESIAN_POINT('',(-73.04587689951,49.38593408393,
    -58.9258997694));
#7129 = CARTESIAN_POINT('',(-72.52818564846,49.306605121924,
    -60.59062450535));
#7130 = CARTESIAN_POINT('',(-70.84911498432,49.227276159918,
    -61.05970273742));
#7131 = CARTESIAN_POINT('',(-69.54357907748,49.147947197912,
    -59.90432891235));
#7132 = CARTESIAN_POINT('',(-69.80502713806,49.068618235906,
    -58.1806823152));
#7133 = CARTESIAN_POINT('',(-71.39445771135,48.9892892739,-57.464425983)
  );
#7134 = CARTESIAN_POINT('',(-72.85890067627,48.909960311894,
    -58.41032210987));
#7135 = CARTESIAN_POINT('',(-72.85964271804,48.830631349888,
    -60.15368441582));
#7136 = CARTESIAN_POINT('',(-71.39600550277,48.751302387882,
    -61.10082684574));
#7137 = CARTESIAN_POINT('',(-69.80596577335,48.671973425876,
    -60.38592381786));
#7138 = CARTESIAN_POINT('',(-69.5430505076,48.59264446387,
    -58.66250040979));
#7139 = CARTESIAN_POINT('',(-70.84760239924,48.513315501864,
    -57.50601563147));
#7140 = CARTESIAN_POINT('',(-72.52707176952,48.433986539858,
    -57.97366434016));
#7141 = CARTESIAN_POINT('',(-73.0461799754,48.354657577852,
    -59.63794777486));
#7142 = CARTESIAN_POINT('',(-71.93038681029,48.275328615847,
    -60.97746944067));
#7143 = CARTESIAN_POINT('',(-70.1996890939,48.195999653841,
    -60.76771221221));
#7144 = CARTESIAN_POINT('',(-69.43619560922,48.116670691835,
    -59.20042462558));
#7145 = CARTESIAN_POINT('',(-70.33785016039,48.037341729829,
    -57.70833489936));
#7146 = CARTESIAN_POINT('',(-72.08040968559,47.958012767823,
    -57.65542949927));
#7147 = CARTESIAN_POINT('',(-73.07092198797,47.878683805817,
    -59.09007163532));
#7148 = CARTESIAN_POINT('',(-72.40391513031,47.799354843811,
    -60.70079027457));
#7149 = CARTESIAN_POINT('',(-70.68913014324,47.720025881805,
    -61.0151549132));
#7150 = CARTESIAN_POINT('',(-69.494129265,47.640696919799,-59.7457906722
    ));
#7151 = CARTESIAN_POINT('',(-69.91131665926,47.561367957793,
    -58.05308060226));
#7152 = CARTESIAN_POINT('',(-71.55932251932,47.482038995787,
    -57.4844072889));
#7153 = CARTESIAN_POINT('',(-72.93163043029,47.402710033781,
    -58.55962059146));
#7154 = CARTESIAN_POINT('',(-72.77375185057,47.323381071775,
    -60.29581966621));
#7155 = CARTESIAN_POINT('',(-71.23001077122,47.244052109769,
    -61.10586649477));
#7156 = CARTESIAN_POINT('',(-69.71161035118,47.164723147763,
    -60.2492611678));
#7157 = CARTESIAN_POINT('',(-69.60658912845,47.085394185757,
    -58.50906438501));
#7158 = CARTESIAN_POINT('',(-71.01095115408,47.006065223751,
    -57.47607018138));
#7159 = CARTESIAN_POINT('',(-72.64090700986,46.926736261745,
    -58.09458154499));
#7160 = CARTESIAN_POINT('',(-73.00643810331,46.84740729974,
    -59.79919673848));
#7161 = CARTESIAN_POINT('',(-71.77340112206,46.768078337733,
    -61.0316349471));
#7162 = CARTESIAN_POINT('',(-70.06896013261,46.688749375728,
    -60.66530035538));
#7163 = CARTESIAN_POINT('',(-69.45124338462,46.609420413722,
    -59.03501084008));
#7164 = CARTESIAN_POINT('',(-70.48488829239,46.530091451716,
    -57.63122201456));
#7165 = CARTESIAN_POINT('',(-72.2250870818,46.45076248971,
    -57.73692259196));
#7166 = CARTESIAN_POINT('',(-73.0808521713,46.371433527704,
    -59.2560612543));
#7167 = CARTESIAN_POINT('',(-72.27029011945,46.292104565698,
    -60.79873824116));
#7168 = CARTESIAN_POINT('',(-70.53355055001,46.212775603692,
    -60.95718398614));
#7169 = CARTESIAN_POINT('',(-69.46001094256,46.133446641686,
    -59.58148951705));
#7170 = CARTESIAN_POINT('',(-69.83898775138,46.080560667015,
    -58.48839006526));
#7171 = CARTESIAN_POINT('',(-70.21775791978,46.05411767968,
    -58.14281477614));
#7172 = ADVANCED_FACE('',(#7173),#7272,.F.);
#7173 = FACE_BOUND('',#7174,.T.);
#7174 = EDGE_LOOP('',(#7175,#7176,#7255,#7264,#7271));
#7175 = ORIENTED_EDGE('',*,*,#2262,.T.);
#7176 = ORIENTED_EDGE('',*,*,#7177,.T.);
#7177 = EDGE_CURVE('',#2263,#1772,#7178,.T.);
#7178 = B_SPLINE_CURVE_WITH_KNOTS('',3,(#7179,#7180,#7181,#7182,#7183,
    #7184,#7185,#7186,#7187,#7188,#7189,#7190,#7191,#7192,#7193,#7194,
    #7195,#7196,#7197,#7198,#7199,#7200,#7201,#7202,#7203,#7204,#7205,
    #7206,#7207,#7208,#7209,#7210,#7211,#7212,#7213,#7214,#7215,#7216,
    #7217,#7218,#7219,#7220,#7221,#7222,#7223,#7224,#7225,#7226,#7227,
    #7228,#7229,#7230,#7231,#7232,#7233,#7234,#7235,#7236,#7237,#7238,
    #7239,#7240,#7241,#7242,#7243,#7244,#7245,#7246,#7247,#7248,#7249,
    #7250,#7251,#7252,#7253,#7254),.UNSPECIFIED.,.F.,.F.,(4,3,3,3,3,3,3,
    3,3,3,3,3,3,3,3,3,3,3,3,3,3,3,3,3,3,4),(-0.285142803995,
    -0.266710381424,-0.249072573373,-0.245151907055,-0.227173763805,
    -0.215942324215,-0.212332930247,-0.194779758132,-0.177586735553,
    -0.160799120219,-0.156859561579,-0.15355186865,-0.137683423427,
    -0.120588919853,-0.105942571896,-0.102602476767,-9.936268660337E-02,
    -8.274675969754E-02,-6.624022649031E-02,-5.76542382494E-02,
    -5.136008771147E-02,-4.818202142431E-02,-3.226480183253E-02,
    -1.691317096193E-02,-3.418136194926E-03,0.),.UNSPECIFIED.);
#7179 = CARTESIAN_POINT('',(-72.74838091029,50.891050236085,
    -59.68119878155));
#7180 = CARTESIAN_POINT('',(-72.72721564929,50.891050236085,
    -59.73912297261));
#7181 = CARTESIAN_POINT('',(-72.70234084501,50.891050236085,
    -59.7955289365));
#7182 = CARTESIAN_POINT('',(-72.67404307055,50.891050236085,
    -59.85019700311));
#7183 = CARTESIAN_POINT('',(-72.64696520207,50.891050236085,
    -59.90250835077));
#7184 = CARTESIAN_POINT('',(-72.6167520031,50.891050236085,
    -59.95322881282));
#7185 = CARTESIAN_POINT('',(-72.58362001089,50.891050236085,
    -60.00213392686));
#7186 = CARTESIAN_POINT('',(-72.5762551793,50.891050236085,
    -60.01300492811));
#7187 = CARTESIAN_POINT('',(-72.56874885945,50.891050236085,
    -60.02378178375));
#7188 = CARTESIAN_POINT('',(-72.56110803525,50.891050236085,
    -60.03445611885));
#7189 = CARTESIAN_POINT('',(-72.5260711765,50.891050236085,
    -60.08340308599));
#7190 = CARTESIAN_POINT('',(-72.48818171524,50.891050236085,
    -60.13023772593));
#7191 = CARTESIAN_POINT('',(-72.44768574078,50.891050236085,
    -60.1747303796));
#7192 = CARTESIAN_POINT('',(-72.42238679392,50.891050236085,
    -60.20252616168));
#7193 = CARTESIAN_POINT('',(-72.39606984334,50.891050236085,
    -60.22940715046));
#7194 = CARTESIAN_POINT('',(-72.36878964049,50.891050236085,
    -60.25530842242));
#7195 = CARTESIAN_POINT('',(-72.36002273231,50.891050236085,
    -60.26363219018));
#7196 = CARTESIAN_POINT('',(-72.3511548456,50.891050236085,
    -60.27185605058));
#7197 = CARTESIAN_POINT('',(-72.34219240634,50.891050236085,
    -60.27997345964));
#7198 = CARTESIAN_POINT('',(-72.29860635273,50.891050236085,
    -60.31944997002));
#7199 = CARTESIAN_POINT('',(-72.25292480226,50.891050236085,
    -60.35628856026));
#7200 = CARTESIAN_POINT('',(-72.20538273205,50.891050236085,
    -60.39028377034));
#7201 = CARTESIAN_POINT('',(-72.15881611257,50.891050236085,
    -60.42358147918));
#7202 = CARTESIAN_POINT('',(-72.11046361143,50.891050236085,
    -60.45415170638));
#7203 = CARTESIAN_POINT('',(-72.06052573231,50.891050236085,
    -60.48175664885));
#7204 = CARTESIAN_POINT('',(-72.01176537609,50.891050236085,
    -60.50871067356));
#7205 = CARTESIAN_POINT('',(-71.9614927596,50.891050236085,
    -60.53283791551));
#7206 = CARTESIAN_POINT('',(-71.90988726874,50.891050236085,
    -60.55386868001));
#7207 = CARTESIAN_POINT('',(-71.89777698069,50.891050236085,
    -60.55880398072));
#7208 = CARTESIAN_POINT('',(-71.88559328643,50.891050236085,
    -60.56356853232));
#7209 = CARTESIAN_POINT('',(-71.87333851273,50.891050236085,
    -60.56815842339));
#7210 = CARTESIAN_POINT('',(-71.86304928188,50.891050236085,
    -60.57201214194));
#7211 = CARTESIAN_POINT('',(-71.85271645038,50.891050236085,
    -60.57574022402));
#7212 = CARTESIAN_POINT('',(-71.84234921145,50.891050236085,
    -60.57933830042));
#7213 = CARTESIAN_POINT('',(-71.79261304592,50.891050236085,
    -60.59659984176));
#7214 = CARTESIAN_POINT('',(-71.74203083585,50.891050236085,
    -60.61089320509));
#7215 = CARTESIAN_POINT('',(-71.6907635299,50.891050236085,
    -60.62203077331));
#7216 = CARTESIAN_POINT('',(-71.63553511071,50.891050236085,
    -60.63402887376));
#7217 = CARTESIAN_POINT('',(-71.57951060261,50.891050236085,
    -60.64236502566));
#7218 = CARTESIAN_POINT('',(-71.52302621482,50.891050236085,
    -60.64713133797));
#7219 = CARTESIAN_POINT('',(-71.47463112723,50.891050236085,
    -60.65121505227));
#7220 = CARTESIAN_POINT('',(-71.42589799448,50.891050236085,
    -60.65267713315));
#7221 = CARTESIAN_POINT('',(-71.37704708917,50.891050236085,
    -60.65154636523));
#7222 = CARTESIAN_POINT('',(-71.3659066553,50.891050236085,
    -60.65128849395));
#7223 = CARTESIAN_POINT('',(-71.35476015096,50.891050236085,
    -60.65089567453));
#7224 = CARTESIAN_POINT('',(-71.34361029681,50.891050236085,
    -60.6503680705));
#7225 = CARTESIAN_POINT('',(-71.33279527915,50.891050236085,
    -60.64985631072));
#7226 = CARTESIAN_POINT('',(-71.32198485754,50.891050236085,
    -60.64921805255));
#7227 = CARTESIAN_POINT('',(-71.31118846829,50.891050236085,
    -60.64845458315));
#7228 = CARTESIAN_POINT('',(-71.25581697645,50.891050236085,
    -60.64453897404));
#7229 = CARTESIAN_POINT('',(-71.20075475981,50.891050236085,
    -60.6373312879));
#7230 = CARTESIAN_POINT('',(-71.14631695007,50.891050236085,
    -60.62692935177));
#7231 = CARTESIAN_POINT('',(-71.09223754063,50.891050236085,
    -60.61659589851));
#7232 = CARTESIAN_POINT('',(-71.03877326067,50.891050236085,
    -60.60310960714));
#7233 = CARTESIAN_POINT('',(-70.98625400773,50.891050236085,
    -60.58652005277));
#7234 = CARTESIAN_POINT('',(-70.95893575244,50.891050236085,
    -60.57789088049));
#7235 = CARTESIAN_POINT('',(-70.93187363213,50.891050236085,
    -60.56842136205));
#7236 = CARTESIAN_POINT('',(-70.90511779786,50.891050236085,
    -60.55811414737));
#7237 = CARTESIAN_POINT('',(-70.88550383567,50.891050236085,
    -60.55055821333));
#7238 = CARTESIAN_POINT('',(-70.86605452383,50.891050236085,
    -60.54255204452));
#7239 = CARTESIAN_POINT('',(-70.8467907372,50.891050236085,
    -60.53409577522));
#7240 = CARTESIAN_POINT('',(-70.83706399321,50.891050236085,
    -60.52982600375));
#7241 = CARTESIAN_POINT('',(-70.82738339553,50.891050236085,
    -60.52544080147));
#7242 = CARTESIAN_POINT('',(-70.81776785412,50.891050236085,
    -60.52094800952));
#7243 = CARTESIAN_POINT('',(-70.76960879439,50.891050236085,
    -60.49844603832));
#7244 = CARTESIAN_POINT('',(-70.72298460749,50.891050236085,
    -60.47320822295));
#7245 = CARTESIAN_POINT('',(-70.67819028156,50.891050236085,
    -60.44529244671));
#7246 = CARTESIAN_POINT('',(-70.63498763849,50.891050236085,
    -60.41836860553));
#7247 = CARTESIAN_POINT('',(-70.59348648665,50.891050236085,
    -60.38895314088));
#7248 = CARTESIAN_POINT('',(-70.55398536722,50.891050236085,
    -60.35706510096));
#7249 = CARTESIAN_POINT('',(-70.51926143563,50.891050236085,
    -60.329033538));
#7250 = CARTESIAN_POINT('',(-70.48608318564,50.891050236085,
    -60.29909066764));
#7251 = CARTESIAN_POINT('',(-70.45468202706,50.891050236085,
    -60.26723222954));
#7252 = CARTESIAN_POINT('',(-70.44672847685,50.891050236085,
    -60.25916285571));
#7253 = CARTESIAN_POINT('',(-70.4388890912,50.891050236085,
    -60.25097051333));
#7254 = CARTESIAN_POINT('',(-70.43116534056,50.891050236085,
    -60.24265818258));
#7255 = ORIENTED_EDGE('',*,*,#7256,.F.);
#7256 = EDGE_CURVE('',#7257,#1772,#7259,.T.);
#7257 = VERTEX_POINT('',#7258);
#7258 = CARTESIAN_POINT('',(-71.25773148207,50.891050236085,
    -60.54718493969));
#7259 = CIRCLE('',#7260,1.2645);
#7260 = AXIS2_PLACEMENT_3D('',#7261,#7262,#7263);
#7261 = CARTESIAN_POINT('',(-71.25773148207,50.891050236085,
    -59.28268493969));
#7262 = DIRECTION('',(0.,-1.,2.22044604925E-16));
#7263 = DIRECTION('',(0.,2.22044604925E-16,1.));
#7264 = ORIENTED_EDGE('',*,*,#7265,.F.);
#7265 = EDGE_CURVE('',#1798,#7257,#7266,.T.);
#7266 = CIRCLE('',#7267,1.2645);
#7267 = AXIS2_PLACEMENT_3D('',#7268,#7269,#7270);
#7268 = CARTESIAN_POINT('',(-71.25773148207,50.891050236085,
    -59.28268493969));
#7269 = DIRECTION('',(0.,-1.,2.22044604925E-16));
#7270 = DIRECTION('',(0.,2.22044604925E-16,1.));
#7271 = ORIENTED_EDGE('',*,*,#6736,.T.);
#7272 = PLANE('',#7273);
#7273 = AXIS2_PLACEMENT_3D('',#7274,#7275,#7276);
#7274 = CARTESIAN_POINT('',(-71.25773148207,50.891050236085,
    -59.28268493969));
#7275 = DIRECTION('',(0.,1.,0.));
#7276 = DIRECTION('',(0.,-0.,1.));
#7277 = ADVANCED_FACE('',(#7278),#7408,.F.);
#7278 = FACE_BOUND('',#7279,.F.);
#7279 = EDGE_LOOP('',(#7280,#7281,#7282,#7283,#7284,#7285,#7286,#7287,
    #7288,#7289,#7290,#7291,#7292,#7293,#7318,#7319,#7320,#7321,#7322,
    #7323,#7324,#7325,#7326));
#7280 = ORIENTED_EDGE('',*,*,#1838,.F.);
#7281 = ORIENTED_EDGE('',*,*,#1885,.F.);
#7282 = ORIENTED_EDGE('',*,*,#1931,.F.);
#7283 = ORIENTED_EDGE('',*,*,#1977,.F.);
#7284 = ORIENTED_EDGE('',*,*,#2022,.F.);
#7285 = ORIENTED_EDGE('',*,*,#2068,.F.);
#7286 = ORIENTED_EDGE('',*,*,#2113,.F.);
#7287 = ORIENTED_EDGE('',*,*,#2159,.F.);
#7288 = ORIENTED_EDGE('',*,*,#2205,.F.);
#7289 = ORIENTED_EDGE('',*,*,#6661,.F.);
#7290 = ORIENTED_EDGE('',*,*,#2271,.F.);
#7291 = ORIENTED_EDGE('',*,*,#7177,.T.);
#7292 = ORIENTED_EDGE('',*,*,#1771,.T.);
#7293 = ORIENTED_EDGE('',*,*,#7294,.T.);
#7294 = EDGE_CURVE('',#1774,#1728,#7295,.T.);
#7295 = B_SPLINE_CURVE_WITH_KNOTS('',3,(#7296,#7297,#7298,#7299,#7300,
    #7301,#7302,#7303,#7304,#7305,#7306,#7307,#7308,#7309,#7310,#7311,
    #7312,#7313,#7314,#7315,#7316,#7317),.UNSPECIFIED.,.F.,.F.,(4,3,3,3,
    3,3,3,4),(7.592748448157,7.975017096153,8.971894233173,
    9.968771370192,10.965648507211,11.96252564423,12.959402781249,
    13.875933755336),.UNSPECIFIED.);
#7296 = CARTESIAN_POINT('',(-71.25699109416,50.447630562466,
    -60.54561762148));
#7297 = CARTESIAN_POINT('',(-71.09538271546,50.437490571646,
    -60.54648496471));
#7298 = CARTESIAN_POINT('',(-70.9340708684,50.427350580827,
    -60.51771414292));
#7299 = CARTESIAN_POINT('',(-70.78524775976,50.417210590007,
    -60.45788150887));
#7300 = CARTESIAN_POINT('',(-70.3971480418,50.390767602672,
    -60.30185044211));
#7301 = CARTESIAN_POINT('',(-70.09397897996,50.364324615336,
    -59.93458105728));
#7302 = CARTESIAN_POINT('',(-70.01430431341,50.337881628001,
    -59.52394885302));
#7303 = CARTESIAN_POINT('',(-69.93462964687,50.311438640666,
    -59.11331664875));
#7304 = CARTESIAN_POINT('',(-70.07844937562,50.284995653331,
    -58.65932162505));
#7305 = CARTESIAN_POINT('',(-70.38003060315,50.258552665995,
    -58.36946917151));
#7306 = CARTESIAN_POINT('',(-70.68161183069,50.23210967866,
    -58.07961671796));
#7307 = CARTESIAN_POINT('',(-71.14095455701,50.205666691325,
    -57.95390683457));
#7308 = CARTESIAN_POINT('',(-71.54810431301,50.179223703989,
    -58.04979963706));
#7309 = CARTESIAN_POINT('',(-71.95525406902,50.152780716654,
    -58.14569243954));
#7310 = CARTESIAN_POINT('',(-72.3102108547,50.126337729319,
    -58.46318792789));
#7311 = CARTESIAN_POINT('',(-72.45073441043,50.099894741983,
    -58.85716686966));
#7312 = CARTESIAN_POINT('',(-72.59125796615,50.073451754648,
    -59.25114581142));
#7313 = CARTESIAN_POINT('',(-72.5173482919,50.047008767313,
    -59.7216082066));
#7314 = CARTESIAN_POINT('',(-72.26278711269,50.020565779977,
    -60.05351898605));
#7315 = CARTESIAN_POINT('',(-72.02874301951,49.996254040807,
    -60.3586784673));
#7316 = CARTESIAN_POINT('',(-71.64199415554,49.971942301637,
    -60.54672022665));
#7317 = CARTESIAN_POINT('',(-71.25713841679,49.947630562466,
    -60.54895841097));
#7318 = ORIENTED_EDGE('',*,*,#1727,.T.);
#7319 = ORIENTED_EDGE('',*,*,#1658,.T.);
#7320 = ORIENTED_EDGE('',*,*,#1589,.T.);
#7321 = ORIENTED_EDGE('',*,*,#1514,.T.);
#7322 = ORIENTED_EDGE('',*,*,#1445,.T.);
#7323 = ORIENTED_EDGE('',*,*,#1376,.T.);
#7324 = ORIENTED_EDGE('',*,*,#1304,.T.);
#7325 = ORIENTED_EDGE('',*,*,#1238,.T.);
#7326 = ORIENTED_EDGE('',*,*,#7327,.T.);
#7327 = EDGE_CURVE('',#1230,#1841,#7328,.T.);
#7328 = B_SPLINE_CURVE_WITH_KNOTS('',3,(#7329,#7330,#7331,#7332,#7333,
    #7334,#7335,#7336,#7337,#7338,#7339,#7340,#7341,#7342,#7343,#7344,
    #7345,#7346,#7347,#7348,#7349,#7350,#7351,#7352,#7353,#7354,#7355,
    #7356,#7357,#7358,#7359,#7360,#7361,#7362,#7363,#7364,#7365,#7366,
    #7367,#7368,#7369,#7370,#7371,#7372,#7373,#7374,#7375,#7376,#7377,
    #7378,#7379,#7380,#7381,#7382,#7383,#7384,#7385,#7386,#7387,#7388,
    #7389,#7390,#7391,#7392,#7393,#7394,#7395,#7396,#7397,#7398,#7399,
    #7400,#7401,#7402,#7403,#7404,#7405,#7406,#7407),.UNSPECIFIED.,.F.,
  .F.,(4,3,3,3,3,3,3,3,3,3,3,3,3,3,3,3,3,3,3,3,3,3,3,3,3,3,4),(0.,
    1.513115640884E-02,3.094575401607E-02,4.381403785686E-02,
    4.983811569055E-02,5.29280935921E-02,6.925011256162E-02,
    8.621191568994E-02,9.813194295306E-02,0.101652023209,0.10431352136,
    0.121393374956,0.133892024742,0.150539492151,0.155255297872,
    0.15846590046,0.175489551393,0.192922145738,0.203932746891,
    0.21263003835,0.215915437061,0.233915881355,0.246968962016,
    0.251154199218,0.269342905942,0.281006954964,0.285142803995),
  .UNSPECIFIED.);
#7329 = CARTESIAN_POINT('',(-72.48816737013,46.05411767968,
    -59.57421156864));
#7330 = CARTESIAN_POINT('',(-72.50504516167,46.05411767968,
    -59.52668210316));
#7331 = CARTESIAN_POINT('',(-72.51877707997,46.05411767968,
    -59.47826060857));
#7332 = CARTESIAN_POINT('',(-72.52951066618,46.05411767968,
    -59.42923144081));
#7333 = CARTESIAN_POINT('',(-72.54072906498,46.05411767968,
    -59.37798773291));
#7334 = CARTESIAN_POINT('',(-72.54867249694,46.05411767968,
    -59.32607952949));
#7335 = CARTESIAN_POINT('',(-72.55346151987,46.05411767968,
    -59.27380027072));
#7336 = CARTESIAN_POINT('',(-72.5573583314,46.05411767968,
    -59.23126081713));
#7337 = CARTESIAN_POINT('',(-72.55916568798,46.05411767968,
    -59.18847485526));
#7338 = CARTESIAN_POINT('',(-72.55892467417,46.05411767968,
    -59.14559161926));
#7339 = CARTESIAN_POINT('',(-72.55881184747,46.05411767968,
    -59.12551652963));
#7340 = CARTESIAN_POINT('',(-72.55824981694,46.05411767968,
    -59.10542004755));
#7341 = CARTESIAN_POINT('',(-72.55724118675,46.05411767968,
    -59.08531725603));
#7342 = CARTESIAN_POINT('',(-72.55672382209,46.05411767968,
    -59.07500577213));
#7343 = CARTESIAN_POINT('',(-72.55608929428,46.05411767968,
    -59.06470061278));
#7344 = CARTESIAN_POINT('',(-72.55533895838,46.05411767968,
    -59.05440971066));
#7345 = CARTESIAN_POINT('',(-72.55137550062,46.05411767968,
    -59.00005064886));
#7346 = CARTESIAN_POINT('',(-72.54418223902,46.05411767968,
    -58.94604001283));
#7347 = CARTESIAN_POINT('',(-72.53388765421,46.05411767968,
    -58.89268467767));
#7348 = CARTESIAN_POINT('',(-72.52318954627,46.05411767968,
    -58.83723794081));
#7349 = CARTESIAN_POINT('',(-72.50914251016,46.05411767968,
    -58.78249773482));
#7350 = CARTESIAN_POINT('',(-72.49183456515,46.05411767968,
    -58.72879664396));
#7351 = CARTESIAN_POINT('',(-72.47967128423,46.05411767968,
    -58.69105782208));
#7352 = CARTESIAN_POINT('',(-72.46589635324,46.05411767968,
    -58.65383189703));
#7353 = CARTESIAN_POINT('',(-72.45052366521,46.05411767968,
    -58.61723597508));
#7354 = CARTESIAN_POINT('',(-72.44598398636,46.05411767968,
    -58.60642890397));
#7355 = CARTESIAN_POINT('',(-72.44130488165,46.05411767968,
    -58.59567679814));
#7356 = CARTESIAN_POINT('',(-72.4364864819,46.05411767968,
    -58.58498274959));
#7357 = CARTESIAN_POINT('',(-72.43284333711,46.05411767968,
    -58.57689708439));
#7358 = CARTESIAN_POINT('',(-72.42912134339,46.05411767968,
    -58.56884649461));
#7359 = CARTESIAN_POINT('',(-72.42532468088,46.05411767968,
    -58.56084041946));
#7360 = CARTESIAN_POINT('',(-72.4009600426,46.05411767968,
    -58.50946236704));
#7361 = CARTESIAN_POINT('',(-72.37348173185,46.05411767968,
    -58.45982164208));
#7362 = CARTESIAN_POINT('',(-72.34299391334,46.05411767968,
    -58.41224065778));
#7363 = CARTESIAN_POINT('',(-72.3206836187,46.05411767968,
    -58.37742197179));
#7364 = CARTESIAN_POINT('',(-72.29676063346,46.05411767968,
    -58.34370601859));
#7365 = CARTESIAN_POINT('',(-72.27124829708,46.05411767968,
    -58.31122198087));
#7366 = CARTESIAN_POINT('',(-72.23726736349,46.05411767968,
    -58.26795515058));
#7367 = CARTESIAN_POINT('',(-72.20046841248,46.05411767968,
    -58.22687224488));
#7368 = CARTESIAN_POINT('',(-72.16114548318,46.05411767968,
    -58.18804788712));
#7369 = CARTESIAN_POINT('',(-72.15000629363,46.05411767968,
    -58.17704993026));
#7370 = CARTESIAN_POINT('',(-72.13866430329,46.05411767968,
    -58.16623338935));
#7371 = CARTESIAN_POINT('',(-72.12712560695,46.05411767968,
    -58.15560041269));
#7372 = CARTESIAN_POINT('',(-72.11926986172,46.05411767968,
    -58.14836129716));
#7373 = CARTESIAN_POINT('',(-72.11132218777,46.05411767968,
    -58.1412067569));
#7374 = CARTESIAN_POINT('',(-72.10329729906,46.05411767968,
    -58.13414839746));
#7375 = CARTESIAN_POINT('',(-72.06074674957,46.05411767968,
    -58.09672269807));
#7376 = CARTESIAN_POINT('',(-72.01594950023,46.05411767968,
    -58.06192407845));
#7377 = CARTESIAN_POINT('',(-71.96925545603,46.05411767968,
    -58.02980273522));
#7378 = CARTESIAN_POINT('',(-71.92143972403,46.05411767968,
    -57.99690977068));
#7379 = CARTESIAN_POINT('',(-71.87163425165,46.05411767968,-57.966823622
    ));
#7380 = CARTESIAN_POINT('',(-71.82016803696,46.05411767968,
    -57.93962879709));
#7381 = CARTESIAN_POINT('',(-71.78766146039,46.05411767968,
    -57.92245227336));
#7382 = CARTESIAN_POINT('',(-71.75449146017,46.05411767968,
    -57.90642983141));
#7383 = CARTESIAN_POINT('',(-71.72073377943,46.05411767968,
    -57.89159059915));
#7384 = CARTESIAN_POINT('',(-71.69406853343,46.05411767968,
    -57.87986906586));
#7385 = CARTESIAN_POINT('',(-71.66703648677,46.05411767968,
    -57.86888590098));
#7386 = CARTESIAN_POINT('',(-71.6396732384,46.05411767968,
    -57.85865854999));
#7387 = CARTESIAN_POINT('',(-71.6293367812,46.05411767968,
    -57.85479517184));
#7388 = CARTESIAN_POINT('',(-71.61896197735,46.05411767968,
    -57.85104301781));
#7389 = CARTESIAN_POINT('',(-71.60855184685,46.05411767968,
    -57.84740287028));
#7390 = CARTESIAN_POINT('',(-71.55151555059,46.05411767968,
    -57.82745878476));
#7391 = CARTESIAN_POINT('',(-71.4934134745,46.05411767968,
    -57.81087065227));
#7392 = CARTESIAN_POINT('',(-71.43458948009,46.05411767968,
    -57.79774154852));
#7393 = CARTESIAN_POINT('',(-71.39193306943,46.05411767968,
    -57.78822093629));
#7394 = CARTESIAN_POINT('',(-71.34889616509,46.05411767968,
    -57.78052000224));
#7395 = CARTESIAN_POINT('',(-71.30560173448,46.05411767968,
    -57.77469313195));
#7396 = CARTESIAN_POINT('',(-71.2917201485,46.05411767968,
    -57.77282485005));
#7397 = CARTESIAN_POINT('',(-71.27781118634,46.05411767968,
    -57.7711493773));
#7398 = CARTESIAN_POINT('',(-71.26389537215,46.05411767968,
    -57.76967018185));
#7399 = CARTESIAN_POINT('',(-71.20341835475,46.05411767968,
    -57.76324171652));
#7400 = CARTESIAN_POINT('',(-71.14274130769,46.05411767968,
    -57.76050606599));
#7401 = CARTESIAN_POINT('',(-71.08219828581,46.05411767968,
    -57.76158476482));
#7402 = CARTESIAN_POINT('',(-71.04337327281,46.05411767968,
    -57.76227651251));
#7403 = CARTESIAN_POINT('',(-71.00460287156,46.05411767968,
    -57.76453776921));
#7404 = CARTESIAN_POINT('',(-70.96597239841,46.05411767968,
    -57.76841158202));
#7405 = CARTESIAN_POINT('',(-70.95227477037,46.05411767968,
    -57.76978516206));
#7406 = CARTESIAN_POINT('',(-70.9385947264,46.05411767968,-57.7713615695
    ));
#7407 = CARTESIAN_POINT('',(-70.9249350968,46.05411767968,
    -57.77313808675));
#7408 = B_SPLINE_SURFACE_WITH_KNOTS('',3,3,(
    (#7409,#7410,#7411,#7412,#7413,#7414,#7415,#7416,#7417,#7418,#7419
      ,#7420,#7421,#7422,#7423,#7424,#7425,#7426,#7427,#7428,#7429,#7430
      ,#7431,#7432,#7433,#7434,#7435,#7436,#7437,#7438,#7439,#7440,#7441
      ,#7442,#7443,#7444,#7445,#7446,#7447,#7448,#7449,#7450,#7451,#7452
      ,#7453,#7454,#7455,#7456,#7457,#7458,#7459,#7460,#7461,#7462,#7463
      ,#7464,#7465,#7466,#7467,#7468,#7469,#7470,#7471,#7472,#7473,#7474
      )
    ,(#7475,#7476,#7477,#7478,#7479,#7480,#7481,#7482,#7483,#7484,#7485
      ,#7486,#7487,#7488,#7489,#7490,#7491,#7492,#7493,#7494,#7495,#7496
      ,#7497,#7498,#7499,#7500,#7501,#7502,#7503,#7504,#7505,#7506,#7507
      ,#7508,#7509,#7510,#7511,#7512,#7513,#7514,#7515,#7516,#7517,#7518
      ,#7519,#7520,#7521,#7522,#7523,#7524,#7525,#7526,#7527,#7528,#7529
      ,#7530,#7531,#7532,#7533,#7534,#7535,#7536,#7537,#7538,#7539,#7540
      )
    ,(#7541,#7542,#7543,#7544,#7545,#7546,#7547,#7548,#7549,#7550,#7551
      ,#7552,#7553,#7554,#7555,#7556,#7557,#7558,#7559,#7560,#7561,#7562
      ,#7563,#7564,#7565,#7566,#7567,#7568,#7569,#7570,#7571,#7572,#7573
      ,#7574,#7575,#7576,#7577,#7578,#7579,#7580,#7581,#7582,#7583,#7584
      ,#7585,#7586,#7587,#7588,#7589,#7590,#7591,#7592,#7593,#7594,#7595
      ,#7596,#7597,#7598,#7599,#7600,#7601,#7602,#7603,#7604,#7605,#7606
      )
    ,(#7607,#7608,#7609,#7610,#7611,#7612,#7613,#7614,#7615,#7616,#7617
      ,#7618,#7619,#7620,#7621,#7622,#7623,#7624,#7625,#7626,#7627,#7628
      ,#7629,#7630,#7631,#7632,#7633,#7634,#7635,#7636,#7637,#7638,#7639
      ,#7640,#7641,#7642,#7643,#7644,#7645,#7646,#7647,#7648,#7649,#7650
      ,#7651,#7652,#7653,#7654,#7655,#7656,#7657,#7658,#7659,#7660,#7661
      ,#7662,#7663,#7664,#7665,#7666,#7667,#7668,#7669,#7670,#7671,#7672
      )),.UNSPECIFIED.,.F.,.F.,.F.,(4,4),(4,1,1,1,1,1,1,1,1,1,1,1,1,1,1,
    1,1,1,1,1,1,1,1,1,1,1,1,1,1,1,1,1,1,1,1,1,1,1,1,1,1,1,1,1,1,1,1,1,1,
    1,1,1,1,1,1,1,1,1,1,1,1,1,1,4),(0.,3.215840999386E-02),(
    14.398400126972,15.395277263991,16.39215440101,17.389031538029,
    18.385908675048,19.382785812067,20.379662949087,21.376540086106,
    22.373417223125,23.370294360144,24.367171497163,25.364048634182,
    26.360925771202,27.357802908221,28.35468004524,29.351557182259,
    30.348434319278,31.345311456298,32.342188593317,33.339065730336,
    34.335942867355,35.332820004374,36.329697141393,37.326574278413,
    38.323451415432,39.320328552451,40.31720568947,41.314082826489,
    42.310959963508,43.307837100528,44.304714237547,45.301591374566,
    46.298468511585,47.295345648604,48.292222785624,49.289099922643,
    50.285977059662,51.282854196681,52.2797313337,53.276608470719,
    54.273485607739,55.270362744758,56.267239881777,57.264117018796,
    58.260994155815,59.257871292834,60.254748429853,61.251625566873,
    62.248502703892,63.245379840911,64.24225697793,65.239134114949,
    66.236011251969,67.232888388988,68.229765526007,69.226642663026,
    70.223519800045,71.220396937064,72.217274074084,73.214151211103,
    74.211028348122,75.207905485141,76.20478262216,77.201659759179),
  .UNSPECIFIED.);
#7409 = CARTESIAN_POINT('',(-72.74838091029,50.891050236085,
    -59.68119878155));
#7410 = CARTESIAN_POINT('',(-72.61595779771,50.86460724875,
    -60.17653022631));
#7411 = CARTESIAN_POINT('',(-71.82001760936,50.81172127408,
    -61.01615469413));
#7412 = CARTESIAN_POINT('',(-70.1045645898,50.732392312074,
    -60.69640031816));
#7413 = CARTESIAN_POINT('',(-69.44574667763,50.653063350068,
    -59.08167789386));
#7414 = CARTESIAN_POINT('',(-70.44212503576,50.573734388062,
    -57.65195993719));
#7415 = CARTESIAN_POINT('',(-72.184671657,50.494405426056,
    -57.71235375088));
#7416 = CARTESIAN_POINT('',(-73.07957691036,50.41507646405,
    -59.20855196377));
#7417 = CARTESIAN_POINT('',(-72.30918835488,50.335747502044,
    -60.77237625222));
#7418 = CARTESIAN_POINT('',(-70.5775492868,50.256418540038,
    -60.97447539522));
#7419 = CARTESIAN_POINT('',(-69.46772754914,50.177089578032,
    -59.62999933167));
#7420 = CARTESIAN_POINT('',(-69.99421353127,50.097760616026,
    -57.96804364586));
#7421 = CARTESIAN_POINT('',(-71.67574574173,50.01843165402,
    -57.50785301698));
#7422 = CARTESIAN_POINT('',(-72.97514863691,49.939102692014,
    -58.67012001231));
#7423 = CARTESIAN_POINT('',(-72.70458487093,49.859773730008,
    -60.39235838896));
#7424 = CARTESIAN_POINT('',(-71.11138636158,49.780444768002,
    -61.10019513779));
#7425 = CARTESIAN_POINT('',(-69.65196893509,49.701115805996,
    -60.14656347384));
#7426 = CARTESIAN_POINT('',(-69.66045122292,49.62178684399,
    -58.40322171482));
#7427 = CARTESIAN_POINT('',(-71.12907947977,49.542457881984,
    -57.46383682585));
#7428 = CARTESIAN_POINT('',(-72.71531428336,49.463128919978,
    -58.18714301952));
#7429 = CARTESIAN_POINT('',(-72.96910697941,49.383799957972,
    -59.91193343372));
#7430 = CARTESIAN_POINT('',(-71.65845419275,49.304470995966,
    -61.0614994514));
#7431 = CARTESIAN_POINT('',(-69.98148272147,49.225142033961,
    -60.5849709494));
#7432 = CARTESIAN_POINT('',(-69.47118775869,49.145813071954,
    -58.91796411611));
#7433 = CARTESIAN_POINT('',(-70.59405293209,49.066484109949,
    -57.58436502389));
#7434 = CARTESIAN_POINT('',(-72.32361657862,48.987155147943,
    -57.80327670858));
#7435 = CARTESIAN_POINT('',(-73.07880662052,48.907826185937,
    -59.37458213217));
#7436 = CARTESIAN_POINT('',(-72.16926980456,48.828497223931,
    -60.86188019057));
#7437 = CARTESIAN_POINT('',(-70.42645472614,48.749168261925,
    -60.90556469763));
#7438 = CARTESIAN_POINT('',(-69.44354719493,48.669839299919,
    -59.46570167674));
#7439 = CARTESIAN_POINT('',(-70.11906728373,48.590510337913,
    -57.85853480815));
#7440 = CARTESIAN_POINT('',(-71.83549163446,48.511181375907,
    -57.55324775955));
#7441 = CARTESIAN_POINT('',(-73.02375939093,48.431852413901,
    -58.82891718097));
#7442 = CARTESIAN_POINT('',(-72.59762144316,48.352523451895,
    -60.5193961614));
#7443 = CARTESIAN_POINT('',(-70.94662969472,48.273194489889,
    -61.07934167697));
#7444 = CARTESIAN_POINT('',(-69.58003011108,48.193865527883,
    -59.99688229583));
#7445 = CARTESIAN_POINT('',(-69.74709296266,48.114536565877,
    -58.26154292341));
#7446 = CARTESIAN_POINT('',(-71.2950985675,48.035207603871,
    -57.45967548974));
#7447 = CARTESIAN_POINT('',(-72.80894523545,47.955878641865,
    -58.32430315507));
#7448 = CARTESIAN_POINT('',(-72.90475750012,47.876549679859,
    -60.06503080294));
#7449 = CARTESIAN_POINT('',(-71.49494905215,47.797220717853,
    -61.09058083762));
#7450 = CARTESIAN_POINT('',(-69.86828933237,47.717891755848,
    -60.46345175271));
#7451 = CARTESIAN_POINT('',(-69.5117813019,47.638562793842,
    -58.75693050743));
#7452 = CARTESIAN_POINT('',(-70.75132501949,47.559233831836,
    -57.53102508553));
#7453 = CARTESIAN_POINT('',(-72.45379770666,47.47990486983,
    -57.90639087796));
#7454 = CARTESIAN_POINT('',(-73.06289235473,47.400575907824,
    -59.5398891075));
#7455 = CARTESIAN_POINT('',(-72.0218080884,47.321246945818,
    -60.93826540017));
#7456 = CARTESIAN_POINT('',(-70.28224696902,47.241917983812,
    -60.82320101027));
#7457 = CARTESIAN_POINT('',(-69.43442018874,47.162589021806,
    -59.2998813862));
#7458 = CARTESIAN_POINT('',(-70.25336447375,47.0832600598,
    -57.76084184934));
#7459 = CARTESIAN_POINT('',(-71.99044582898,47.003931097794,
    -57.61298739213));
#7460 = CARTESIAN_POINT('',(-73.05772013772,46.924602135788,
    -58.99147928659));
#7461 = CARTESIAN_POINT('',(-72.47954336118,46.845273173782,
    -60.63617421044));
#7462 = CARTESIAN_POINT('',(-70.78445396604,46.765944211776,
    -61.04358603514));
#7463 = CARTESIAN_POINT('',(-69.5220074614,46.68661524977,
    -59.84127375762));
#7464 = CARTESIAN_POINT('',(-69.84626743914,46.607286287764,
    -58.12834070061));
#7465 = CARTESIAN_POINT('',(-71.46080426074,46.527957325758,
    -57.47062417615));
#7466 = CARTESIAN_POINT('',(-72.88971560682,46.448628363752,
    -58.46943861874));
#7467 = CARTESIAN_POINT('',(-72.8267308742,46.369299401746,
    -60.21158610245));
#7468 = CARTESIAN_POINT('',(-71.32950647694,46.28997043974,
    -61.10477343385));
#7469 = CARTESIAN_POINT('',(-69.76655894457,46.210641477734,
    -60.33191435809));
#7470 = CARTESIAN_POINT('',(-69.56698714789,46.131312515729,
    -58.60071986695));
#7471 = CARTESIAN_POINT('',(-70.91252097025,46.051983553723,
    -57.49125680681));
#7472 = CARTESIAN_POINT('',(-72.57455965851,45.972654591717,
    -58.02290454921));
#7473 = CARTESIAN_POINT('',(-72.87737259729,45.919768617046,
    -59.13950400939));
#7474 = CARTESIAN_POINT('',(-72.75916491447,45.893325629711,
    -59.63841889657));
#7475 = CARTESIAN_POINT('',(-72.6586972063,50.944647586075,
    -59.6572225221));
#7476 = CARTESIAN_POINT('',(-72.53424122202,50.91820459874,
    -60.12275275551));
#7477 = CARTESIAN_POINT('',(-71.78618812428,50.865318624069,
    -60.91186190376));
#7478 = CARTESIAN_POINT('',(-70.17394393296,50.785989662063,
    -60.61134528837));
#7479 = CARTESIAN_POINT('',(-69.55476326178,50.706660700057,
    -59.09377131841));
#7480 = CARTESIAN_POINT('',(-70.49119533071,50.627331738051,
    -57.75007117357));
#7481 = CARTESIAN_POINT('',(-72.12890305931,50.548002776046,
    -57.80683144284));
#7482 = CARTESIAN_POINT('',(-72.96996706984,50.468673814039,
    -59.21301211365));
#7483 = CARTESIAN_POINT('',(-72.24592831187,50.389344852034,
    -60.68275019247));
#7484 = CARTESIAN_POINT('',(-70.61847189241,50.310015890028,
    -60.8726902058));
#7485 = CARTESIAN_POINT('',(-69.57542167213,50.230686928022,
    -59.60910344526));
#7486 = CARTESIAN_POINT('',(-70.07023205563,50.151357966016,
    -58.04713796436));
#7487 = CARTESIAN_POINT('',(-71.65059625559,50.07202900401,
    -57.61463432838));
#7488 = CARTESIAN_POINT('',(-72.87182163807,49.992700042004,
    -58.70697448029));
#7489 = CARTESIAN_POINT('',(-72.61753611984,49.913371079998,
    -60.32559579323));
#7490 = CARTESIAN_POINT('',(-71.12019109609,49.834042117992,
    -60.99084612285));
#7491 = CARTESIAN_POINT('',(-69.74857832575,49.754713155986,
    -60.0945889282));
#7492 = CARTESIAN_POINT('',(-69.75655028366,49.67538419398,
    -58.45613390063));
#7493 = CARTESIAN_POINT('',(-71.1368197223,49.596055231974,
    -57.5732663354));
#7494 = CARTESIAN_POINT('',(-72.62762000594,49.516726269968,
    -58.25305540335));
#7495 = CARTESIAN_POINT('',(-72.86614347195,49.437397307962,
    -59.87407521259));
#7496 = CARTESIAN_POINT('',(-71.63434503852,49.358068345956,
    -60.95447853079));
#7497 = CARTESIAN_POINT('',(-70.0582671846,49.27873938395,
    -60.50661997647));
#7498 = CARTESIAN_POINT('',(-69.57867370101,49.199410421944,
    -58.93990724624));
#7499 = CARTESIAN_POINT('',(-70.63398260937,49.120081459938,
    -57.68654305296));
#7500 = CARTESIAN_POINT('',(-72.25948847333,49.040752497932,
    -57.89228409513));
#7501 = CARTESIAN_POINT('',(-72.96924312386,48.961423535926,
    -59.36905321273));
#7502 = CARTESIAN_POINT('',(-72.11442784672,48.88209457392,
    -60.76686919956));
#7503 = CARTESIAN_POINT('',(-70.47646781245,48.802765611915,
    -60.80792546397));
#7504 = CARTESIAN_POINT('',(-69.55269610916,48.723436649909,
    -59.45469062441));
#7505 = CARTESIAN_POINT('',(-70.18757408417,48.644107687903,
    -57.94421763633));
#7506 = CARTESIAN_POINT('',(-71.80073116731,48.564778725897,
    -57.65729793338));
#7507 = CARTESIAN_POINT('',(-72.91750776583,48.485449763891,
    -58.85621774714));
#7508 = CARTESIAN_POINT('',(-72.51700805924,48.406120801885,
    -60.44499044197));
#7509 = CARTESIAN_POINT('',(-70.96534687938,48.326791839879,
    -60.97124729345));
#7510 = CARTESIAN_POINT('',(-69.68096764226,48.247462877873,
    -59.95391319588));
#7511 = CARTESIAN_POINT('',(-69.83797929397,48.168133915867,
    -58.32297909786));
#7512 = CARTESIAN_POINT('',(-71.29285040736,48.088804953861,
    -57.56935536267));
#7513 = CARTESIAN_POINT('',(-72.71561772836,48.009475991855,
    -58.3819634115));
#7514 = CARTESIAN_POINT('',(-72.80566552647,47.930147029849,
    -60.01796160378));
#7515 = CARTESIAN_POINT('',(-71.48067705101,47.850818067843,
    -60.98181025919));
#7516 = CARTESIAN_POINT('',(-69.9518839832,47.771489105837,
    -60.39241188288));
#7517 = CARTESIAN_POINT('',(-69.61682496687,47.692160143831,
    -58.78856209296));
#7518 = CARTESIAN_POINT('',(-70.78179255023,47.612831181825,
    -57.63641226837));
#7519 = CARTESIAN_POINT('',(-72.38183736025,47.533502219819,
    -57.98919448483));
#7520 = CARTESIAN_POINT('',(-72.95428632685,47.454173257814,
    -59.52441462905));
#7521 = CARTESIAN_POINT('',(-71.97583804415,47.374844295807,
    -60.83865875548));
#7522 = CARTESIAN_POINT('',(-70.34093619712,47.295515333802,
    -60.73051712051));
#7523 = CARTESIAN_POINT('',(-69.54411822183,47.216186371796,
    -59.29884677605));
#7524 = CARTESIAN_POINT('',(-70.31379139356,47.13685740979,
    -57.85240229451));
#7525 = CARTESIAN_POINT('',(-71.94636266942,47.057528447784,
    -57.71344337982));
#7526 = CARTESIAN_POINT('',(-72.94942529205,46.978199485778,
    -59.0089994366));
#7527 = CARTESIAN_POINT('',(-72.40603404851,46.898870523772,
    -60.55474263518));
#7528 = CARTESIAN_POINT('',(-70.8129283208,46.819541561766,
    -60.93764286057));
#7529 = CARTESIAN_POINT('',(-69.62643587785,46.74021259976,
    -59.80766671813));
#7530 = CARTESIAN_POINT('',(-69.93118701917,46.660883637754,
    -58.19779087788));
#7531 = CARTESIAN_POINT('',(-71.44858655306,46.581554675748,
    -57.57964533031));
#7532 = CARTESIAN_POINT('',(-72.79152861638,46.502225713742,
    -58.51836691867));
#7533 = CARTESIAN_POINT('',(-72.7323333087,46.422896751736,
    -60.15569952353));
#7534 = CARTESIAN_POINT('',(-71.32518819306,46.34356778973,
    -60.99514896947));
#7535 = CARTESIAN_POINT('',(-69.856274121,46.264238827724,
    -60.26878832805));
#7536 = CARTESIAN_POINT('',(-69.66870939828,46.184909865718,
    -58.64174973793));
#7537 = CARTESIAN_POINT('',(-70.93329027842,46.105580903712,
    -57.59903661562));
#7538 = CARTESIAN_POINT('',(-72.49533376801,46.026251941706,
    -58.09869820631));
#7539 = CARTESIAN_POINT('',(-72.77992821393,45.973365967036,
    -59.14811837299));
#7540 = CARTESIAN_POINT('',(-72.66883239969,45.9469229797,
    -59.61701645392));
#7541 = CARTESIAN_POINT('',(-72.56901350232,50.998244936065,
    -59.63324626266));
#7542 = CARTESIAN_POINT('',(-72.45252464632,50.97180194873,
    -60.06897528472));
#7543 = CARTESIAN_POINT('',(-71.7523586392,50.918915974059,
    -60.80756911339));
#7544 = CARTESIAN_POINT('',(-70.24332327612,50.839587012053,
    -60.52629025858));
#7545 = CARTESIAN_POINT('',(-69.66377984593,50.760258050047,
    -59.10586474297));
#7546 = CARTESIAN_POINT('',(-70.54026562565,50.680929088041,
    -57.84818240995));
#7547 = CARTESIAN_POINT('',(-72.07313446162,50.601600126035,
    -57.9013091348));
#7548 = CARTESIAN_POINT('',(-72.86035722931,50.522271164029,
    -59.21747226353));
#7549 = CARTESIAN_POINT('',(-72.18266826886,50.442942202023,
    -60.59312413273));
#7550 = CARTESIAN_POINT('',(-70.65939449803,50.363613240017,
    -60.77090501637));
#7551 = CARTESIAN_POINT('',(-69.68311579512,50.284284278011,
    -59.58820755886));
#7552 = CARTESIAN_POINT('',(-70.14625058,50.204955316006,-58.12623228286
    ));
#7553 = CARTESIAN_POINT('',(-71.62544676946,50.125626354,-57.72141563978
    ));
#7554 = CARTESIAN_POINT('',(-72.76849463923,50.046297391994,
    -58.74382894827));
#7555 = CARTESIAN_POINT('',(-72.53048736875,49.966968429988,
    -60.25883319751));
#7556 = CARTESIAN_POINT('',(-71.1289958306,49.887639467982,
    -60.8814971079));
#7557 = CARTESIAN_POINT('',(-69.8451877164,49.808310505976,
    -60.04261438256));
#7558 = CARTESIAN_POINT('',(-69.8526493444,49.72898154397,
    -58.50904608644));
#7559 = CARTESIAN_POINT('',(-71.14455996482,49.649652581964,
    -57.68269584495));
#7560 = CARTESIAN_POINT('',(-72.53992572853,49.570323619958,
    -58.31896778718));
#7561 = CARTESIAN_POINT('',(-72.7631799645,49.490994657952,
    -59.83621699147));
#7562 = CARTESIAN_POINT('',(-71.61023588429,49.411665695946,
    -60.84745761018));
#7563 = CARTESIAN_POINT('',(-70.13505164773,49.33233673394,
    -60.42826900353));
#7564 = CARTESIAN_POINT('',(-69.68615964332,49.253007771934,
    -58.96185037636));
#7565 = CARTESIAN_POINT('',(-70.67391228666,49.173678809928,
    -57.78872108203));
#7566 = CARTESIAN_POINT('',(-72.19536036804,49.094349847922,
    -57.98129148169));
#7567 = CARTESIAN_POINT('',(-72.85967962719,49.015020885916,
    -59.36352429328));
#7568 = CARTESIAN_POINT('',(-72.05958588889,48.93569192391,
    -60.67185820856));
#7569 = CARTESIAN_POINT('',(-70.52648089876,48.856362961904,
    -60.71028623032));
#7570 = CARTESIAN_POINT('',(-69.66184502339,48.777033999898,
    -59.44367957207));
#7571 = CARTESIAN_POINT('',(-70.25608088461,48.697705037892,
    -58.02990046451));
#7572 = CARTESIAN_POINT('',(-71.76597070016,48.618376075887,
    -57.76134810721));
#7573 = CARTESIAN_POINT('',(-72.81125614072,48.53904711388,
    -58.88351831331));
#7574 = CARTESIAN_POINT('',(-72.43639467532,48.459718151875,
    -60.37058472254));
#7575 = CARTESIAN_POINT('',(-70.98406406403,48.380389189869,
    -60.86315290993));
#7576 = CARTESIAN_POINT('',(-69.78190517344,48.301060227863,
    -59.91094409592));
#7577 = CARTESIAN_POINT('',(-69.92886562529,48.221731265857,
    -58.38441527231));
#7578 = CARTESIAN_POINT('',(-71.29060224722,48.142402303851,
    -57.6790352356));
#7579 = CARTESIAN_POINT('',(-72.62229022127,48.063073341845,
    -58.43962366793));
#7580 = CARTESIAN_POINT('',(-72.70657355282,47.983744379839,
    -59.97089240462));
#7581 = CARTESIAN_POINT('',(-71.46640504987,47.904415417833,
    -60.87303968075));
#7582 = CARTESIAN_POINT('',(-70.03547863403,47.825086455827,
    -60.32137201306));
#7583 = CARTESIAN_POINT('',(-69.72186863185,47.745757493821,
    -58.82019367848));
#7584 = CARTESIAN_POINT('',(-70.81226008098,47.666428531815,
    -57.74179945121));
#7585 = CARTESIAN_POINT('',(-72.30987701383,47.587099569809,
    -58.0719980917));
#7586 = CARTESIAN_POINT('',(-72.84568029898,47.507770607803,
    -59.5089401506));
#7587 = CARTESIAN_POINT('',(-71.92986799989,47.428441645797,
    -60.7390521108));
#7588 = CARTESIAN_POINT('',(-70.39962542522,47.349112683791,
    -60.63783323076));
#7589 = CARTESIAN_POINT('',(-69.65381625493,47.269783721785,
    -59.29781216591));
#7590 = CARTESIAN_POINT('',(-70.37421831338,47.190454759779,
    -57.94396273967));
#7591 = CARTESIAN_POINT('',(-71.90227950986,47.111125797773,
    -57.8138993675));
#7592 = CARTESIAN_POINT('',(-72.84113044638,47.031796835768,
    -59.02651958661));
#7593 = CARTESIAN_POINT('',(-72.33252473585,46.952467873762,
    -60.47331105991));
#7594 = CARTESIAN_POINT('',(-70.84140267557,46.873138911756,
    -60.831699686));
#7595 = CARTESIAN_POINT('',(-69.73086429431,46.79380994975,
    -59.77405967865));
#7596 = CARTESIAN_POINT('',(-70.0161065992,46.714480987744,
    -58.26724105515));
#7597 = CARTESIAN_POINT('',(-71.43636884538,46.635152025738,
    -57.68866648448));
#7598 = CARTESIAN_POINT('',(-72.69334162594,46.555823063732,
    -58.5672952186));
#7599 = CARTESIAN_POINT('',(-72.6379357432,46.476494101726,
    -60.09981294461));
#7600 = CARTESIAN_POINT('',(-71.32086990919,46.39716513972,
    -60.88552450509));
#7601 = CARTESIAN_POINT('',(-69.94598929743,46.317836177714,
    -60.20566229802));
#7602 = CARTESIAN_POINT('',(-69.77043164867,46.238507215708,
    -58.68277960891));
#7603 = CARTESIAN_POINT('',(-70.9540595866,46.159178253702,
    -57.70681642444));
#7604 = CARTESIAN_POINT('',(-72.4161078775,46.079849291696,
    -58.17449186342));
#7605 = CARTESIAN_POINT('',(-72.68248383057,46.026963317025,
    -59.15673273659));
#7606 = CARTESIAN_POINT('',(-72.57849988491,46.00052032969,
    -59.59561401128));
#7607 = CARTESIAN_POINT('',(-72.47932979833,51.051842286055,
    -59.60927000322));
#7608 = CARTESIAN_POINT('',(-72.37080807062,51.025399298719,
    -60.01519781392));
#7609 = CARTESIAN_POINT('',(-71.71852915411,50.972513324049,
    -60.70327632303));
#7610 = CARTESIAN_POINT('',(-70.31270261929,50.893184362043,
    -60.44123522878));
#7611 = CARTESIAN_POINT('',(-69.77279643008,50.813855400037,
    -59.11795816752));
#7612 = CARTESIAN_POINT('',(-70.5893359206,50.734526438031,
    -57.94629364633));
#7613 = CARTESIAN_POINT('',(-72.01736586393,50.655197476025,
    -57.99578682676));
#7614 = CARTESIAN_POINT('',(-72.75074738879,50.575868514019,
    -59.22193241341));
#7615 = CARTESIAN_POINT('',(-72.11940822586,50.496539552013,
    -60.50349807299));
#7616 = CARTESIAN_POINT('',(-70.70031710364,50.417210590007,
    -60.66911982694));
#7617 = CARTESIAN_POINT('',(-69.79080991811,50.337881628001,
    -59.56731167245));
#7618 = CARTESIAN_POINT('',(-70.22226910437,50.258552665995,
    -58.20532660135));
#7619 = CARTESIAN_POINT('',(-71.60029728333,50.179223703989,
    -57.82819695118));
#7620 = CARTESIAN_POINT('',(-72.66516764039,50.099894741983,
    -58.78068341625));
#7621 = CARTESIAN_POINT('',(-72.44343861766,50.020565779978,
    -60.19207060178));
#7622 = CARTESIAN_POINT('',(-71.13780056512,49.941236817972,
    -60.77214809296));
#7623 = CARTESIAN_POINT('',(-69.94179710705,49.861907855965,
    -59.99063983692));
#7624 = CARTESIAN_POINT('',(-69.94874840515,49.78257889396,
    -58.56195827225));
#7625 = CARTESIAN_POINT('',(-71.15230020734,49.703249931954,
    -57.7921253545));
#7626 = CARTESIAN_POINT('',(-72.45223145111,49.623920969948,
    -58.38488017102));
#7627 = CARTESIAN_POINT('',(-72.66021645704,49.544592007942,
    -59.79835877034));
#7628 = CARTESIAN_POINT('',(-71.58612673006,49.465263045936,
    -60.74043668957));
#7629 = CARTESIAN_POINT('',(-70.21183611086,49.38593408393,
    -60.3499180306));
#7630 = CARTESIAN_POINT('',(-69.79364558563,49.306605121924,
    -58.98379350649));
#7631 = CARTESIAN_POINT('',(-70.71384196395,49.227276159918,
    -57.89089911109));
#7632 = CARTESIAN_POINT('',(-72.13123226275,49.147947197912,
    -58.07029886824));
#7633 = CARTESIAN_POINT('',(-72.75011613053,49.068618235906,
    -59.35799537384));
#7634 = CARTESIAN_POINT('',(-72.00474393106,48.9892892739,
    -60.57684721755));
#7635 = CARTESIAN_POINT('',(-70.57649398507,48.909960311894,
    -60.61264699666));
#7636 = CARTESIAN_POINT('',(-69.77099393762,48.830631349888,
    -59.43266851973));
#7637 = CARTESIAN_POINT('',(-70.32458768505,48.751302387882,
    -58.11558329269));
#7638 = CARTESIAN_POINT('',(-71.73121023301,48.671973425876,
    -57.86539828105));
#7639 = CARTESIAN_POINT('',(-72.70500451562,48.59264446387,
    -58.91081887948));
#7640 = CARTESIAN_POINT('',(-72.3557812914,48.513315501864,
    -60.29617900311));
#7641 = CARTESIAN_POINT('',(-71.00278124869,48.433986539858,
    -60.7550585264));
#7642 = CARTESIAN_POINT('',(-69.88284270462,48.354657577852,
    -59.86797499597));
#7643 = CARTESIAN_POINT('',(-70.0197519566,48.275328615847,
    -58.44585144676));
#7644 = CARTESIAN_POINT('',(-71.28835408708,48.195999653841,
    -57.78871510854));
#7645 = CARTESIAN_POINT('',(-72.52896271418,48.116670691835,
    -58.49728392436));
#7646 = CARTESIAN_POINT('',(-72.60748157917,48.037341729829,
    -59.92382320546));
#7647 = CARTESIAN_POINT('',(-71.45213304873,47.958012767823,
    -60.76426910232));
#7648 = CARTESIAN_POINT('',(-70.11907328486,47.878683805817,
    -60.25033214323));
#7649 = CARTESIAN_POINT('',(-69.82691229683,47.799354843811,
    -58.851825264));
#7650 = CARTESIAN_POINT('',(-70.84272761173,47.720025881805,
    -57.84718663406));
#7651 = CARTESIAN_POINT('',(-72.23791666742,47.640696919799,
    -58.15480169857));
#7652 = CARTESIAN_POINT('',(-72.7370742711,47.561367957793,
    -59.49346567215));
#7653 = CARTESIAN_POINT('',(-71.88389795563,47.482038995787,
    -60.63944546611));
#7654 = CARTESIAN_POINT('',(-70.45831465333,47.402710033781,
    -60.54514934101));
#7655 = CARTESIAN_POINT('',(-69.76351428802,47.323381071775,
    -59.29677755577));
#7656 = CARTESIAN_POINT('',(-70.43464523319,47.244052109769,
    -58.03552318483));
#7657 = CARTESIAN_POINT('',(-71.8581963503,47.164723147763,
    -57.91435535519));
#7658 = CARTESIAN_POINT('',(-72.73283560072,47.085394185757,
    -59.04403973662));
#7659 = CARTESIAN_POINT('',(-72.25901542318,47.006065223751,
    -60.39187948465));
#7660 = CARTESIAN_POINT('',(-70.86987703034,46.926736261745,
    -60.72575651143));
#7661 = CARTESIAN_POINT('',(-69.83529271076,46.84740729974,
    -59.74045263916));
#7662 = CARTESIAN_POINT('',(-70.10102617923,46.768078337733,
    -58.33669123242));
#7663 = CARTESIAN_POINT('',(-71.42415113769,46.688749375728,
    -57.79768763865));
#7664 = CARTESIAN_POINT('',(-72.59515463551,46.609420413722,
    -58.61622351853));
#7665 = CARTESIAN_POINT('',(-72.5435381777,46.530091451716,
    -60.04392636569));
#7666 = CARTESIAN_POINT('',(-71.31655162531,46.45076248971,
    -60.7759000407));
#7667 = CARTESIAN_POINT('',(-70.03570447386,46.371433527704,
    -60.14253626799));
#7668 = CARTESIAN_POINT('',(-69.87215389907,46.292104565698,
    -58.72380947989));
#7669 = CARTESIAN_POINT('',(-70.97482889477,46.212775603692,
    -57.81459623325));
#7670 = CARTESIAN_POINT('',(-72.336881987,46.133446641686,
    -58.25028552053));
#7671 = CARTESIAN_POINT('',(-72.5850394472,46.080560667015,
    -59.16534710018));
#7672 = CARTESIAN_POINT('',(-72.48816737013,46.05411767968,
    -59.57421156864));
#7673 = ADVANCED_FACE('',(#7674),#7728,.F.);
#7674 = FACE_BOUND('',#7675,.F.);
#7675 = EDGE_LOOP('',(#7676,#7687,#7695,#7701,#7702,#7703,#7704,#7705,
    #7713,#7722));
#7676 = ORIENTED_EDGE('',*,*,#7677,.T.);
#7677 = EDGE_CURVE('',#7678,#7680,#7682,.T.);
#7678 = VERTEX_POINT('',#7679);
#7679 = CARTESIAN_POINT('',(-74.21842575073,51.197065711105,
    -59.76671949172));
#7680 = VERTEX_POINT('',#7681);
#7681 = CARTESIAN_POINT('',(-71.69434558146,51.197065711105,
    -62.2507429122));
#7682 = CIRCLE('',#7683,3.);
#7683 = AXIS2_PLACEMENT_3D('',#7684,#7685,#7686);
#7684 = CARTESIAN_POINT('',(-71.25773148207,51.197065711105,
    -59.28268493969));
#7685 = DIRECTION('',(0.,-1.,2.22044604925E-16));
#7686 = DIRECTION('',(0.,2.22044604925E-16,1.));
#7687 = ORIENTED_EDGE('',*,*,#7688,.T.);
#7688 = EDGE_CURVE('',#7680,#7689,#7691,.T.);
#7689 = VERTEX_POINT('',#7690);
#7690 = CARTESIAN_POINT('',(-71.25773148207,51.191433469841,
    -62.2507429122));
#7691 = ( BOUNDED_CURVE() B_SPLINE_CURVE(2,(#7692,#7693,#7694),
.UNSPECIFIED.,.F.,.F.) B_SPLINE_CURVE_WITH_KNOTS((3,3),(0.,
4.366504253128E-02),.PIECEWISE_BEZIER_KNOTS.) CURVE() 
GEOMETRIC_REPRESENTATION_ITEM() RATIONAL_B_SPLINE_CURVE((1.,
1.005380964217,1.005380964217)) REPRESENTATION_ITEM('') );
#7692 = CARTESIAN_POINT('',(-71.69434558146,51.197065711105,
    -62.2507429122));
#7693 = CARTESIAN_POINT('',(-71.47487011654,51.191433469841,
    -62.2507429122));
#7694 = CARTESIAN_POINT('',(-71.25773148207,51.191433469841,
    -62.2507429122));
#7695 = ORIENTED_EDGE('',*,*,#7696,.T.);
#7696 = EDGE_CURVE('',#7689,#7257,#7697,.T.);
#7697 = LINE('',#7698,#7699);
#7698 = CARTESIAN_POINT('',(-71.25773148207,51.044057973595,
    -61.41493493969));
#7699 = VECTOR('',#7700,1.);
#7700 = DIRECTION('',(-1.206041662502E-16,-0.173648177667,0.984807753012
    ));
#7701 = ORIENTED_EDGE('',*,*,#7265,.F.);
#7702 = ORIENTED_EDGE('',*,*,#1797,.F.);
#7703 = ORIENTED_EDGE('',*,*,#7256,.F.);
#7704 = ORIENTED_EDGE('',*,*,#7696,.F.);
#7705 = ORIENTED_EDGE('',*,*,#7706,.T.);
#7706 = EDGE_CURVE('',#7689,#7707,#7709,.T.);
#7707 = VERTEX_POINT('',#7708);
#7708 = CARTESIAN_POINT('',(-70.82111738268,51.197065711105,
    -62.2507429122));
#7709 = ( BOUNDED_CURVE() B_SPLINE_CURVE(2,(#7710,#7711,#7712),
.UNSPECIFIED.,.F.,.F.) B_SPLINE_CURVE_WITH_KNOTS((3,3),(
    4.366504253128E-02,8.733008506257E-02),.PIECEWISE_BEZIER_KNOTS.) 
CURVE() GEOMETRIC_REPRESENTATION_ITEM() RATIONAL_B_SPLINE_CURVE((
1.005380964217,1.005380964217,1.)) REPRESENTATION_ITEM('') );
#7710 = CARTESIAN_POINT('',(-71.25773148207,51.191433469841,
    -62.2507429122));
#7711 = CARTESIAN_POINT('',(-71.0405928476,51.191433469841,
    -62.2507429122));
#7712 = CARTESIAN_POINT('',(-70.82111738268,51.197065711105,
    -62.2507429122));
#7713 = ORIENTED_EDGE('',*,*,#7714,.T.);
#7714 = EDGE_CURVE('',#7707,#7715,#7717,.T.);
#7715 = VERTEX_POINT('',#7716);
#7716 = CARTESIAN_POINT('',(-74.21842575073,51.197065711105,
    -58.79865038765));
#7717 = CIRCLE('',#7718,3.);
#7718 = AXIS2_PLACEMENT_3D('',#7719,#7720,#7721);
#7719 = CARTESIAN_POINT('',(-71.25773148207,51.197065711105,
    -59.28268493969));
#7720 = DIRECTION('',(0.,-1.,2.22044604925E-16));
#7721 = DIRECTION('',(0.,2.22044604925E-16,1.));
#7722 = ORIENTED_EDGE('',*,*,#7723,.T.);
#7723 = EDGE_CURVE('',#7715,#7678,#7724,.T.);
#7724 = ( BOUNDED_CURVE() B_SPLINE_CURVE(2,(#7725,#7726,#7727),
.UNSPECIFIED.,.F.,.F.) B_SPLINE_CURVE_WITH_KNOTS((3,3),(0.,
9.681683358257E-02),.PIECEWISE_BEZIER_KNOTS.) CURVE() 
GEOMETRIC_REPRESENTATION_ITEM() RATIONAL_B_SPLINE_CURVE((1.,
1.013275849439,1.)) REPRESENTATION_ITEM('') );
#7725 = CARTESIAN_POINT('',(-74.21842575073,51.197065711105,
    -58.79865038765));
#7726 = CARTESIAN_POINT('',(-74.21842575073,51.183295194138,
    -59.28268493969));
#7727 = CARTESIAN_POINT('',(-74.21842575073,51.197065711105,
    -59.76671949172));
#7728 = CONICAL_SURFACE('',#7729,2.13225,1.396263401595);
#7729 = AXIS2_PLACEMENT_3D('',#7730,#7731,#7732);
#7730 = CARTESIAN_POINT('',(-71.25773148207,51.044057973595,
    -59.28268493969));
#7731 = DIRECTION('',(0.,1.,-2.22044604925E-16));
#7732 = DIRECTION('',(0.,2.22044604925E-16,1.));
#7733 = ADVANCED_FACE('',(#7734),#7740,.F.);
#7734 = FACE_BOUND('',#7735,.F.);
#7735 = EDGE_LOOP('',(#7736,#7737,#7738,#7739));
#7736 = ORIENTED_EDGE('',*,*,#6707,.F.);
#7737 = ORIENTED_EDGE('',*,*,#1757,.T.);
#7738 = ORIENTED_EDGE('',*,*,#7294,.F.);
#7739 = ORIENTED_EDGE('',*,*,#1824,.F.);
#7740 = CYLINDRICAL_SURFACE('',#7741,1.2645);
#7741 = AXIS2_PLACEMENT_3D('',#7742,#7743,#7744);
#7742 = CARTESIAN_POINT('',(-71.25773148207,43.697065711105,
    -59.28268493969));
#7743 = DIRECTION('',(0.,-1.,2.22044604925E-16));
#7744 = DIRECTION('',(0.,2.22044604925E-16,1.));
#7745 = ADVANCED_FACE('',(#7746,#7779,#7782,#7793,#7827,#7838,#7849,
    #7860,#7871,#7882,#7893,#7904,#7915,#7926,#7937,#7948,#7959,#7970,
    #7981,#7992,#8003,#8014,#8025,#8036,#8047,#8058,#8069,#8080,#8091,
    #8102,#8113,#8124,#8135,#8146,#8157),#8160,.T.);
#7746 = FACE_BOUND('',#7747,.T.);
#7747 = EDGE_LOOP('',(#7748,#7749,#7757,#7765,#7773));
#7748 = ORIENTED_EDGE('',*,*,#7714,.T.);
#7749 = ORIENTED_EDGE('',*,*,#7750,.F.);
#7750 = EDGE_CURVE('',#7751,#7715,#7753,.T.);
#7751 = VERTEX_POINT('',#7752);
#7752 = CARTESIAN_POINT('',(-74.21842575073,51.197065711105,
    69.370550489982));
#7753 = LINE('',#7754,#7755);
#7754 = CARTESIAN_POINT('',(-74.21842575073,51.197065711105,
    69.370550489982));
#7755 = VECTOR('',#7756,1.);
#7756 = DIRECTION('',(0.,-2.22044604925E-16,-1.));
#7757 = ORIENTED_EDGE('',*,*,#7758,.T.);
#7758 = EDGE_CURVE('',#7751,#7759,#7761,.T.);
#7759 = VERTEX_POINT('',#7760);
#7760 = CARTESIAN_POINT('',(74.218425750732,51.197065711105,
    69.370550489982));
#7761 = LINE('',#7762,#7763);
#7762 = CARTESIAN_POINT('',(-74.21842575073,51.197065711105,
    69.370550489982));
#7763 = VECTOR('',#7764,1.);
#7764 = DIRECTION('',(1.,0.,0.));
#7765 = ORIENTED_EDGE('',*,*,#7766,.T.);
#7766 = EDGE_CURVE('',#7759,#7767,#7769,.T.);
#7767 = VERTEX_POINT('',#7768);
#7768 = CARTESIAN_POINT('',(74.218425750732,51.197065711105,
    -62.2507429122));
#7769 = LINE('',#7770,#7771);
#7770 = CARTESIAN_POINT('',(74.218425750732,51.197065711105,
    69.370550489982));
#7771 = VECTOR('',#7772,1.);
#7772 = DIRECTION('',(0.,-2.22044604925E-16,-1.));
#7773 = ORIENTED_EDGE('',*,*,#7774,.F.);
#7774 = EDGE_CURVE('',#7707,#7767,#7775,.T.);
#7775 = LINE('',#7776,#7777);
#7776 = CARTESIAN_POINT('',(-74.21842575073,51.197065711105,
    -62.2507429122));
#7777 = VECTOR('',#7778,1.);
#7778 = DIRECTION('',(1.,0.,0.));
#7779 = FACE_BOUND('',#7780,.T.);
#7780 = EDGE_LOOP('',(#7781));
#7781 = ORIENTED_EDGE('',*,*,#6634,.T.);
#7782 = FACE_BOUND('',#7783,.T.);
#7783 = EDGE_LOOP('',(#7784));
#7784 = ORIENTED_EDGE('',*,*,#7785,.T.);
#7785 = EDGE_CURVE('',#7786,#7786,#7788,.T.);
#7786 = VERTEX_POINT('',#7787);
#7787 = CARTESIAN_POINT('',(71.087496742066,51.197065711105,
    -62.23546472472));
#7788 = CIRCLE('',#7789,3.);
#7789 = AXIS2_PLACEMENT_3D('',#7790,#7791,#7792);
#7790 = CARTESIAN_POINT('',(71.087496742066,51.197065711105,
    -59.23546472472));
#7791 = DIRECTION('',(0.,-1.,2.22044604925E-16));
#7792 = DIRECTION('',(0.,2.22044604925E-16,1.));
#7793 = FACE_BOUND('',#7794,.T.);
#7794 = EDGE_LOOP('',(#7795,#7805,#7813,#7821));
#7795 = ORIENTED_EDGE('',*,*,#7796,.T.);
#7796 = EDGE_CURVE('',#7797,#7799,#7801,.T.);
#7797 = VERTEX_POINT('',#7798);
#7798 = CARTESIAN_POINT('',(37.200001761418,51.197065711105,
    57.989052733302));
#7799 = VERTEX_POINT('',#7800);
#7800 = CARTESIAN_POINT('',(-37.20000176141,51.197065711105,
    57.989052733302));
#7801 = LINE('',#7802,#7803);
#7802 = CARTESIAN_POINT('',(-55.70921375607,51.197065711105,
    57.989052733302));
#7803 = VECTOR('',#7804,1.);
#7804 = DIRECTION('',(-1.,0.,0.));
#7805 = ORIENTED_EDGE('',*,*,#7806,.T.);
#7806 = EDGE_CURVE('',#7799,#7807,#7809,.T.);
#7807 = VERTEX_POINT('',#7808);
#7808 = CARTESIAN_POINT('',(-37.20000176141,51.197065711105,
    9.089054806522));
#7809 = LINE('',#7810,#7811);
#7810 = CARTESIAN_POINT('',(-37.20000176141,51.197065711105,
    63.679801611662));
#7811 = VECTOR('',#7812,1.);
#7812 = DIRECTION('',(0.,-2.22044604925E-16,-1.));
#7813 = ORIENTED_EDGE('',*,*,#7814,.F.);
#7814 = EDGE_CURVE('',#7815,#7807,#7817,.T.);
#7815 = VERTEX_POINT('',#7816);
#7816 = CARTESIAN_POINT('',(37.200001761418,51.197065711105,
    9.089054806522));
#7817 = LINE('',#7818,#7819);
#7818 = CARTESIAN_POINT('',(-55.70921375607,51.197065711105,
    9.089054806522));
#7819 = VECTOR('',#7820,1.);
#7820 = DIRECTION('',(-1.,0.,0.));
#7821 = ORIENTED_EDGE('',*,*,#7822,.F.);
#7822 = EDGE_CURVE('',#7797,#7815,#7823,.T.);
#7823 = LINE('',#7824,#7825);
#7824 = CARTESIAN_POINT('',(37.200001761418,51.197065711105,
    63.679801611662));
#7825 = VECTOR('',#7826,1.);
#7826 = DIRECTION('',(0.,-2.22044604925E-16,-1.));
#7827 = FACE_BOUND('',#7828,.T.);
#7828 = EDGE_LOOP('',(#7829));
#7829 = ORIENTED_EDGE('',*,*,#7830,.T.);
#7830 = EDGE_CURVE('',#7831,#7831,#7833,.T.);
#7831 = VERTEX_POINT('',#7832);
#7832 = CARTESIAN_POINT('',(-66.19724763239,51.197065711105,
    -11.01067461356));
#7833 = CIRCLE('',#7834,4.896087989241);
#7834 = AXIS2_PLACEMENT_3D('',#7835,#7836,#7837);
#7835 = CARTESIAN_POINT('',(-61.30115964315,51.197065711105,
    -11.01067461356));
#7836 = DIRECTION('',(0.,-1.,2.22044604925E-16));
#7837 = DIRECTION('',(1.,0.,0.));
#7838 = FACE_BOUND('',#7839,.T.);
#7839 = EDGE_LOOP('',(#7840));
#7840 = ORIENTED_EDGE('',*,*,#7841,.T.);
#7841 = EDGE_CURVE('',#7842,#7842,#7844,.T.);
#7842 = VERTEX_POINT('',#7843);
#7843 = CARTESIAN_POINT('',(-52.59364200438,51.197065711105,
    -11.01067461356));
#7844 = CIRCLE('',#7845,4.896087989241);
#7845 = AXIS2_PLACEMENT_3D('',#7846,#7847,#7848);
#7846 = CARTESIAN_POINT('',(-47.69755401514,51.197065711105,
    -11.01067461356));
#7847 = DIRECTION('',(0.,-1.,2.22044604925E-16));
#7848 = DIRECTION('',(1.,0.,0.));
#7849 = FACE_BOUND('',#7850,.T.);
#7850 = EDGE_LOOP('',(#7851));
#7851 = ORIENTED_EDGE('',*,*,#7852,.T.);
#7852 = EDGE_CURVE('',#7853,#7853,#7855,.T.);
#7853 = VERTEX_POINT('',#7854);
#7854 = CARTESIAN_POINT('',(-39.0297475001,51.197065711105,
    -11.01067461356));
#7855 = CIRCLE('',#7856,4.896087989241);
#7856 = AXIS2_PLACEMENT_3D('',#7857,#7858,#7859);
#7857 = CARTESIAN_POINT('',(-34.13365951086,51.197065711105,
    -11.01067461356));
#7858 = DIRECTION('',(0.,-1.,2.22044604925E-16));
#7859 = DIRECTION('',(1.,0.,0.));
#7860 = FACE_BOUND('',#7861,.T.);
#7861 = EDGE_LOOP('',(#7862));
#7862 = ORIENTED_EDGE('',*,*,#7863,.T.);
#7863 = EDGE_CURVE('',#7864,#7864,#7866,.T.);
#7864 = VERTEX_POINT('',#7865);
#7865 = CARTESIAN_POINT('',(-25.52879914225,51.197065711105,
    -11.01067461356));
#7866 = CIRCLE('',#7867,4.896087989241);
#7867 = AXIS2_PLACEMENT_3D('',#7868,#7869,#7870);
#7868 = CARTESIAN_POINT('',(-20.63271115301,51.197065711105,
    -11.01067461356));
#7869 = DIRECTION('',(0.,-1.,2.22044604925E-16));
#7870 = DIRECTION('',(1.,0.,0.));
#7871 = FACE_BOUND('',#7872,.T.);
#7872 = EDGE_LOOP('',(#7873));
#7873 = ORIENTED_EDGE('',*,*,#7874,.T.);
#7874 = EDGE_CURVE('',#7875,#7875,#7877,.T.);
#7875 = VERTEX_POINT('',#7876);
#7876 = CARTESIAN_POINT('',(-11.93343590082,51.197065711105,
    -11.01067461356));
#7877 = CIRCLE('',#7878,4.896087989241);
#7878 = AXIS2_PLACEMENT_3D('',#7879,#7880,#7881);
#7879 = CARTESIAN_POINT('',(-7.037347911585,51.197065711105,
    -11.01067461356));
#7880 = DIRECTION('',(0.,-1.,2.22044604925E-16));
#7881 = DIRECTION('',(1.,0.,0.));
#7882 = FACE_BOUND('',#7883,.T.);
#7883 = EDGE_LOOP('',(#7884));
#7884 = ORIENTED_EDGE('',*,*,#7885,.T.);
#7885 = EDGE_CURVE('',#7886,#7886,#7888,.T.);
#7886 = VERTEX_POINT('',#7887);
#7887 = CARTESIAN_POINT('',(-66.19724763239,51.197065711105,
    -23.06219229675));
#7888 = CIRCLE('',#7889,4.896087989241);
#7889 = AXIS2_PLACEMENT_3D('',#7890,#7891,#7892);
#7890 = CARTESIAN_POINT('',(-61.30115964315,51.197065711105,
    -23.06219229675));
#7891 = DIRECTION('',(0.,-1.,2.22044604925E-16));
#7892 = DIRECTION('',(1.,0.,0.));
#7893 = FACE_BOUND('',#7894,.T.);
#7894 = EDGE_LOOP('',(#7895));
#7895 = ORIENTED_EDGE('',*,*,#7896,.T.);
#7896 = EDGE_CURVE('',#7897,#7897,#7899,.T.);
#7897 = VERTEX_POINT('',#7898);
#7898 = CARTESIAN_POINT('',(-52.59364200438,51.197065711105,
    -23.06219229675));
#7899 = CIRCLE('',#7900,4.896087989241);
#7900 = AXIS2_PLACEMENT_3D('',#7901,#7902,#7903);
#7901 = CARTESIAN_POINT('',(-47.69755401514,51.197065711105,
    -23.06219229675));
#7902 = DIRECTION('',(0.,-1.,2.22044604925E-16));
#7903 = DIRECTION('',(1.,0.,0.));
#7904 = FACE_BOUND('',#7905,.T.);
#7905 = EDGE_LOOP('',(#7906));
#7906 = ORIENTED_EDGE('',*,*,#7907,.T.);
#7907 = EDGE_CURVE('',#7908,#7908,#7910,.T.);
#7908 = VERTEX_POINT('',#7909);
#7909 = CARTESIAN_POINT('',(-39.0297475001,51.197065711105,
    -23.06219229675));
#7910 = CIRCLE('',#7911,4.896087989241);
#7911 = AXIS2_PLACEMENT_3D('',#7912,#7913,#7914);
#7912 = CARTESIAN_POINT('',(-34.13365951086,51.197065711105,
    -23.06219229675));
#7913 = DIRECTION('',(0.,-1.,2.22044604925E-16));
#7914 = DIRECTION('',(1.,0.,0.));
#7915 = FACE_BOUND('',#7916,.T.);
#7916 = EDGE_LOOP('',(#7917));
#7917 = ORIENTED_EDGE('',*,*,#7918,.T.);
#7918 = EDGE_CURVE('',#7919,#7919,#7921,.T.);
#7919 = VERTEX_POINT('',#7920);
#7920 = CARTESIAN_POINT('',(-66.19724763239,51.197065711105,
    -35.20689572326));
#7921 = CIRCLE('',#7922,4.896087989241);
#7922 = AXIS2_PLACEMENT_3D('',#7923,#7924,#7925);
#7923 = CARTESIAN_POINT('',(-61.30115964315,51.197065711105,
    -35.20689572326));
#7924 = DIRECTION('',(0.,-1.,2.22044604925E-16));
#7925 = DIRECTION('',(1.,0.,0.));
#7926 = FACE_BOUND('',#7927,.T.);
#7927 = EDGE_LOOP('',(#7928));
#7928 = ORIENTED_EDGE('',*,*,#7929,.T.);
#7929 = EDGE_CURVE('',#7930,#7930,#7932,.T.);
#7930 = VERTEX_POINT('',#7931);
#7931 = CARTESIAN_POINT('',(-52.59364200438,51.197065711105,
    -35.20689572326));
#7932 = CIRCLE('',#7933,4.896087989241);
#7933 = AXIS2_PLACEMENT_3D('',#7934,#7935,#7936);
#7934 = CARTESIAN_POINT('',(-47.69755401514,51.197065711105,
    -35.20689572326));
#7935 = DIRECTION('',(0.,-1.,2.22044604925E-16));
#7936 = DIRECTION('',(1.,0.,0.));
#7937 = FACE_BOUND('',#7938,.T.);
#7938 = EDGE_LOOP('',(#7939));
#7939 = ORIENTED_EDGE('',*,*,#7940,.T.);
#7940 = EDGE_CURVE('',#7941,#7941,#7943,.T.);
#7941 = VERTEX_POINT('',#7942);
#7942 = CARTESIAN_POINT('',(-39.0297475001,51.197065711105,
    -35.20689572326));
#7943 = CIRCLE('',#7944,4.896087989241);
#7944 = AXIS2_PLACEMENT_3D('',#7945,#7946,#7947);
#7945 = CARTESIAN_POINT('',(-34.13365951086,51.197065711105,
    -35.20689572326));
#7946 = DIRECTION('',(0.,-1.,2.22044604925E-16));
#7947 = DIRECTION('',(1.,0.,0.));
#7948 = FACE_BOUND('',#7949,.T.);
#7949 = EDGE_LOOP('',(#7950));
#7950 = ORIENTED_EDGE('',*,*,#7951,.T.);
#7951 = EDGE_CURVE('',#7952,#7952,#7954,.T.);
#7952 = VERTEX_POINT('',#7953);
#7953 = CARTESIAN_POINT('',(-25.52879914225,51.197065711105,
    -23.06219229675));
#7954 = CIRCLE('',#7955,4.896087989241);
#7955 = AXIS2_PLACEMENT_3D('',#7956,#7957,#7958);
#7956 = CARTESIAN_POINT('',(-20.63271115301,51.197065711105,
    -23.06219229675));
#7957 = DIRECTION('',(0.,-1.,2.22044604925E-16));
#7958 = DIRECTION('',(1.,0.,0.));
#7959 = FACE_BOUND('',#7960,.T.);
#7960 = EDGE_LOOP('',(#7961));
#7961 = ORIENTED_EDGE('',*,*,#7962,.T.);
#7962 = EDGE_CURVE('',#7963,#7963,#7965,.T.);
#7963 = VERTEX_POINT('',#7964);
#7964 = CARTESIAN_POINT('',(-11.93343590082,51.197065711105,
    -23.06219229675));
#7965 = CIRCLE('',#7966,4.896087989241);
#7966 = AXIS2_PLACEMENT_3D('',#7967,#7968,#7969);
#7967 = CARTESIAN_POINT('',(-7.037347911585,51.197065711105,
    -23.06219229675));
#7968 = DIRECTION('',(0.,-1.,2.22044604925E-16));
#7969 = DIRECTION('',(1.,0.,0.));
#7970 = FACE_BOUND('',#7971,.T.);
#7971 = EDGE_LOOP('',(#7972));
#7972 = ORIENTED_EDGE('',*,*,#7973,.T.);
#7973 = EDGE_CURVE('',#7974,#7974,#7976,.T.);
#7974 = VERTEX_POINT('',#7975);
#7975 = CARTESIAN_POINT('',(-25.52879914225,51.197065711105,
    -35.20689572326));
#7976 = CIRCLE('',#7977,4.896087989241);
#7977 = AXIS2_PLACEMENT_3D('',#7978,#7979,#7980);
#7978 = CARTESIAN_POINT('',(-20.63271115301,51.197065711105,
    -35.20689572326));
#7979 = DIRECTION('',(0.,-1.,2.22044604925E-16));
#7980 = DIRECTION('',(1.,0.,0.));
#7981 = FACE_BOUND('',#7982,.T.);
#7982 = EDGE_LOOP('',(#7983));
#7983 = ORIENTED_EDGE('',*,*,#7984,.T.);
#7984 = EDGE_CURVE('',#7985,#7985,#7987,.T.);
#7985 = VERTEX_POINT('',#7986);
#7986 = CARTESIAN_POINT('',(-11.93343590082,51.197065711105,
    -35.20689572326));
#7987 = CIRCLE('',#7988,4.896087989241);
#7988 = AXIS2_PLACEMENT_3D('',#7989,#7990,#7991);
#7989 = CARTESIAN_POINT('',(-7.037347911585,51.197065711105,
    -35.20689572326));
#7990 = DIRECTION('',(0.,-1.,2.22044604925E-16));
#7991 = DIRECTION('',(1.,0.,0.));
#7992 = FACE_BOUND('',#7993,.T.);
#7993 = EDGE_LOOP('',(#7994));
#7994 = ORIENTED_EDGE('',*,*,#7995,.T.);
#7995 = EDGE_CURVE('',#7996,#7996,#7998,.T.);
#7996 = VERTEX_POINT('',#7997);
#7997 = CARTESIAN_POINT('',(1.616014699745,51.197065711105,
    -11.01067461356));
#7998 = CIRCLE('',#7999,4.896087989241);
#7999 = AXIS2_PLACEMENT_3D('',#8000,#8001,#8002);
#8000 = CARTESIAN_POINT('',(6.512102688986,51.197065711105,
    -11.01067461356));
#8001 = DIRECTION('',(0.,-1.,2.22044604925E-16));
#8002 = DIRECTION('',(1.,0.,0.));
#8003 = FACE_BOUND('',#8004,.T.);
#8004 = EDGE_LOOP('',(#8005));
#8005 = ORIENTED_EDGE('',*,*,#8006,.T.);
#8006 = EDGE_CURVE('',#8007,#8007,#8009,.T.);
#8007 = VERTEX_POINT('',#8008);
#8008 = CARTESIAN_POINT('',(15.219619953987,51.197065711105,
    -11.01067461356));
#8009 = CIRCLE('',#8010,4.896087989241);
#8010 = AXIS2_PLACEMENT_3D('',#8011,#8012,#8013);
#8011 = CARTESIAN_POINT('',(20.115707943228,51.197065711105,
    -11.01067461356));
#8012 = DIRECTION('',(0.,-1.,2.22044604925E-16));
#8013 = DIRECTION('',(1.,0.,0.));
#8014 = FACE_BOUND('',#8015,.T.);
#8015 = EDGE_LOOP('',(#8016));
#8016 = ORIENTED_EDGE('',*,*,#8017,.T.);
#8017 = EDGE_CURVE('',#8018,#8018,#8020,.T.);
#8018 = VERTEX_POINT('',#8019);
#8019 = CARTESIAN_POINT('',(28.783513184153,51.197065711105,
    -11.01067461356));
#8020 = CIRCLE('',#8021,4.896087989241);
#8021 = AXIS2_PLACEMENT_3D('',#8022,#8023,#8024);
#8022 = CARTESIAN_POINT('',(33.679601173394,51.197065711105,
    -11.01067461356));
#8023 = DIRECTION('',(0.,-1.,2.22044604925E-16));
#8024 = DIRECTION('',(1.,0.,0.));
#8025 = FACE_BOUND('',#8026,.T.);
#8026 = EDGE_LOOP('',(#8027));
#8027 = ORIENTED_EDGE('',*,*,#8028,.T.);
#8028 = EDGE_CURVE('',#8029,#8029,#8031,.T.);
#8029 = VERTEX_POINT('',#8030);
#8030 = CARTESIAN_POINT('',(42.284467900722,51.197065711105,
    -11.01067461356));
#8031 = CIRCLE('',#8032,4.896087989241);
#8032 = AXIS2_PLACEMENT_3D('',#8033,#8034,#8035);
#8033 = CARTESIAN_POINT('',(47.180555889963,51.197065711105,
    -11.01067461356));
#8034 = DIRECTION('',(0.,-1.,2.22044604925E-16));
#8035 = DIRECTION('',(1.,0.,0.));
#8036 = FACE_BOUND('',#8037,.T.);
#8037 = EDGE_LOOP('',(#8038));
#8038 = ORIENTED_EDGE('',*,*,#8039,.T.);
#8039 = EDGE_CURVE('',#8040,#8040,#8042,.T.);
#8040 = VERTEX_POINT('',#8041);
#8041 = CARTESIAN_POINT('',(55.879831606219,51.197065711105,
    -11.01067461356));
#8042 = CIRCLE('',#8043,4.896087989241);
#8043 = AXIS2_PLACEMENT_3D('',#8044,#8045,#8046);
#8044 = CARTESIAN_POINT('',(60.77591959546,51.197065711105,
    -11.01067461356));
#8045 = DIRECTION('',(0.,-1.,2.22044604925E-16));
#8046 = DIRECTION('',(1.,0.,0.));
#8047 = FACE_BOUND('',#8048,.T.);
#8048 = EDGE_LOOP('',(#8049));
#8049 = ORIENTED_EDGE('',*,*,#8050,.T.);
#8050 = EDGE_CURVE('',#8051,#8051,#8053,.T.);
#8051 = VERTEX_POINT('',#8052);
#8052 = CARTESIAN_POINT('',(1.616014699745,51.197065711105,
    -23.06219229675));
#8053 = CIRCLE('',#8054,4.896087989241);
#8054 = AXIS2_PLACEMENT_3D('',#8055,#8056,#8057);
#8055 = CARTESIAN_POINT('',(6.512102688986,51.197065711105,
    -23.06219229675));
#8056 = DIRECTION('',(0.,-1.,2.22044604925E-16));
#8057 = DIRECTION('',(1.,0.,0.));
#8058 = FACE_BOUND('',#8059,.T.);
#8059 = EDGE_LOOP('',(#8060));
#8060 = ORIENTED_EDGE('',*,*,#8061,.T.);
#8061 = EDGE_CURVE('',#8062,#8062,#8064,.T.);
#8062 = VERTEX_POINT('',#8063);
#8063 = CARTESIAN_POINT('',(15.219619953987,51.197065711105,
    -23.06219229675));
#8064 = CIRCLE('',#8065,4.896087989241);
#8065 = AXIS2_PLACEMENT_3D('',#8066,#8067,#8068);
#8066 = CARTESIAN_POINT('',(20.115707943228,51.197065711105,
    -23.06219229675));
#8067 = DIRECTION('',(0.,-1.,2.22044604925E-16));
#8068 = DIRECTION('',(1.,0.,0.));
#8069 = FACE_BOUND('',#8070,.T.);
#8070 = EDGE_LOOP('',(#8071));
#8071 = ORIENTED_EDGE('',*,*,#8072,.T.);
#8072 = EDGE_CURVE('',#8073,#8073,#8075,.T.);
#8073 = VERTEX_POINT('',#8074);
#8074 = CARTESIAN_POINT('',(1.616014699745,51.197065711105,
    -35.20689572326));
#8075 = CIRCLE('',#8076,4.896087989241);
#8076 = AXIS2_PLACEMENT_3D('',#8077,#8078,#8079);
#8077 = CARTESIAN_POINT('',(6.512102688986,51.197065711105,
    -35.20689572326));
#8078 = DIRECTION('',(0.,-1.,2.22044604925E-16));
#8079 = DIRECTION('',(1.,0.,0.));
#8080 = FACE_BOUND('',#8081,.T.);
#8081 = EDGE_LOOP('',(#8082));
#8082 = ORIENTED_EDGE('',*,*,#8083,.T.);
#8083 = EDGE_CURVE('',#8084,#8084,#8086,.T.);
#8084 = VERTEX_POINT('',#8085);
#8085 = CARTESIAN_POINT('',(15.219619953987,51.197065711105,
    -35.20689572326));
#8086 = CIRCLE('',#8087,4.896087989241);
#8087 = AXIS2_PLACEMENT_3D('',#8088,#8089,#8090);
#8088 = CARTESIAN_POINT('',(20.115707943228,51.197065711105,
    -35.20689572326));
#8089 = DIRECTION('',(0.,-1.,2.22044604925E-16));
#8090 = DIRECTION('',(1.,0.,0.));
#8091 = FACE_BOUND('',#8092,.T.);
#8092 = EDGE_LOOP('',(#8093));
#8093 = ORIENTED_EDGE('',*,*,#8094,.T.);
#8094 = EDGE_CURVE('',#8095,#8095,#8097,.T.);
#8095 = VERTEX_POINT('',#8096);
#8096 = CARTESIAN_POINT('',(28.783513184153,51.197065711105,
    -23.06219229675));
#8097 = CIRCLE('',#8098,4.896087989241);
#8098 = AXIS2_PLACEMENT_3D('',#8099,#8100,#8101);
#8099 = CARTESIAN_POINT('',(33.679601173394,51.197065711105,
    -23.06219229675));
#8100 = DIRECTION('',(0.,-1.,2.22044604925E-16));
#8101 = DIRECTION('',(1.,0.,0.));
#8102 = FACE_BOUND('',#8103,.T.);
#8103 = EDGE_LOOP('',(#8104));
#8104 = ORIENTED_EDGE('',*,*,#8105,.T.);
#8105 = EDGE_CURVE('',#8106,#8106,#8108,.T.);
#8106 = VERTEX_POINT('',#8107);
#8107 = CARTESIAN_POINT('',(42.284467900722,51.197065711105,
    -23.06219229675));
#8108 = CIRCLE('',#8109,4.896087989241);
#8109 = AXIS2_PLACEMENT_3D('',#8110,#8111,#8112);
#8110 = CARTESIAN_POINT('',(47.180555889963,51.197065711105,
    -23.06219229675));
#8111 = DIRECTION('',(0.,-1.,2.22044604925E-16));
#8112 = DIRECTION('',(1.,0.,0.));
#8113 = FACE_BOUND('',#8114,.T.);
#8114 = EDGE_LOOP('',(#8115));
#8115 = ORIENTED_EDGE('',*,*,#8116,.T.);
#8116 = EDGE_CURVE('',#8117,#8117,#8119,.T.);
#8117 = VERTEX_POINT('',#8118);
#8118 = CARTESIAN_POINT('',(55.879831606219,51.197065711105,
    -23.06219229675));
#8119 = CIRCLE('',#8120,4.896087989241);
#8120 = AXIS2_PLACEMENT_3D('',#8121,#8122,#8123);
#8121 = CARTESIAN_POINT('',(60.77591959546,51.197065711105,
    -23.06219229675));
#8122 = DIRECTION('',(0.,-1.,2.22044604925E-16));
#8123 = DIRECTION('',(1.,0.,0.));
#8124 = FACE_BOUND('',#8125,.T.);
#8125 = EDGE_LOOP('',(#8126));
#8126 = ORIENTED_EDGE('',*,*,#8127,.T.);
#8127 = EDGE_CURVE('',#8128,#8128,#8130,.T.);
#8128 = VERTEX_POINT('',#8129);
#8129 = CARTESIAN_POINT('',(28.783513184153,51.197065711105,
    -35.20689572326));
#8130 = CIRCLE('',#8131,4.896087989241);
#8131 = AXIS2_PLACEMENT_3D('',#8132,#8133,#8134);
#8132 = CARTESIAN_POINT('',(33.679601173394,51.197065711105,
    -35.20689572326));
#8133 = DIRECTION('',(0.,-1.,2.22044604925E-16));
#8134 = DIRECTION('',(1.,0.,0.));
#8135 = FACE_BOUND('',#8136,.T.);
#8136 = EDGE_LOOP('',(#8137));
#8137 = ORIENTED_EDGE('',*,*,#8138,.T.);
#8138 = EDGE_CURVE('',#8139,#8139,#8141,.T.);
#8139 = VERTEX_POINT('',#8140);
#8140 = CARTESIAN_POINT('',(42.284467900722,51.197065711105,
    -35.20689572326));
#8141 = CIRCLE('',#8142,4.896087989241);
#8142 = AXIS2_PLACEMENT_3D('',#8143,#8144,#8145);
#8143 = CARTESIAN_POINT('',(47.180555889963,51.197065711105,
    -35.20689572326));
#8144 = DIRECTION('',(0.,-1.,2.22044604925E-16));
#8145 = DIRECTION('',(1.,0.,0.));
#8146 = FACE_BOUND('',#8147,.T.);
#8147 = EDGE_LOOP('',(#8148));
#8148 = ORIENTED_EDGE('',*,*,#8149,.T.);
#8149 = EDGE_CURVE('',#8150,#8150,#8152,.T.);
#8150 = VERTEX_POINT('',#8151);
#8151 = CARTESIAN_POINT('',(55.879831606219,51.197065711105,
    -35.20689572326));
#8152 = CIRCLE('',#8153,4.896087989241);
#8153 = AXIS2_PLACEMENT_3D('',#8154,#8155,#8156);
#8154 = CARTESIAN_POINT('',(60.77591959546,51.197065711105,
    -35.20689572326));
#8155 = DIRECTION('',(0.,-1.,2.22044604925E-16));
#8156 = DIRECTION('',(1.,0.,0.));
#8157 = FACE_BOUND('',#8158,.T.);
#8158 = EDGE_LOOP('',(#8159));
#8159 = ORIENTED_EDGE('',*,*,#5579,.T.);
#8160 = PLANE('',#8161);
#8161 = AXIS2_PLACEMENT_3D('',#8162,#8163,#8164);
#8162 = CARTESIAN_POINT('',(-74.21842575073,51.197065711105,
    69.370550489982));
#8163 = DIRECTION('',(0.,1.,-2.22044604925E-16));
#8164 = DIRECTION('',(1.,0.,0.));
#8165 = ADVANCED_FACE('',(#8166),#8183,.T.);
#8166 = FACE_BOUND('',#8167,.T.);
#8167 = EDGE_LOOP('',(#8168,#8169,#8177));
#8168 = ORIENTED_EDGE('',*,*,#7677,.T.);
#8169 = ORIENTED_EDGE('',*,*,#8170,.F.);
#8170 = EDGE_CURVE('',#8171,#7680,#8173,.T.);
#8171 = VERTEX_POINT('',#8172);
#8172 = CARTESIAN_POINT('',(-74.21842575073,51.197065711105,
    -62.2507429122));
#8173 = LINE('',#8174,#8175);
#8174 = CARTESIAN_POINT('',(-74.21842575073,51.197065711105,
    -62.2507429122));
#8175 = VECTOR('',#8176,1.);
#8176 = DIRECTION('',(1.,0.,0.));
#8177 = ORIENTED_EDGE('',*,*,#8178,.F.);
#8178 = EDGE_CURVE('',#7678,#8171,#8179,.T.);
#8179 = LINE('',#8180,#8181);
#8180 = CARTESIAN_POINT('',(-74.21842575073,51.197065711105,
    69.370550489982));
#8181 = VECTOR('',#8182,1.);
#8182 = DIRECTION('',(0.,-2.22044604925E-16,-1.));
#8183 = PLANE('',#8184);
#8184 = AXIS2_PLACEMENT_3D('',#8185,#8186,#8187);
#8185 = CARTESIAN_POINT('',(-74.21842575073,51.197065711105,
    69.370550489982));
#8186 = DIRECTION('',(0.,1.,-2.22044604925E-16));
#8187 = DIRECTION('',(1.,0.,0.));
#8188 = ADVANCED_FACE('',(#8189),#8217,.T.);
#8189 = FACE_BOUND('',#8190,.T.);
#8190 = EDGE_LOOP('',(#8191,#8192,#8193,#8194,#8202,#8210,#8216));
#8191 = ORIENTED_EDGE('',*,*,#7688,.T.);
#8192 = ORIENTED_EDGE('',*,*,#7706,.T.);
#8193 = ORIENTED_EDGE('',*,*,#7774,.T.);
#8194 = ORIENTED_EDGE('',*,*,#8195,.F.);
#8195 = EDGE_CURVE('',#8196,#7767,#8198,.T.);
#8196 = VERTEX_POINT('',#8197);
#8197 = CARTESIAN_POINT('',(74.218425750732,46.05411767968,
    -62.2507429122));
#8198 = LINE('',#8199,#8200);
#8199 = CARTESIAN_POINT('',(74.218425750732,46.05411767968,
    -62.2507429122));
#8200 = VECTOR('',#8201,1.);
#8201 = DIRECTION('',(0.,1.,-2.22044604925E-16));
#8202 = ORIENTED_EDGE('',*,*,#8203,.F.);
#8203 = EDGE_CURVE('',#8204,#8196,#8206,.T.);
#8204 = VERTEX_POINT('',#8205);
#8205 = CARTESIAN_POINT('',(-74.21842575073,46.05411767968,
    -62.2507429122));
#8206 = LINE('',#8207,#8208);
#8207 = CARTESIAN_POINT('',(-74.21842575073,46.05411767968,
    -62.2507429122));
#8208 = VECTOR('',#8209,1.);
#8209 = DIRECTION('',(1.,0.,0.));
#8210 = ORIENTED_EDGE('',*,*,#8211,.T.);
#8211 = EDGE_CURVE('',#8204,#8171,#8212,.T.);
#8212 = LINE('',#8213,#8214);
#8213 = CARTESIAN_POINT('',(-74.21842575073,46.05411767968,
    -62.2507429122));
#8214 = VECTOR('',#8215,1.);
#8215 = DIRECTION('',(0.,1.,-2.22044604925E-16));
#8216 = ORIENTED_EDGE('',*,*,#8170,.T.);
#8217 = PLANE('',#8218);
#8218 = AXIS2_PLACEMENT_3D('',#8219,#8220,#8221);
#8219 = CARTESIAN_POINT('',(-74.21842575073,46.05411767968,
    -62.2507429122));
#8220 = DIRECTION('',(0.,-2.22044604925E-16,-1.));
#8221 = DIRECTION('',(0.,1.,-2.22044604925E-16));
#8222 = ADVANCED_FACE('',(#8223),#8254,.F.);
#8223 = FACE_BOUND('',#8224,.F.);
#8224 = EDGE_LOOP('',(#8225,#8238,#8239,#8253));
#8225 = ORIENTED_EDGE('',*,*,#8226,.T.);
#8226 = EDGE_CURVE('',#1144,#1078,#8227,.T.);
#8227 = B_SPLINE_CURVE_WITH_KNOTS('',3,(#8228,#8229,#8230,#8231,#8232,
    #8233,#8234,#8235,#8236,#8237),.UNSPECIFIED.,.F.,.F.,(4,1,1,1,1,1,1,
    4),(15.707963267949,16.39215440101,17.389031538029,18.385908675048,
    19.382785812067,20.379662949087,21.376540086106,21.991148575128),
  .UNSPECIFIED.);
#8228 = CARTESIAN_POINT('',(71.085956440954,50.786838512497,
    -60.77688565567));
#8229 = CARTESIAN_POINT('',(71.438420497625,50.768689779022,
    -60.77425127118));
#8230 = CARTESIAN_POINT('',(72.309546661638,50.724098058213,
    -60.48035238381));
#8231 = CARTESIAN_POINT('',(72.899481199793,50.653063350067,
    -59.03445769122));
#8232 = CARTESIAN_POINT('',(71.903103247165,50.573734388062,
    -57.60473985229));
#8233 = CARTESIAN_POINT('',(70.160556569596,50.494405426056,
    -57.66513363279));
#8234 = CARTESIAN_POINT('',(69.265651475811,50.41507646405,
    -59.16133176396));
#8235 = CARTESIAN_POINT('',(69.937567292096,50.345887492863,
    -60.52526471025));
#8236 = CARTESIAN_POINT('',(70.771340663884,50.303141509012,
    -60.77485046109));
#8237 = CARTESIAN_POINT('',(71.088400194831,50.286838512497,
    -60.7765521031));
#8238 = ORIENTED_EDGE('',*,*,#1108,.T.);
#8239 = ORIENTED_EDGE('',*,*,#8240,.F.);
#8240 = EDGE_CURVE('',#1125,#1094,#8241,.T.);
#8241 = B_SPLINE_CURVE_WITH_KNOTS('',3,(#8242,#8243,#8244,#8245,#8246,
    #8247,#8248,#8249,#8250,#8251,#8252),.UNSPECIFIED.,.F.,.F.,(4,1,1,1,
    1,1,1,1,4),(15.707963267949,15.842869811656,16.839746948675,
    17.836624085694,18.833501222713,19.830378359733,20.827255496752,
    21.824132633771,21.991148575128),.UNSPECIFIED.);
#8242 = CARTESIAN_POINT('',(71.088574641974,50.745261959674,
    -60.77998198172));
#8243 = CARTESIAN_POINT('',(71.157761369695,50.74168345246,
    -60.78053792689));
#8244 = CARTESIAN_POINT('',(71.737632350197,50.71166195791,
    -60.74487358131));
#8245 = CARTESIAN_POINT('',(72.738089946754,50.655197476025,
    -60.01051301249));
#8246 = CARTESIAN_POINT('',(72.634386723204,50.575868514019,
    -58.27019420916));
#8247 = CARTESIAN_POINT('',(71.116795268077,50.496539552013,
    -57.4123128274));
#8248 = CARTESIAN_POINT('',(69.572327005777,50.417210590007,
    -58.2210373369));
#8249 = CARTESIAN_POINT('',(69.412989035608,50.337881628001,
    -59.95710504186));
#8250 = CARTESIAN_POINT('',(70.40383117899,50.28056541789,
    -60.73480307098));
#8251 = CARTESIAN_POINT('',(71.000502736825,50.249692195114,
    -60.78028543132));
#8252 = CARTESIAN_POINT('',(71.086238950823,50.245261959674,
    -60.77952912513));
#8253 = ORIENTED_EDGE('',*,*,#1153,.F.);
#8254 = CYLINDRICAL_SURFACE('',#8255,1.543);
#8255 = AXIS2_PLACEMENT_3D('',#8256,#8257,#8258);
#8256 = CARTESIAN_POINT('',(71.087496742066,51.995261959674,
    -59.23546472472));
#8257 = DIRECTION('',(0.,-1.,2.22044604925E-16));
#8258 = DIRECTION('',(-4.604943200001E-14,2.22044604925E-16,1.));
#8259 = ADVANCED_FACE('',(#8260),#8472,.F.);
#8260 = FACE_BOUND('',#8261,.F.);
#8261 = EDGE_LOOP('',(#8262,#8263,#8264,#8265,#8266,#8267,#8268,#8269,
    #8270,#8271,#8299,#8300,#8379,#8380,#8381,#8382,#8383,#8384,#8385,
    #8386,#8387,#8388,#8389,#8390));
#8262 = ORIENTED_EDGE('',*,*,#39,.T.);
#8263 = ORIENTED_EDGE('',*,*,#73,.T.);
#8264 = ORIENTED_EDGE('',*,*,#145,.T.);
#8265 = ORIENTED_EDGE('',*,*,#220,.T.);
#8266 = ORIENTED_EDGE('',*,*,#289,.T.);
#8267 = ORIENTED_EDGE('',*,*,#358,.T.);
#8268 = ORIENTED_EDGE('',*,*,#430,.T.);
#8269 = ORIENTED_EDGE('',*,*,#502,.T.);
#8270 = ORIENTED_EDGE('',*,*,#571,.T.);
#8271 = ORIENTED_EDGE('',*,*,#8272,.T.);
#8272 = EDGE_CURVE('',#572,#679,#8273,.T.);
#8273 = B_SPLINE_CURVE_WITH_KNOTS('',3,(#8274,#8275,#8276,#8277,#8278,
    #8279,#8280,#8281,#8282,#8283,#8284,#8285,#8286,#8287,#8288,#8289,
    #8290,#8291,#8292,#8293,#8294,#8295,#8296,#8297,#8298),
  .UNSPECIFIED.,.F.,.F.,(4,3,3,3,3,3,3,3,4),(-10.13578731154,
    -9.968771370192,-8.971894233173,-7.975017096153,-6.978139959134,
    -5.981262822115,-4.984385685096,-3.987508548077,-3.85260200437),
  .UNSPECIFIED.);
#8274 = CARTESIAN_POINT('',(71.086465972768,50.084469909705,
    -60.50083700879));
#8275 = CARTESIAN_POINT('',(71.016204506404,50.088900145145,
    -60.50145680735));
#8276 = CARTESIAN_POINT('',(70.946037478027,50.093330380586,
    -60.49610819968));
#8277 = CARTESIAN_POINT('',(70.876932847728,50.097760616026,
    -60.48445810302));
#8278 = CARTESIAN_POINT('',(70.46446428067,50.124203603361,
    -60.41492153716));
#8279 = CARTESIAN_POINT('',(70.089844738582,50.150646590697,
    -60.12088794009));
#8280 = CARTESIAN_POINT('',(69.924298076556,50.177089578032,
    -59.73675107102));
#8281 = CARTESIAN_POINT('',(69.758751414529,50.203532565367,
    -59.35261420196));
#8282 = CARTESIAN_POINT('',(69.802277632563,50.229975552702,
    -58.87837406091));
#8283 = CARTESIAN_POINT('',(70.034991283563,50.256418540038,
    -58.53079469656));
#8284 = CARTESIAN_POINT('',(70.267704934563,50.282861527373,
    -58.1832153322));
#8285 = CARTESIAN_POINT('',(70.689606018529,50.309304514709,
    -57.96229674455));
#8286 = CARTESIAN_POINT('',(71.107836145196,50.335747502044,
    -57.96901081508));
#8287 = CARTESIAN_POINT('',(71.526066271863,50.362190489379,
    -57.97572488561));
#8288 = CARTESIAN_POINT('',(71.940625441232,50.388633476714,
    -58.21007161433));
#8289 = CARTESIAN_POINT('',(72.162069286683,50.41507646405,
    -58.56494568368));
#8290 = CARTESIAN_POINT('',(72.383513132134,50.441519451385,
    -58.91981975303));
#8291 = CARTESIAN_POINT('',(72.411841653668,50.46796243872,
    -59.39522116301));
#8292 = CARTESIAN_POINT('',(72.234025569465,50.494405426056,
    -59.7738401796));
#8293 = CARTESIAN_POINT('',(72.056209485262,50.520848413391,
    -60.15245919619));
#8294 = CARTESIAN_POINT('',(71.672248795322,50.547291400726,
    -60.43429581939));
#8295 = CARTESIAN_POINT('',(71.257808921673,50.573734388062,
    -60.49056503533));
#8296 = CARTESIAN_POINT('',(71.201723122478,50.577312895276,
    -60.49817990095));
#8297 = CARTESIAN_POINT('',(71.145079128091,50.580891402491,
    -60.50166372935));
#8298 = CARTESIAN_POINT('',(71.088380089075,50.584469909705,
    -60.50120812814));
#8299 = ORIENTED_EDGE('',*,*,#678,.T.);
#8300 = ORIENTED_EDGE('',*,*,#8301,.T.);
#8301 = EDGE_CURVE('',#670,#1123,#8302,.T.);
#8302 = B_SPLINE_CURVE_WITH_KNOTS('',3,(#8303,#8304,#8305,#8306,#8307,
    #8308,#8309,#8310,#8311,#8312,#8313,#8314,#8315,#8316,#8317,#8318,
    #8319,#8320,#8321,#8322,#8323,#8324,#8325,#8326,#8327,#8328,#8329,
    #8330,#8331,#8332,#8333,#8334,#8335,#8336,#8337,#8338,#8339,#8340,
    #8341,#8342,#8343,#8344,#8345,#8346,#8347,#8348,#8349,#8350,#8351,
    #8352,#8353,#8354,#8355,#8356,#8357,#8358,#8359,#8360,#8361,#8362,
    #8363,#8364,#8365,#8366,#8367,#8368,#8369,#8370,#8371,#8372,#8373,
    #8374,#8375,#8376,#8377,#8378),.UNSPECIFIED.,.F.,.F.,(4,3,3,3,3,3,3,
    3,3,3,3,3,3,3,3,3,3,3,3,3,3,3,3,3,3,4),(-0.286347380332,
    -0.271031986624,-0.259929220687,-0.256068235647,-0.252413320813,
    -0.236235512315,-0.224138988516,-0.220704548692,-0.203539308205,
    -0.186755890766,-0.17807781476,-0.171450166127,-0.168537186051,
    -0.152043586743,-0.135445635591,-0.119033984405,-0.115779338793,
    -9.852126022183E-02,-8.086045489915E-02,-6.309144134617E-02,
    -5.960140647368E-02,-5.648213342603E-02,-3.825410226516E-02,
    -2.021423216296E-02,-4.15242610357E-03,0.),.UNSPECIFIED.);
#8303 = CARTESIAN_POINT('',(71.912708041003,50.891050236085,
    -58.277348572));
#8304 = CARTESIAN_POINT('',(71.877990146078,50.891050236085,
    -58.2401720884));
#8305 = CARTESIAN_POINT('',(71.840959787668,50.891050236085,
    -58.20538191215));
#8306 = CARTESIAN_POINT('',(71.801930498838,50.891050236085,
    -58.17299013527));
#8307 = CARTESIAN_POINT('',(71.773636543956,50.891050236085,
    -58.14950798888));
#8308 = CARTESIAN_POINT('',(71.744290952958,50.891050236085,
    -58.12728672625));
#8309 = CARTESIAN_POINT('',(71.713999437003,50.891050236085,
    -58.10633977864));
#8310 = CARTESIAN_POINT('',(71.703465567282,50.891050236085,
    -58.09905548103));
#8311 = CARTESIAN_POINT('',(71.692817217189,50.891050236085,
    -58.09192535856));
#8312 = CARTESIAN_POINT('',(71.682058563103,50.891050236085,
    -58.08495021662));
#8313 = CARTESIAN_POINT('',(71.671874124672,50.891050236085,
    -58.07834735504));
#8314 = CARTESIAN_POINT('',(71.661594699148,50.891050236085,
    -58.07188596407));
#8315 = CARTESIAN_POINT('',(71.651231066776,50.891050236085,
    -58.06557058787));
#8316 = CARTESIAN_POINT('',(71.605358353612,50.891050236085,
    -58.03761673629));
#8317 = CARTESIAN_POINT('',(71.557799339404,50.891050236085,
    -58.01249495599));
#8318 = CARTESIAN_POINT('',(71.508879918682,50.891050236085,
    -57.99024039718));
#8319 = CARTESIAN_POINT('',(71.472301729673,50.891050236085,
    -57.97360014579));
#8320 = CARTESIAN_POINT('',(71.434961881624,50.891050236085,
    -57.95856353511));
#8321 = CARTESIAN_POINT('',(71.396983912828,50.891050236085,
    -57.94515909183));
#8322 = CARTESIAN_POINT('',(71.386201224294,50.891050236085,
    -57.94135330807));
#8323 = CARTESIAN_POINT('',(71.375374709371,50.891050236085,
    -57.93768192051));
#8324 = CARTESIAN_POINT('',(71.364511834986,50.891050236085,
    -57.93414656872));
#8325 = CARTESIAN_POINT('',(71.310219472698,50.891050236085,
    -57.91647697288));
#8326 = CARTESIAN_POINT('',(71.254987685606,50.891050236085,
    -57.90218981418));
#8327 = CARTESIAN_POINT('',(71.199182780734,50.891050236085,
    -57.8913242322));
#8328 = CARTESIAN_POINT('',(71.144619198341,50.891050236085,
    -57.88070034387));
#8329 = CARTESIAN_POINT('',(71.089506481841,50.891050236085,
    -57.87334717841));
#8330 = CARTESIAN_POINT('',(71.034157949615,50.891050236085,
    -57.86934574541));
#8331 = CARTESIAN_POINT('',(71.005539298425,50.891050236085,
    -57.8672767544));
#8332 = CARTESIAN_POINT('',(70.97685723306,50.891050236085,
    -57.86610462303));
#8333 = CARTESIAN_POINT('',(70.948153533437,50.891050236085,
    -57.86584581807));
#8334 = CARTESIAN_POINT('',(70.92623184994,50.891050236085,
    -57.86564816269));
#8335 = CARTESIAN_POINT('',(70.904297524977,50.891050236085,
    -57.8659832981));
#8336 = CARTESIAN_POINT('',(70.882369054953,50.891050236085,
    -57.86686010447));
#8337 = CARTESIAN_POINT('',(70.87273106721,50.891050236085,
    -57.86724547787));
#8338 = CARTESIAN_POINT('',(70.863098556569,50.891050236085,
    -57.86773539381));
#8339 = CARTESIAN_POINT('',(70.853481233923,50.891050236085,
    -57.86832972529));
#8340 = CARTESIAN_POINT('',(70.799026942452,50.891050236085,
    -57.87169489259));
#8341 = CARTESIAN_POINT('',(70.74498304707,50.891050236085,
    -57.87840725901));
#8342 = CARTESIAN_POINT('',(70.691638923269,50.891050236085,
    -57.88852226868));
#8343 = CARTESIAN_POINT('',(70.637957301411,50.891050236085,
    -57.89870127409));
#8344 = CARTESIAN_POINT('',(70.584983261293,50.891050236085,
    -57.91232515452));
#8345 = CARTESIAN_POINT('',(70.532911647498,50.891050236085,
    -57.92914276311));
#8346 = CARTESIAN_POINT('',(70.48142449981,50.891050236085,
    -57.94577160623));
#8347 = CARTESIAN_POINT('',(70.430818915956,50.891050236085,
    -57.96552341104));
#8348 = CARTESIAN_POINT('',(70.381288341458,50.891050236085,
    -57.98820263095));
#8349 = CARTESIAN_POINT('',(70.371465779115,50.891050236085,
    -57.99270021762));
#8350 = CARTESIAN_POINT('',(70.36168403345,50.891050236085,
    -57.99731379864));
#8351 = CARTESIAN_POINT('',(70.351949365863,50.891050236085,
    -58.00203976275));
#8352 = CARTESIAN_POINT('',(70.30033033321,50.891050236085,
    -58.02709965243));
#8353 = CARTESIAN_POINT('',(70.250250459993,50.891050236085,
    -58.05520923022));
#8354 = CARTESIAN_POINT('',(70.201917983019,50.891050236085,
    -58.08608133637));
#8355 = CARTESIAN_POINT('',(70.152457641123,50.891050236085,
    -58.11767386008));
#8356 = CARTESIAN_POINT('',(70.10482627701,50.891050236085,
    -58.15215972951));
#8357 = CARTESIAN_POINT('',(70.059255450655,50.891050236085,
    -58.18928567524));
#8358 = CARTESIAN_POINT('',(70.013405410618,50.891050236085,
    -58.22663909265));
#8359 = CARTESIAN_POINT('',(69.969640241658,50.891050236085,
    -58.26666561995));
#8360 = CARTESIAN_POINT('',(69.928218722808,50.891050236085,
    -58.30915423836));
#8361 = CARTESIAN_POINT('',(69.920083068861,50.891050236085,
    -58.3174994827));
#8362 = CARTESIAN_POINT('',(69.912037924468,50.891050236085,
    -58.32593983647));
#8363 = CARTESIAN_POINT('',(69.904085405891,50.891050236085,
    -58.33447388114));
#8364 = CARTESIAN_POINT('',(69.8969777185,50.891050236085,
    -58.34210131655));
#8365 = CARTESIAN_POINT('',(69.889946819093,50.891050236085,
    -58.34980068939));
#8366 = CARTESIAN_POINT('',(69.883000369048,50.891050236085,
    -58.35756353624));
#8367 = CARTESIAN_POINT('',(69.842407543111,50.891050236085,
    -58.40292712328));
#8368 = CARTESIAN_POINT('',(69.804630908014,50.891050236085,
    -58.45052475887));
#8369 = CARTESIAN_POINT('',(69.769910049989,50.891050236085,
    -58.5000858331));
#8370 = CARTESIAN_POINT('',(69.735547602224,50.891050236085,
    -58.54913530714));
#8371 = CARTESIAN_POINT('',(69.704177263207,50.891050236085,
    -58.6001086363));
#8372 = CARTESIAN_POINT('',(69.676059140106,50.891050236085,
    -58.65278493588));
#8373 = CARTESIAN_POINT('',(69.65102415718,50.891050236085,
    -58.69968530174));
#8374 = CARTESIAN_POINT('',(69.628567201047,50.891050236085,
    -58.74793653287));
#8375 = CARTESIAN_POINT('',(69.608899629002,50.891050236085,
    -58.79740377632));
#8376 = CARTESIAN_POINT('',(69.603815011541,50.891050236085,
    -58.81019244232));
#8377 = CARTESIAN_POINT('',(69.598916990499,50.891050236085,
    -58.82306246843));
#8378 = CARTESIAN_POINT('',(69.594204759369,50.891050236085,
    -58.83601027421));
#8379 = ORIENTED_EDGE('',*,*,#1122,.T.);
#8380 = ORIENTED_EDGE('',*,*,#8240,.T.);
#8381 = ORIENTED_EDGE('',*,*,#1093,.T.);
#8382 = ORIENTED_EDGE('',*,*,#1048,.T.);
#8383 = ORIENTED_EDGE('',*,*,#1001,.T.);
#8384 = ORIENTED_EDGE('',*,*,#956,.T.);
#8385 = ORIENTED_EDGE('',*,*,#911,.T.);
#8386 = ORIENTED_EDGE('',*,*,#865,.T.);
#8387 = ORIENTED_EDGE('',*,*,#819,.T.);
#8388 = ORIENTED_EDGE('',*,*,#774,.T.);
#8389 = ORIENTED_EDGE('',*,*,#732,.T.);
#8390 = ORIENTED_EDGE('',*,*,#8391,.T.);
#8391 = EDGE_CURVE('',#724,#40,#8392,.T.);
#8392 = B_SPLINE_CURVE_WITH_KNOTS('',3,(#8393,#8394,#8395,#8396,#8397,
    #8398,#8399,#8400,#8401,#8402,#8403,#8404,#8405,#8406,#8407,#8408,
    #8409,#8410,#8411,#8412,#8413,#8414,#8415,#8416,#8417,#8418,#8419,
    #8420,#8421,#8422,#8423,#8424,#8425,#8426,#8427,#8428,#8429,#8430,
    #8431,#8432,#8433,#8434,#8435,#8436,#8437,#8438,#8439,#8440,#8441,
    #8442,#8443,#8444,#8445,#8446,#8447,#8448,#8449,#8450,#8451,#8452,
    #8453,#8454,#8455,#8456,#8457,#8458,#8459,#8460,#8461,#8462,#8463,
    #8464,#8465,#8466,#8467,#8468,#8469,#8470,#8471),.UNSPECIFIED.,.F.,
  .F.,(4,3,3,3,3,3,3,3,3,3,3,3,3,3,3,3,3,3,3,3,3,3,3,3,3,3,4),(0.,
    1.852951659153E-02,3.677190220585E-02,5.070493102165E-02,
    5.823642166965E-02,6.129940591453E-02,7.90554105953E-02,
    9.644418279713E-02,0.109392170281,0.113699040402,0.118163865179,
    0.135012033683,0.148236132732,0.165071315545,0.169818213811,
    0.172967208452,0.189735441498,0.206497734833,0.216770320624,
    0.22205230337,0.226211004479,0.242307226295,0.253478276945,
    0.258132255471,0.27359145747,0.282917595238,0.286347380332),
  .UNSPECIFIED.);
#8393 = CARTESIAN_POINT('',(72.127470304353,46.05411767968,
    -58.09559456117));
#8394 = CARTESIAN_POINT('',(72.169213543793,46.05411767968,
    -58.14111844521));
#8395 = CARTESIAN_POINT('',(72.207838121394,46.05411767968,
    -58.18918516185));
#8396 = CARTESIAN_POINT('',(72.243307553851,46.05411767968,
    -58.23942520129));
#8397 = CARTESIAN_POINT('',(72.278227356599,46.05411767968,
    -58.28888672763));
#8398 = CARTESIAN_POINT('',(72.310089092905,46.05411767968,
    -58.34045603713));
#8399 = CARTESIAN_POINT('',(72.33880866634,46.05411767968,
    -58.39380560039));
#8400 = CARTESIAN_POINT('',(72.360743880993,46.05411767968,
    -58.43455251903));
#8401 = CARTESIAN_POINT('',(72.380845153134,46.05411767968,
    -58.47633857913));
#8402 = CARTESIAN_POINT('',(72.399054801228,46.05411767968,
    -58.51902113394));
#8403 = CARTESIAN_POINT('',(72.408898015948,46.05411767968,
    -58.54209316419));
#8404 = CARTESIAN_POINT('',(72.418188202941,46.05411767968,
    -58.56542715929));
#8405 = CARTESIAN_POINT('',(72.426914036662,46.05411767968,
    -58.58900041218));
#8406 = CARTESIAN_POINT('',(72.430462748658,46.05411767968,
    -58.59858742564));
#8407 = CARTESIAN_POINT('',(72.433917451042,46.05411767968,
    -58.60821248143));
#8408 = CARTESIAN_POINT('',(72.437273710662,46.05411767968,
    -58.61786267793));
#8409 = CARTESIAN_POINT('',(72.456729821679,46.05411767968,
    -58.67380450477));
#8410 = CARTESIAN_POINT('',(72.472920871945,46.05411767968,
    -58.73069417853));
#8411 = CARTESIAN_POINT('',(72.48577491652,46.05411767968,
    -58.78822179002));
#8412 = CARTESIAN_POINT('',(72.498363111725,46.05411767968,
    -58.84455960641));
#8413 = CARTESIAN_POINT('',(72.507750861605,46.05411767968,
    -58.9015102863));
#8414 = CARTESIAN_POINT('',(72.513821859754,46.05411767968,
    -58.95878328674));
#8415 = CARTESIAN_POINT('',(72.518342432405,46.05411767968,
    -59.00142977634));
#8416 = CARTESIAN_POINT('',(72.52102303219,46.05411767968,
    -59.04425506515));
#8417 = CARTESIAN_POINT('',(72.521797644603,46.05411767968,
    -59.08713440221));
#8418 = CARTESIAN_POINT('',(72.522055302796,46.05411767968,
    -59.10139729332));
#8419 = CARTESIAN_POINT('',(72.522101950945,46.05411767968,
    -59.1156661133));
#8420 = CARTESIAN_POINT('',(72.521934772991,46.05411767968,
    -59.1299360963));
#8421 = CARTESIAN_POINT('',(72.521761463779,46.05411767968,
    -59.14472943158));
#8422 = CARTESIAN_POINT('',(72.521357935004,46.05411767968,
    -59.15953009234));
#8423 = CARTESIAN_POINT('',(72.520722758859,46.05411767968,
    -59.17429902182));
#8424 = CARTESIAN_POINT('',(72.518325900022,46.05411767968,
    -59.23003008068));
#8425 = CARTESIAN_POINT('',(72.512636166136,46.05411767968,
    -59.28538375252));
#8426 = CARTESIAN_POINT('',(72.503555670451,46.05411767968,
    -59.34009237225));
#8427 = CARTESIAN_POINT('',(72.4964284047,46.05411767968,-59.38303307563
    ));
#8428 = CARTESIAN_POINT('',(72.487211265551,46.05411767968,
    -59.4255764503));
#8429 = CARTESIAN_POINT('',(72.475835548242,46.05411767968,
    -59.46758572285));
#8430 = CARTESIAN_POINT('',(72.46135348184,46.05411767968,
    -59.52106640086));
#8431 = CARTESIAN_POINT('',(72.443373344072,46.05411767968,
    -59.57368284866));
#8432 = CARTESIAN_POINT('',(72.422093489129,46.05411767968,
    -59.62517846268));
#8433 = CARTESIAN_POINT('',(72.416093357878,46.05411767968,
    -59.63969831932));
#8434 = CARTESIAN_POINT('',(72.409830687339,46.05411767968,
    -59.65412886227));
#8435 = CARTESIAN_POINT('',(72.403309489763,46.05411767968,
    -59.66846382132));
#8436 = CARTESIAN_POINT('',(72.398983461466,46.05411767968,
    -59.67797333821));
#8437 = CARTESIAN_POINT('',(72.394543219056,46.05411767968,
    -59.68744145174));
#8438 = CARTESIAN_POINT('',(72.38999726453,46.05411767968,
    -59.69685175146));
#8439 = CARTESIAN_POINT('',(72.36579029259,46.05411767968,
    -59.74696110909));
#8440 = CARTESIAN_POINT('',(72.338545026043,46.05411767968,
    -59.79553376621));
#8441 = CARTESIAN_POINT('',(72.308505493064,46.05411767968,
    -59.84233965793));
#8442 = CARTESIAN_POINT('',(72.27847660081,46.05411767968,
    -59.88912896987));
#8443 = CARTESIAN_POINT('',(72.245654480417,46.05411767968,
    -59.93415356789));
#8444 = CARTESIAN_POINT('',(72.210246024809,46.05411767968,
    -59.97714745349));
#8445 = CARTESIAN_POINT('',(72.188546345017,46.05411767968,
    -60.00349578002));
#8446 = CARTESIAN_POINT('',(72.165874651043,46.05411767968,
    -60.02908067094));
#8447 = CARTESIAN_POINT('',(72.142273989237,46.05411767968,
    -60.05383223718));
#8448 = CARTESIAN_POINT('',(72.130138944469,46.05411767968,
    -60.06655905675));
#8449 = CARTESIAN_POINT('',(72.117758250473,46.05411767968,
    -60.07906544283));
#8450 = CARTESIAN_POINT('',(72.105137526954,46.05411767968,
    -60.09134110798));
#8451 = CARTESIAN_POINT('',(72.095200762785,46.05411767968,
    -60.10100619488));
#8452 = CARTESIAN_POINT('',(72.085112924398,46.05411767968,
    -60.11053012443));
#8453 = CARTESIAN_POINT('',(72.074894912922,46.05411767968,
    -60.11989157172));
#8454 = CARTESIAN_POINT('',(72.03534617524,46.05411767968,
    -60.15612498408));
#8455 = CARTESIAN_POINT('',(71.993796525103,46.05411767968,
    -60.1899808266));
#8456 = CARTESIAN_POINT('',(71.950431738659,46.05411767968,
    -60.22120268363));
#8457 = CARTESIAN_POINT('',(71.920335842162,46.05411767968,
    -60.24287118138));
#8458 = CARTESIAN_POINT('',(71.889365127723,46.05411767968,
    -60.26327014206));
#8459 = CARTESIAN_POINT('',(71.857577583508,46.05411767968,
    -60.28229962625));
#8460 = CARTESIAN_POINT('',(71.844334554468,46.05411767968,
    -60.29022751178));
#8461 = CARTESIAN_POINT('',(71.830947172404,46.05411767968,
    -60.2979187411));
#8462 = CARTESIAN_POINT('',(71.817441050394,46.05411767968,
    -60.30535423648));
#8463 = CARTESIAN_POINT('',(71.77257752831,46.05411767968,
    -60.33005285173));
#8464 = CARTESIAN_POINT('',(71.726357288182,46.05411767968,
    -60.35196323236));
#8465 = CARTESIAN_POINT('',(71.678941440723,46.05411767968,
    -60.37083089956));
#8466 = CARTESIAN_POINT('',(71.650336683126,46.05411767968,
    -60.38221327646));
#8467 = CARTESIAN_POINT('',(71.621296565468,46.05411767968,
    -60.3924873783));
#8468 = CARTESIAN_POINT('',(71.591855563816,46.05411767968,
    -60.40158810424));
#8469 = CARTESIAN_POINT('',(71.581028326312,46.05411767968,
    -60.40493499177));
#8470 = CARTESIAN_POINT('',(71.57014686809,46.05411767968,
    -60.40812310756));
#8471 = CARTESIAN_POINT('',(71.559214537567,46.05411767968,
    -60.41115274118));
#8472 = B_SPLINE_SURFACE_WITH_KNOTS('',3,3,(
    (#8473,#8474,#8475,#8476,#8477,#8478,#8479,#8480,#8481,#8482,#8483
      ,#8484,#8485,#8486,#8487,#8488,#8489,#8490,#8491,#8492,#8493,#8494
      ,#8495,#8496,#8497,#8498,#8499,#8500,#8501,#8502,#8503,#8504,#8505
      ,#8506,#8507,#8508,#8509,#8510,#8511,#8512,#8513,#8514,#8515,#8516
      ,#8517,#8518,#8519,#8520,#8521,#8522,#8523,#8524,#8525,#8526,#8527
      ,#8528,#8529,#8530,#8531,#8532,#8533,#8534,#8535,#8536,#8537,#8538
      )
    ,(#8539,#8540,#8541,#8542,#8543,#8544,#8545,#8546,#8547,#8548,#8549
      ,#8550,#8551,#8552,#8553,#8554,#8555,#8556,#8557,#8558,#8559,#8560
      ,#8561,#8562,#8563,#8564,#8565,#8566,#8567,#8568,#8569,#8570,#8571
      ,#8572,#8573,#8574,#8575,#8576,#8577,#8578,#8579,#8580,#8581,#8582
      ,#8583,#8584,#8585,#8586,#8587,#8588,#8589,#8590,#8591,#8592,#8593
      ,#8594,#8595,#8596,#8597,#8598,#8599,#8600,#8601,#8602,#8603,#8604
      )
    ,(#8605,#8606,#8607,#8608,#8609,#8610,#8611,#8612,#8613,#8614,#8615
      ,#8616,#8617,#8618,#8619,#8620,#8621,#8622,#8623,#8624,#8625,#8626
      ,#8627,#8628,#8629,#8630,#8631,#8632,#8633,#8634,#8635,#8636,#8637
      ,#8638,#8639,#8640,#8641,#8642,#8643,#8644,#8645,#8646,#8647,#8648
      ,#8649,#8650,#8651,#8652,#8653,#8654,#8655,#8656,#8657,#8658,#8659
      ,#8660,#8661,#8662,#8663,#8664,#8665,#8666,#8667,#8668,#8669,#8670
      )
    ,(#8671,#8672,#8673,#8674,#8675,#8676,#8677,#8678,#8679,#8680,#8681
      ,#8682,#8683,#8684,#8685,#8686,#8687,#8688,#8689,#8690,#8691,#8692
      ,#8693,#8694,#8695,#8696,#8697,#8698,#8699,#8700,#8701,#8702,#8703
      ,#8704,#8705,#8706,#8707,#8708,#8709,#8710,#8711,#8712,#8713,#8714
      ,#8715,#8716,#8717,#8718,#8719,#8720,#8721,#8722,#8723,#8724,#8725
      ,#8726,#8727,#8728,#8729,#8730,#8731,#8732,#8733,#8734,#8735,#8736
      )),.UNSPECIFIED.,.F.,.F.,.F.,(4,4),(4,1,1,1,1,1,1,1,1,1,1,1,1,1,1,
    1,1,1,1,1,1,1,1,1,1,1,1,1,1,1,1,1,1,1,1,1,1,1,1,1,1,1,1,1,1,1,1,1,1,
    1,1,1,1,1,1,1,1,1,1,1,1,1,1,4),(0.,3.215840999386E-02),(
    11.855361263579,12.852238400598,13.849115537618,14.845992674637,
    15.842869811656,16.839746948675,17.836624085694,18.833501222713,
    19.830378359733,20.827255496752,21.824132633771,22.82100977079,
    23.817886907809,24.814764044829,25.811641181848,26.808518318867,
    27.805395455886,28.802272592905,29.799149729924,30.796026866943,
    31.792904003963,32.789781140982,33.786658278001,34.78353541502,
    35.780412552039,36.777289689058,37.774166826078,38.771043963097,
    39.767921100116,40.764798237135,41.761675374154,42.758552511173,
    43.755429648193,44.752306785212,45.749183922231,46.74606105925,
    47.742938196269,48.739815333288,49.736692470308,50.733569607327,
    51.730446744346,52.727323881365,53.724201018384,54.721078155403,
    55.717955292423,56.714832429442,57.711709566461,58.70858670348,
    59.705463840499,60.702340977519,61.699218114538,62.696095251557,
    63.692972388576,64.689849525595,65.686726662614,66.683603799634,
    67.680480936653,68.677358073672,69.674235210691,70.67111234771,
    71.667989484729,72.664866621749,73.661743758768,74.658620895787),
  .UNSPECIFIED.);
#8473 = CARTESIAN_POINT('',(71.912708041003,50.891050236085,
    -58.277348572));
#8474 = CARTESIAN_POINT('',(71.59433334525,50.86460724875,
    -58.00313714629));
#8475 = CARTESIAN_POINT('',(70.667756415581,50.81172127408,
    -57.80220484297));
#8476 = CARTESIAN_POINT('',(69.653976584671,50.732392312074,
    -58.81080198216));
#8477 = CARTESIAN_POINT('',(69.953530933306,50.653063350068,
    -60.20823786862));
#8478 = CARTESIAN_POINT('',(71.288288105382,50.573734388062,
    -60.71613244259));
#8479 = CARTESIAN_POINT('',(72.440170175201,50.494405426056,
    -59.87062257299));
#8480 = CARTESIAN_POINT('',(72.355184610601,50.41507646405,
    -58.44441834304));
#8481 = CARTESIAN_POINT('',(71.111507102495,50.335747502044,
    -57.74137815689));
#8482 = CARTESIAN_POINT('',(69.845803850597,50.256418540038,
    -58.40413391986));
#8483 = CARTESIAN_POINT('',(69.715225196495,50.177089578032,
    -59.82685434301));
#8484 = CARTESIAN_POINT('',(70.839083822757,50.097760616026,
    -60.70895513423));
#8485 = CARTESIAN_POINT('',(72.190036598841,50.01843165402,
    -60.24407373819));
#8486 = CARTESIAN_POINT('',(72.533103788982,49.939102692014,
    -58.85717651281));
#8487 = CARTESIAN_POINT('',(71.554678464561,49.859773730008,
    -57.81609001359));
#8488 = CARTESIAN_POINT('',(70.149180285581,49.780444768002,
    -58.07251770278));
#8489 = CARTESIAN_POINT('',(69.601439945802,49.701115805996,
    -59.39204777635));
#8490 = CARTESIAN_POINT('',(70.41217086718,49.62178684399,-60.5684381775
    ));
#8491 = CARTESIAN_POINT('',(71.840247718767,49.542457881984,
    -60.52629749313));
#8492 = CARTESIAN_POINT('',(72.580200922837,49.463128919978,
    -59.30414838765));
#8493 = CARTESIAN_POINT('',(71.955605987073,49.383799957972,
    -58.01921245583));
#8494 = CARTESIAN_POINT('',(70.537433253127,49.304470995966,
    -57.8461075354));
#8495 = CARTESIAN_POINT('',(69.622098351258,49.225142033961,
    -58.94307663966));
#8496 = CARTESIAN_POINT('',(70.046350159208,49.145813071955,
    -60.30733086944));
#8497 = CARTESIAN_POINT('',(71.422360983214,49.066484109949,
    -60.69174394891));
#8498 = CARTESIAN_POINT('',(72.492257311762,48.987155147943,
    -59.74490655664));
#8499 = CARTESIAN_POINT('',(72.277998693012,48.907826185937,
    -58.33236542595));
#8500 = CARTESIAN_POINT('',(70.975448586244,48.828497223931,
    -57.74538806583));
#8501 = CARTESIAN_POINT('',(69.775326748668,48.749168261925,
    -58.52055693559));
#8502 = CARTESIAN_POINT('',(69.774718639949,48.669839299919,
    -59.94925523542));
#8503 = CARTESIAN_POINT('',(70.974180159729,48.590510337913,
    -60.72544545974));
#8504 = CARTESIAN_POINT('',(72.277229474458,48.511181375907,
    -60.13957714252));
#8505 = CARTESIAN_POINT('',(72.492690478683,48.431852413901,
    -58.72721891693));
#8506 = CARTESIAN_POINT('',(71.423600557867,48.352523451895,
    -57.77947109027));
#8507 = CARTESIAN_POINT('',(70.047262991232,48.273194489889,
    -58.16271266474));
#8508 = CARTESIAN_POINT('',(69.621849978322,48.193865527883,
    -59.52660524489));
#8509 = CARTESIAN_POINT('',(70.536250727097,48.114536565877,
    -60.6243531542));
#8510 = CARTESIAN_POINT('',(71.954570302146,48.035207603871,
    -60.45245555457));
#8511 = CARTESIAN_POINT('',(72.580258857973,47.955878641865,
    -59.16805178909));
#8512 = CARTESIAN_POINT('',(71.841346286624,47.876549679859,
    -57.94527322621));
#8513 = CARTESIAN_POINT('',(70.413305871552,47.797220717853,
    -57.90191685966));
#8514 = CARTESIAN_POINT('',(69.601573716082,47.717891755848,
    -59.07761669764));
#8515 = CARTESIAN_POINT('',(70.148190767661,47.638562793842,
    -60.39761253186));
#8516 = CARTESIAN_POINT('',(71.55346974337,47.559233831836,
    -60.65523667758));
#8517 = CARTESIAN_POINT('',(72.53278179871,47.47990486983,
    -59.61498329663));
#8518 = CARTESIAN_POINT('',(72.190893644507,47.400575907824,
    -58.22779487872));
#8519 = CARTESIAN_POINT('',(70.840340657137,47.321246945818,
    -57.76176289377));
#8520 = CARTESIAN_POINT('',(69.715724177496,47.241917983812,
    -58.64290814511));
#8521 = CARTESIAN_POINT('',(69.845106840906,47.162589021806,
    -60.06573612408));
#8522 = CARTESIAN_POINT('',(71.11021406956,47.0832600598,-60.72957548929
    ));
#8523 = CARTESIAN_POINT('',(72.354554440583,47.003931097794,
    -60.02758109052));
#8524 = CARTESIAN_POINT('',(72.440620109085,46.924602135788,
    -58.60147695982));
#8525 = CARTESIAN_POINT('',(71.289735045523,46.845273173782,
    -57.75493057314));
#8526 = CARTESIAN_POINT('',(69.953974170082,46.765944211776,
    -58.2618052069));
#8527 = CARTESIAN_POINT('',(69.654418736305,46.68661524977,
    -59.65874996519));
#8528 = CARTESIAN_POINT('',(70.664901659554,46.607286287764,
    -60.66874218273));
#8529 = CARTESIAN_POINT('',(72.061703651765,46.527957325758,
    -60.3685282891));
#8530 = CARTESIAN_POINT('',(72.567927096884,46.448628363752,
    -59.03249395316));
#8531 = CARTESIAN_POINT('',(71.720847444717,46.369299401746,
    -57.88207867579));
#8532 = CARTESIAN_POINT('',(70.294741689609,46.28997043974,
    -57.96870099942));
#8533 = CARTESIAN_POINT('',(69.59343582368,46.210641477734,
    -59.21364651019));
#8534 = CARTESIAN_POINT('',(70.257697535282,46.131312515729,
    -60.47788145084));
#8535 = CARTESIAN_POINT('',(71.680968203947,46.051983553723,
    -60.60772931674));
#8536 = CARTESIAN_POINT('',(72.560742697919,45.972654591717,
    -59.480336495));
#8537 = CARTESIAN_POINT('',(72.250167803284,45.919768617046,
    -58.58453415523));
#8538 = CARTESIAN_POINT('',(71.939762827298,45.893325629711,
    -58.30133263022));
#8539 = CARTESIAN_POINT('',(71.973290971477,50.944647586075,
    -58.20700842476));
#8540 = CARTESIAN_POINT('',(71.63154278086,50.91820459874,
    -57.91266575296));
#8541 = CARTESIAN_POINT('',(70.636941157659,50.865318624069,
    -57.69698199413));
#8542 = CARTESIAN_POINT('',(69.548734627683,50.785989662063,
    -58.7796253448));
#8543 = CARTESIAN_POINT('',(69.870280774419,50.706660700057,
    -60.27965405963));
#8544 = CARTESIAN_POINT('',(71.303029213773,50.627331738052,
    -60.82483574019));
#8545 = CARTESIAN_POINT('',(72.539476765719,50.548002776045,
    -59.91725271949));
#8546 = CARTESIAN_POINT('',(72.448251981468,50.468673814039,
    -58.38634363175));
#8547 = CARTESIAN_POINT('',(71.113269824355,50.389344852034,
    -57.63168971373));
#8548 = CARTESIAN_POINT('',(69.754644902324,50.310015890028,
    -58.34310172554));
#8549 = CARTESIAN_POINT('',(69.614479809532,50.230686928022,
    -59.87027124263));
#8550 = CARTESIAN_POINT('',(70.820846575353,50.151357966016,
    -60.81713150935));
#8551 = CARTESIAN_POINT('',(72.270979619828,50.07202900401,
    -60.31812082142));
#8552 = CARTESIAN_POINT('',(72.639233105594,49.992700042004,
    -58.82940446404));
#8553 = CARTESIAN_POINT('',(71.588976635041,49.913371079998,
    -57.71188654528));
#8554 = CARTESIAN_POINT('',(70.080293734077,49.834042117992,
    -57.98713988662));
#8555 = CARTESIAN_POINT('',(69.492341008737,49.754713155986,
    -59.40354332923));
#8556 = CARTESIAN_POINT('',(70.362591782916,49.67538419398,
    -60.66629849293));
#8557 = CARTESIAN_POINT('',(71.895510970912,49.596055231974,
    -60.62106404803));
#8558 = CARTESIAN_POINT('',(72.689787877982,49.516726269968,
    -59.30919080234));
#8559 = CARTESIAN_POINT('',(72.019338272491,49.437397307962,
    -57.92992123218));
#8560 = CARTESIAN_POINT('',(70.497050313448,49.358068345956,
    -57.74410780501));
#8561 = CARTESIAN_POINT('',(69.514516052105,49.27873938395,
    -58.92161095317));
#8562 = CARTESIAN_POINT('',(69.969914328622,49.199410421944,
    -60.38602197826));
#8563 = CARTESIAN_POINT('',(71.446945058912,49.120081459938,
    -60.79865676397));
#8564 = CARTESIAN_POINT('',(72.595387882121,49.040752497932,
    -59.78230725525));
#8565 = CARTESIAN_POINT('',(72.365399455721,48.961423535926,
    -58.26606434391));
#8566 = CARTESIAN_POINT('',(70.96722256505,48.882094573921,
    -57.63599401034));
#8567 = CARTESIAN_POINT('',(69.678993720287,48.802765611915,
    -58.46807194303));
#8568 = CARTESIAN_POINT('',(69.678340967235,48.723436649909,
    -60.00165820293));
#8569 = CARTESIAN_POINT('',(70.965861016938,48.644107687903,
    -60.83483247297));
#8570 = CARTESIAN_POINT('',(72.364573764947,48.564778725897,
    -60.20595260275));
#8571 = CARTESIAN_POINT('',(72.595852850015,48.485449763891,
    -58.68990602449));
#8572 = CARTESIAN_POINT('',(71.448275637002,48.406120801885,
    -57.67257924179));
#8573 = CARTESIAN_POINT('',(69.970894176257,48.326791839879,
    -58.08395651641));
#8574 = CARTESIAN_POINT('',(69.514249444856,48.247462877873,
    -59.54797934133));
#8575 = CARTESIAN_POINT('',(70.495780972208,48.168133915867,
    -60.72631847056));
#8576 = CARTESIAN_POINT('',(72.018226552702,48.088804953861,
    -60.5418009997));
#8577 = CARTESIAN_POINT('',(72.689850066429,48.009475991855,
    -59.16310266491));
#8578 = CARTESIAN_POINT('',(71.896690190185,47.930147029849,
    -57.85055375018));
#8579 = CARTESIAN_POINT('',(70.363810113693,47.850818067843,
    -57.80401437372));
#8580 = CARTESIAN_POINT('',(69.492484599769,47.771489105837,
    -59.06602827651));
#8581 = CARTESIAN_POINT('',(70.079231570648,47.692160143831,
    -60.48293167363));
#8582 = CARTESIAN_POINT('',(71.587679175521,47.612831181825,
    -60.75946930941));
#8583 = CARTESIAN_POINT('',(72.638887476389,47.533502219819,
    -59.64284567235));
#8584 = CARTESIAN_POINT('',(72.271899585546,47.454173257814,
    -58.15381674451));
#8585 = CARTESIAN_POINT('',(70.822195680294,47.374844295807,
    -57.65357099713));
#8586 = CARTESIAN_POINT('',(69.61501542325,47.295515333801,
    -58.59940557297));
#8587 = CARTESIAN_POINT('',(69.75389672163,47.216186371796,
    -60.12669054209));
#8588 = CARTESIAN_POINT('',(71.111881863341,47.13685740979,
    -60.83926570886));
#8589 = CARTESIAN_POINT('',(72.447575547486,47.057528447784,
    -60.08573435475));
#8590 = CARTESIAN_POINT('',(72.539959731522,46.978199485778,
    -58.55493271505));
#8591 = CARTESIAN_POINT('',(71.3045823811,46.898870523772,
    -57.64623708133));
#8592 = CARTESIAN_POINT('',(69.870756551445,46.819541561766,
    -58.19032394271));
#8593 = CARTESIAN_POINT('',(69.549209239902,46.74021259976,
    -59.68982547315));
#8594 = CARTESIAN_POINT('',(70.63387681957,46.660883637754,
    -60.77396632193));
#8595 = CARTESIAN_POINT('',(72.13322510276,46.581554675748,
    -60.45171220967));
#8596 = CARTESIAN_POINT('',(72.676612968458,46.502225713742,
    -59.01759284339));
#8597 = CARTESIAN_POINT('',(71.767344919526,46.422896751736,
    -57.78271976854));
#8598 = CARTESIAN_POINT('',(70.23654153616,46.34356778973,
    -57.87570147458));
#8599 = CARTESIAN_POINT('',(69.483749263571,46.264238827724,
    -59.21204472483));
#8600 = CARTESIAN_POINT('',(70.196777783314,46.184909865718,
    -60.56909353947));
#8601 = CARTESIAN_POINT('',(71.724537942219,46.105580903712,
    -60.7084741932));
#8602 = CARTESIAN_POINT('',(72.668901126469,46.026251941706,
    -59.49831376877));
#8603 = CARTESIAN_POINT('',(72.335525359775,45.973365967036,
    -58.53674605358));
#8604 = CARTESIAN_POINT('',(72.002331986316,45.9469229797,
    -58.23275327387));
#8605 = CARTESIAN_POINT('',(72.033873901951,50.998244936065,
    -58.13666827753));
#8606 = CARTESIAN_POINT('',(71.66875221647,50.97180194873,
    -57.82219435963));
#8607 = CARTESIAN_POINT('',(70.606125899738,50.918915974059,
    -57.59175914529));
#8608 = CARTESIAN_POINT('',(69.443492670694,50.839587012053,
    -58.74844870745));
#8609 = CARTESIAN_POINT('',(69.787030615532,50.760258050047,
    -60.35107025063));
#8610 = CARTESIAN_POINT('',(71.317770322165,50.680929088041,
    -60.93353903778));
#8611 = CARTESIAN_POINT('',(72.638783356236,50.601600126035,
    -59.96388286599));
#8612 = CARTESIAN_POINT('',(72.541319352336,50.522271164029,
    -58.32826892046));
#8613 = CARTESIAN_POINT('',(71.115032546216,50.442942202023,
    -57.52200127056));
#8614 = CARTESIAN_POINT('',(69.66348595405,50.363613240017,
    -58.28206953122));
#8615 = CARTESIAN_POINT('',(69.51373442257,50.284284278011,
    -59.91368814225));
#8616 = CARTESIAN_POINT('',(70.802609327949,50.204955316006,
    -60.92530788448));
#8617 = CARTESIAN_POINT('',(72.351922640814,50.125626354,-60.39216790466
    ));
#8618 = CARTESIAN_POINT('',(72.745362422205,50.046297391994,
    -58.80163241527));
#8619 = CARTESIAN_POINT('',(71.623274805521,49.966968429988,
    -57.60768307697));
#8620 = CARTESIAN_POINT('',(70.011407182573,49.887639467982,
    -57.90176207046));
#8621 = CARTESIAN_POINT('',(69.383242071671,49.808310505976,
    -59.41503888212));
#8622 = CARTESIAN_POINT('',(70.313012698652,49.72898154397,
    -60.76415880837));
#8623 = CARTESIAN_POINT('',(71.950774223056,49.649652581964,
    -60.71583060293));
#8624 = CARTESIAN_POINT('',(72.799374833128,49.570323619958,
    -59.31423321703));
#8625 = CARTESIAN_POINT('',(72.083070557909,49.490994657952,
    -57.84063000854));
#8626 = CARTESIAN_POINT('',(70.45666737377,49.411665695946,
    -57.64210807462));
#8627 = CARTESIAN_POINT('',(69.406933752951,49.33233673394,
    -58.90014526669));
#8628 = CARTESIAN_POINT('',(69.893478498037,49.253007771934,
    -60.46471308708));
#8629 = CARTESIAN_POINT('',(71.471529134609,49.173678809928,
    -60.90556957903));
#8630 = CARTESIAN_POINT('',(72.698518452481,49.094349847922,
    -59.81970795386));
#8631 = CARTESIAN_POINT('',(72.452800218431,49.015020885916,
    -58.19976326187));
#8632 = CARTESIAN_POINT('',(70.958996543857,48.93569192391,
    -57.52659995485));
#8633 = CARTESIAN_POINT('',(69.582660691907,48.856362961904,
    -58.41558695048));
#8634 = CARTESIAN_POINT('',(69.581963294521,48.777033999898,
    -60.05406117043));
#8635 = CARTESIAN_POINT('',(70.957541874146,48.697705037892,
    -60.9442194862));
#8636 = CARTESIAN_POINT('',(72.451918055437,48.618376075887,
    -60.27232806297));
#8637 = CARTESIAN_POINT('',(72.699015221347,48.539047113881,
    -58.65259313205));
#8638 = CARTESIAN_POINT('',(71.472950716138,48.459718151875,
    -57.56568739331));
#8639 = CARTESIAN_POINT('',(69.894525361283,48.380389189869,
    -58.00520036808));
#8640 = CARTESIAN_POINT('',(69.40664891139,48.301060227863,
    -59.56935343778));
#8641 = CARTESIAN_POINT('',(70.45531121732,48.221731265857,
    -60.82828378692));
#8642 = CARTESIAN_POINT('',(72.081882803257,48.142402303851,
    -60.63114644483));
#8643 = CARTESIAN_POINT('',(72.799441274886,48.063073341845,
    -59.15815354073));
#8644 = CARTESIAN_POINT('',(71.952034093746,47.983744379839,
    -57.75583427414));
#8645 = CARTESIAN_POINT('',(70.314314355834,47.904415417833,
    -57.70611188778));
#8646 = CARTESIAN_POINT('',(69.383395483455,47.825086455827,
    -59.05443985539));
#8647 = CARTESIAN_POINT('',(70.010272373634,47.745757493821,
    -60.5682508154));
#8648 = CARTESIAN_POINT('',(71.621888607672,47.666428531815,
    -60.86370194125));
#8649 = CARTESIAN_POINT('',(72.744993154068,47.587099569809,
    -59.67070804807));
#8650 = CARTESIAN_POINT('',(72.352905526584,47.507770607803,
    -58.07983861031));
#8651 = CARTESIAN_POINT('',(70.804050703451,47.428441645797,
    -57.54537910049));
#8652 = CARTESIAN_POINT('',(69.514306669004,47.349112683791,
    -58.55590300083));
#8653 = CARTESIAN_POINT('',(69.662686602354,47.269783721785,
    -60.1876449601));
#8654 = CARTESIAN_POINT('',(71.113549657122,47.190454759779,
    -60.94895592843));
#8655 = CARTESIAN_POINT('',(72.54059665439,47.111125797773,
    -60.14388761899));
#8656 = CARTESIAN_POINT('',(72.639299353959,47.031796835768,
    -58.50838847028));
#8657 = CARTESIAN_POINT('',(71.319429716678,46.952467873762,
    -57.53754358951));
#8658 = CARTESIAN_POINT('',(69.787538932809,46.873138911756,
    -58.11884267852));
#8659 = CARTESIAN_POINT('',(69.443999743499,46.79380994975,
    -59.72090098112));
#8660 = CARTESIAN_POINT('',(70.602851979586,46.714480987744,
    -60.87919046113));
#8661 = CARTESIAN_POINT('',(72.204746553756,46.635152025738,
    -60.53489613024));
#8662 = CARTESIAN_POINT('',(72.785298840033,46.555823063732,
    -59.00269173363));
#8663 = CARTESIAN_POINT('',(71.813842394335,46.476494101726,
    -57.6833608613));
#8664 = CARTESIAN_POINT('',(70.17834138271,46.39716513972,
    -57.78270194973));
#8665 = CARTESIAN_POINT('',(69.374062703463,46.317836177714,
    -59.21044293948));
#8666 = CARTESIAN_POINT('',(70.135858031346,46.238507215708,
    -60.66030562811));
#8667 = CARTESIAN_POINT('',(71.768107680491,46.159178253702,
    -60.80921906967));
#8668 = CARTESIAN_POINT('',(72.777059555019,46.079849291696,
    -59.51629104253));
#8669 = CARTESIAN_POINT('',(72.420882916266,46.026963317025,
    -58.48895795194));
#8670 = CARTESIAN_POINT('',(72.064901145335,46.00052032969,
    -58.16417391752));
#8671 = CARTESIAN_POINT('',(72.094456832425,51.051842286055,
    -58.06632813029));
#8672 = CARTESIAN_POINT('',(71.70596165208,51.025399298719,
    -57.7317229663));
#8673 = CARTESIAN_POINT('',(70.575310641816,50.972513324049,
    -57.48653629645));
#8674 = CARTESIAN_POINT('',(69.338250713706,50.893184362043,
    -58.7172720701));
#8675 = CARTESIAN_POINT('',(69.703780456644,50.813855400037,
    -60.42248644164));
#8676 = CARTESIAN_POINT('',(71.332511430557,50.734526438031,
    -61.04224233538));
#8677 = CARTESIAN_POINT('',(72.738089946754,50.655197476025,
    -60.01051301249));
#8678 = CARTESIAN_POINT('',(72.634386723204,50.575868514019,
    -58.27019420916));
#8679 = CARTESIAN_POINT('',(71.116795268077,50.496539552013,
    -57.4123128274));
#8680 = CARTESIAN_POINT('',(69.572327005777,50.417210590007,
    -58.2210373369));
#8681 = CARTESIAN_POINT('',(69.412989035608,50.337881628001,
    -59.95710504186));
#8682 = CARTESIAN_POINT('',(70.784372080545,50.258552665995,
    -61.03348425961));
#8683 = CARTESIAN_POINT('',(72.432865661801,50.179223703989,
    -60.46621498789));
#8684 = CARTESIAN_POINT('',(72.851491738817,50.099894741983,
    -58.77386036649));
#8685 = CARTESIAN_POINT('',(71.657572976,50.020565779977,-57.50347960865
    ));
#8686 = CARTESIAN_POINT('',(69.942520631069,49.941236817971,
    -57.8163842543));
#8687 = CARTESIAN_POINT('',(69.274143134605,49.861907855965,
    -59.42653443501));
#8688 = CARTESIAN_POINT('',(70.263433614388,49.78257889396,
    -60.8620191238));
#8689 = CARTESIAN_POINT('',(72.006037475201,49.703249931954,
    -60.81059715783));
#8690 = CARTESIAN_POINT('',(72.908961788273,49.623920969948,
    -59.31927563172));
#8691 = CARTESIAN_POINT('',(72.146802843328,49.544592007942,
    -57.7513387849));
#8692 = CARTESIAN_POINT('',(70.416284434092,49.465263045936,
    -57.54010834423));
#8693 = CARTESIAN_POINT('',(69.299351453797,49.38593408393,
    -58.8786795802));
#8694 = CARTESIAN_POINT('',(69.817042667451,49.306605121924,
    -60.5434041959));
#8695 = CARTESIAN_POINT('',(71.496113210307,49.227276159918,
    -61.01248239409));
#8696 = CARTESIAN_POINT('',(72.801649022841,49.147947197912,
    -59.85710865248));
#8697 = CARTESIAN_POINT('',(72.54020098114,49.068618235906,
    -58.13346217983));
#8698 = CARTESIAN_POINT('',(70.950770522664,48.9892892739,
    -57.41720589936));
#8699 = CARTESIAN_POINT('',(69.486327663526,48.909960311894,
    -58.36310195792));
#8700 = CARTESIAN_POINT('',(69.485585621807,48.830631349888,
    -60.10646413794));
#8701 = CARTESIAN_POINT('',(70.949222731354,48.751302387882,
    -61.05360649944));
#8702 = CARTESIAN_POINT('',(72.539262345926,48.671973425876,
    -60.33870352319));
#8703 = CARTESIAN_POINT('',(72.802177592679,48.59264446387,
    -58.61528023961));
#8704 = CARTESIAN_POINT('',(71.497625795273,48.513315501864,
    -57.45879554484));
#8705 = CARTESIAN_POINT('',(69.818156546308,48.433986539858,
    -57.92644421974));
#8706 = CARTESIAN_POINT('',(69.299048377925,48.354657577852,
    -59.59072753423));
#8707 = CARTESIAN_POINT('',(70.414841462432,48.275328615847,
    -60.93024910328));
#8708 = CARTESIAN_POINT('',(72.145539053813,48.195999653841,
    -60.72049188997));
#8709 = CARTESIAN_POINT('',(72.909032483343,48.116670691835,
    -59.15320441655));
#8710 = CARTESIAN_POINT('',(72.007377997307,48.037341729829,
    -57.66111479811));
#8711 = CARTESIAN_POINT('',(70.264818597975,47.958012767823,
    -57.60820940184));
#8712 = CARTESIAN_POINT('',(69.274306367141,47.878683805817,
    -59.04285143426));
#8713 = CARTESIAN_POINT('',(69.94131317662,47.799354843811,
    -60.65356995716));
#8714 = CARTESIAN_POINT('',(71.656098039822,47.720025881805,
    -60.96793457308));
#8715 = CARTESIAN_POINT('',(72.851098831747,47.640696919799,
    -59.69857042378));
#8716 = CARTESIAN_POINT('',(72.433911467623,47.561367957793,
    -58.0058604761));
#8717 = CARTESIAN_POINT('',(70.785905726609,47.482038995787,
    -57.43718720384));
#8718 = CARTESIAN_POINT('',(69.413597914758,47.402710033781,
    -58.51240042869));
#8719 = CARTESIAN_POINT('',(69.571476483078,47.323381071775,
    -60.24859937811));
#8720 = CARTESIAN_POINT('',(71.115217450903,47.244052109769,
    -61.058646148));
#8721 = CARTESIAN_POINT('',(72.633617761293,47.164723147763,
    -60.20204088322));
#8722 = CARTESIAN_POINT('',(72.738638976396,47.085394185757,
    -58.46184422552));
#8723 = CARTESIAN_POINT('',(71.334277052255,47.006065223751,
    -57.42885009769));
#8724 = CARTESIAN_POINT('',(69.704321314173,46.926736261745,
    -58.04736141433));
#8725 = CARTESIAN_POINT('',(69.338790247096,46.84740729974,
    -59.75197648908));
#8726 = CARTESIAN_POINT('',(70.571827139602,46.768078337733,
    -60.98441460033));
#8727 = CARTESIAN_POINT('',(72.276268004751,46.688749375728,
    -60.61808005081));
#8728 = CARTESIAN_POINT('',(72.893984711607,46.609420413722,
    -58.98779062387));
#8729 = CARTESIAN_POINT('',(71.860339869144,46.530091451716,
    -57.58400195406));
#8730 = CARTESIAN_POINT('',(70.120141229261,46.45076248971,
    -57.68970242489));
#8731 = CARTESIAN_POINT('',(69.264376143355,46.371433527704,
    -59.20884115412));
#8732 = CARTESIAN_POINT('',(70.074938279379,46.292104565698,
    -60.75151771674));
#8733 = CARTESIAN_POINT('',(71.811677418762,46.212775603692,
    -60.90996394614));
#8734 = CARTESIAN_POINT('',(72.885217983569,46.133446641686,
    -59.53426831629));
#8735 = CARTESIAN_POINT('',(72.506240472757,46.080560667015,
    -58.44116985029));
#8736 = CARTESIAN_POINT('',(72.127470304353,46.05411767968,
    -58.09559456117));
#8737 = ADVANCED_FACE('',(#8738),#8837,.F.);
#8738 = FACE_BOUND('',#8739,.T.);
#8739 = EDGE_LOOP('',(#8740,#8741,#8820,#8829,#8836));
#8740 = ORIENTED_EDGE('',*,*,#1134,.T.);
#8741 = ORIENTED_EDGE('',*,*,#8742,.T.);
#8742 = EDGE_CURVE('',#1135,#644,#8743,.T.);
#8743 = B_SPLINE_CURVE_WITH_KNOTS('',3,(#8744,#8745,#8746,#8747,#8748,
    #8749,#8750,#8751,#8752,#8753,#8754,#8755,#8756,#8757,#8758,#8759,
    #8760,#8761,#8762,#8763,#8764,#8765,#8766,#8767,#8768,#8769,#8770,
    #8771,#8772,#8773,#8774,#8775,#8776,#8777,#8778,#8779,#8780,#8781,
    #8782,#8783,#8784,#8785,#8786,#8787,#8788,#8789,#8790,#8791,#8792,
    #8793,#8794,#8795,#8796,#8797,#8798,#8799,#8800,#8801,#8802,#8803,
    #8804,#8805,#8806,#8807,#8808,#8809,#8810,#8811,#8812,#8813,#8814,
    #8815,#8816,#8817,#8818,#8819),.UNSPECIFIED.,.F.,.F.,(4,3,3,3,3,3,3,
    3,3,3,3,3,3,3,3,3,3,3,3,3,3,3,3,3,3,4),(-0.285142803995,
    -0.266710381424,-0.24907256947,-0.245151900777,-0.227173757933,
    -0.215942313008,-0.212332924012,-0.194779752338,-0.17758673244,
    -0.160799118941,-0.156859555416,-0.153551867784,-0.137683423427,
    -0.120588919351,-0.105942571457,-0.102602477567,-9.93626872001E-02,
    -8.274675978677E-02,-6.624022716902E-02,-5.765423893619E-02,
    -5.136009173212E-02,-4.818202100277E-02,-3.226480269834E-02,
    -1.69131763779E-02,-3.418136194927E-03,0.),.UNSPECIFIED.);
#8744 = CARTESIAN_POINT('',(69.596847313848,50.891050236085,
    -59.63397856658));
#8745 = CARTESIAN_POINT('',(69.618012574851,50.891050236085,
    -59.69190275763));
#8746 = CARTESIAN_POINT('',(69.642887370742,50.891050236085,
    -59.74830872272));
#8747 = CARTESIAN_POINT('',(69.67118513039,50.891050236085,
    -59.80297679139));
#8748 = CARTESIAN_POINT('',(69.698262990692,50.891050236085,
    -59.85528815259));
#8749 = CARTESIAN_POINT('',(69.728476176985,50.891050236085,
    -59.9060086283));
#8750 = CARTESIAN_POINT('',(69.761608153554,50.891050236085,
    -59.95491375568));
#8751 = CARTESIAN_POINT('',(69.768972984499,50.891050236085,
    -59.96578476407));
#8752 = CARTESIAN_POINT('',(69.776479303643,50.891050236085,
    -59.97656162674));
#8753 = CARTESIAN_POINT('',(69.784120127123,50.891050236085,
    -59.98723596877));
#8754 = CARTESIAN_POINT('',(69.819156960559,50.891050236085,
    -60.03618293693));
#8755 = CARTESIAN_POINT('',(69.85704639241,50.891050236085,
    -60.0830175784));
#8756 = CARTESIAN_POINT('',(69.897542335221,50.891050236085,
    -60.12751023383));
#8757 = CARTESIAN_POINT('',(69.922841274903,50.891050236085,
    -60.15530603083));
#8758 = CARTESIAN_POINT('',(69.949158218453,50.891050236085,
    -60.18218703371));
#8759 = CARTESIAN_POINT('',(69.976438414781,50.891050236085,
    -60.20808831878));
#8760 = CARTESIAN_POINT('',(69.985205304624,50.891050236085,
    -60.21641207533));
#8761 = CARTESIAN_POINT('',(69.994073172707,50.891050236085,
    -60.22463592482));
#8762 = CARTESIAN_POINT('',(70.003035593002,50.891050236085,
    -60.2327533232));
#8763 = CARTESIAN_POINT('',(70.046621613295,50.891050236085,
    -60.27222983502));
#8764 = CARTESIAN_POINT('',(70.092303129938,50.891050236085,
    -60.3090684267));
#8765 = CARTESIAN_POINT('',(70.139845167588,50.891050236085,
    -60.34306363794));
#8766 = CARTESIAN_POINT('',(70.186411749089,50.891050236085,
    -60.37636134357));
#8767 = CARTESIAN_POINT('',(70.234764212989,50.891050236085,
    -60.40693156801));
#8768 = CARTESIAN_POINT('',(70.284702057401,50.891050236085,
    -60.434536508));
#8769 = CARTESIAN_POINT('',(70.333462381993,50.891050236085,
    -60.46149053155));
#8770 = CARTESIAN_POINT('',(70.3837349694,50.891050236085,
    -60.48561777234));
#8771 = CARTESIAN_POINT('',(70.435340435417,50.891050236085,
    -60.50664853551));
#8772 = CARTESIAN_POINT('',(70.447450733978,50.891050236085,
    -60.51158384257));
#8773 = CARTESIAN_POINT('',(70.459634439188,50.891050236085,
    -60.51634840005));
#8774 = CARTESIAN_POINT('',(70.471889224275,50.891050236085,
    -60.5209382965));
#8775 = CARTESIAN_POINT('',(70.482178435455,50.891050236085,
    -60.52479200863));
#8776 = CARTESIAN_POINT('',(70.492511247262,50.891050236085,
    -60.52852008463));
#8777 = CARTESIAN_POINT('',(70.502878466631,50.891050236085,
    -60.53211815533));
#8778 = CARTESIAN_POINT('',(70.552614615265,50.891050236085,
    -60.54937969604));
#8779 = CARTESIAN_POINT('',(70.603196813138,50.891050236085,
    -60.56367305821));
#8780 = CARTESIAN_POINT('',(70.654464112973,50.891050236085,
    -60.57481062456));
#8781 = CARTESIAN_POINT('',(70.709692530218,50.891050236085,
    -60.586808724));
#8782 = CARTESIAN_POINT('',(70.765717043589,50.891050236085,
    -60.59514487344));
#8783 = CARTESIAN_POINT('',(70.822201442384,50.891050236085,
    -60.59991118212));
#8784 = CARTESIAN_POINT('',(70.870596537773,50.891050236085,
    -60.60399489318));
#8785 = CARTESIAN_POINT('',(70.919329682528,50.891050236085,
    -60.60545697014));
#8786 = CARTESIAN_POINT('',(70.968180603158,50.891050236085,
    -60.60432619778));
#8787 = CARTESIAN_POINT('',(70.979321036436,50.891050236085,
    -60.60406832559));
#8788 = CARTESIAN_POINT('',(70.990467540355,50.891050236085,
    -60.60367550532));
#8789 = CARTESIAN_POINT('',(71.001617394245,50.891050236085,
    -60.60314790052));
#8790 = CARTESIAN_POINT('',(71.012432416344,50.891050236085,
    -60.60263613978));
#8791 = CARTESIAN_POINT('',(71.023242842547,50.891050236085,
    -60.6019978806));
#8792 = CARTESIAN_POINT('',(71.034039236527,50.891050236085,
    -60.60123441015));
#8793 = CARTESIAN_POINT('',(71.089410750846,50.891050236085,
    -60.59731879581));
#8794 = CARTESIAN_POINT('',(71.144472993592,50.891050236085,
    -60.59011110368));
#8795 = CARTESIAN_POINT('',(71.198910831653,50.891050236085,
    -60.57970916108));
#8796 = CARTESIAN_POINT('',(71.252990265634,50.891050236085,
    -60.56937570207));
#8797 = CARTESIAN_POINT('',(71.306454572419,50.891050236085,
    -60.5558894049));
#8798 = CARTESIAN_POINT('',(71.358973853145,50.891050236085,
    -60.53929984491));
#8799 = CARTESIAN_POINT('',(71.386292123841,50.891050236085,
    -60.53067066942));
#8800 = CARTESIAN_POINT('',(71.413354259795,50.891050236085,
    -60.52120114775));
#8801 = CARTESIAN_POINT('',(71.44011010977,50.891050236085,
    -60.51089392988));
#8802 = CARTESIAN_POINT('',(71.459724073096,50.891050236085,
    -60.5033379975));
#8803 = CARTESIAN_POINT('',(71.479173386269,50.891050236085,
    -60.49533183085));
#8804 = CARTESIAN_POINT('',(71.498437174402,50.891050236085,
    -60.4868755642));
#8805 = CARTESIAN_POINT('',(71.508163937889,50.891050236085,
    -60.48260578585));
#8806 = CARTESIAN_POINT('',(71.517844554951,50.891050236085,
    -60.47822057635));
#8807 = CARTESIAN_POINT('',(71.527460115529,50.891050236085,
    -60.4737277769));
#8808 = CARTESIAN_POINT('',(71.575619200043,50.891050236085,
    -60.45122580142));
#8809 = CARTESIAN_POINT('',(71.622243411212,50.891050236085,
    -60.4259879825));
#8810 = CARTESIAN_POINT('',(71.667037759711,50.891050236085,
    -60.39807220367));
#8811 = CARTESIAN_POINT('',(71.710240415242,50.891050236085,
    -60.37114836579));
#8812 = CARTESIAN_POINT('',(71.751741578689,50.891050236085,
    -60.34173290641));
#8813 = CARTESIAN_POINT('',(71.791242707994,50.891050236085,
    -60.30984487395));
#8814 = CARTESIAN_POINT('',(71.825966672486,50.891050236085,
    -60.28181329798));
#8815 = CARTESIAN_POINT('',(71.859144951886,50.891050236085,
    -60.25187041363));
#8816 = CARTESIAN_POINT('',(71.890546135256,50.891050236085,
    -60.22001196073));
#8817 = CARTESIAN_POINT('',(71.898499688561,50.891050236085,
    -60.21194258639));
#8818 = CARTESIAN_POINT('',(71.906339077093,50.891050236085,
    -60.20375024354));
#8819 = CARTESIAN_POINT('',(71.914062830417,50.891050236085,
    -60.19543791238));
#8820 = ORIENTED_EDGE('',*,*,#8821,.F.);
#8821 = EDGE_CURVE('',#8822,#644,#8824,.T.);
#8822 = VERTEX_POINT('',#8823);
#8823 = CARTESIAN_POINT('',(71.087496742066,50.891050236085,
    -60.49996472472));
#8824 = CIRCLE('',#8825,1.2645);
#8825 = AXIS2_PLACEMENT_3D('',#8826,#8827,#8828);
#8826 = CARTESIAN_POINT('',(71.087496742066,50.891050236085,
    -59.23546472472));
#8827 = DIRECTION('',(0.,-1.,2.22044604925E-16));
#8828 = DIRECTION('',(0.,2.22044604925E-16,1.));
#8829 = ORIENTED_EDGE('',*,*,#8830,.F.);
#8830 = EDGE_CURVE('',#670,#8822,#8831,.T.);
#8831 = CIRCLE('',#8832,1.2645);
#8832 = AXIS2_PLACEMENT_3D('',#8833,#8834,#8835);
#8833 = CARTESIAN_POINT('',(71.087496742066,50.891050236085,
    -59.23546472472));
#8834 = DIRECTION('',(0.,-1.,2.22044604925E-16));
#8835 = DIRECTION('',(0.,2.22044604925E-16,1.));
#8836 = ORIENTED_EDGE('',*,*,#8301,.T.);
#8837 = PLANE('',#8838);
#8838 = AXIS2_PLACEMENT_3D('',#8839,#8840,#8841);
#8839 = CARTESIAN_POINT('',(71.087496742066,50.891050236085,
    -59.23546472472));
#8840 = DIRECTION('',(0.,1.,0.));
#8841 = DIRECTION('',(0.,-0.,1.));
#8842 = ADVANCED_FACE('',(#8843),#8973,.F.);
#8843 = FACE_BOUND('',#8844,.F.);
#8844 = EDGE_LOOP('',(#8845,#8846,#8847,#8848,#8849,#8850,#8851,#8852,
    #8853,#8854,#8855,#8856,#8857,#8858,#8883,#8884,#8885,#8886,#8887,
    #8888,#8889,#8890,#8891));
#8845 = ORIENTED_EDGE('',*,*,#710,.F.);
#8846 = ORIENTED_EDGE('',*,*,#757,.F.);
#8847 = ORIENTED_EDGE('',*,*,#803,.F.);
#8848 = ORIENTED_EDGE('',*,*,#849,.F.);
#8849 = ORIENTED_EDGE('',*,*,#894,.F.);
#8850 = ORIENTED_EDGE('',*,*,#940,.F.);
#8851 = ORIENTED_EDGE('',*,*,#985,.F.);
#8852 = ORIENTED_EDGE('',*,*,#1031,.F.);
#8853 = ORIENTED_EDGE('',*,*,#1077,.F.);
#8854 = ORIENTED_EDGE('',*,*,#8226,.F.);
#8855 = ORIENTED_EDGE('',*,*,#1143,.F.);
#8856 = ORIENTED_EDGE('',*,*,#8742,.T.);
#8857 = ORIENTED_EDGE('',*,*,#643,.T.);
#8858 = ORIENTED_EDGE('',*,*,#8859,.T.);
#8859 = EDGE_CURVE('',#646,#600,#8860,.T.);
#8860 = B_SPLINE_CURVE_WITH_KNOTS('',3,(#8861,#8862,#8863,#8864,#8865,
    #8866,#8867,#8868,#8869,#8870,#8871,#8872,#8873,#8874,#8875,#8876,
    #8877,#8878,#8879,#8880,#8881,#8882),.UNSPECIFIED.,.F.,.F.,(4,3,3,3,
    3,3,3,4),(7.592748448157,7.975017096153,8.971894233173,
    9.968771370192,10.965648507211,11.96252564423,12.959402781249,
    13.875933755336),.UNSPECIFIED.);
#8861 = CARTESIAN_POINT('',(71.088237128341,50.447630562466,
    -60.49839731705));
#8862 = CARTESIAN_POINT('',(71.249845497055,50.437490571646,
    -60.49926466076));
#8863 = CARTESIAN_POINT('',(71.411157334232,50.427350580827,
    -60.47049384154));
#8864 = CARTESIAN_POINT('',(71.559980433057,50.417210590007,
    -60.41066121193));
#8865 = CARTESIAN_POINT('',(71.948080125399,50.390767602672,
    -60.25463015674));
#8866 = CARTESIAN_POINT('',(72.251249161989,50.364324615336,
    -59.88736079617));
#8867 = CARTESIAN_POINT('',(72.330923821987,50.337881628001,
    -59.47672862051));
#8868 = CARTESIAN_POINT('',(72.410598481985,50.311438640666,
    -59.06609644486));
#8869 = CARTESIAN_POINT('',(72.266778765392,50.284995653331,
    -58.61210145413));
#8870 = CARTESIAN_POINT('',(71.965197559614,50.258552665995,
    -58.32224902124));
#8871 = CARTESIAN_POINT('',(71.663616353835,50.23210967866,
    -58.03239658834));
#8872 = CARTESIAN_POINT('',(71.204273658871,50.205666691325,
    -57.90668671329));
#8873 = CARTESIAN_POINT('',(70.797123931332,50.179223703989,
    -58.00257950889));
#8874 = CARTESIAN_POINT('',(70.389974203793,50.152780716654,
    -58.09847230449));
#8875 = CARTESIAN_POINT('',(70.035017443679,50.126337729319,
    -58.41596777074));
#8876 = CARTESIAN_POINT('',(69.894493898,50.099894741983,-58.80994668478
    ));
#8877 = CARTESIAN_POINT('',(69.753970352321,50.073451754648,
    -59.20392559883));
#8878 = CARTESIAN_POINT('',(69.827880021076,50.047008767313,
    -59.67438796066));
#8879 = CARTESIAN_POINT('',(70.082441182267,50.020565779977,
    -60.00629871667));
#8880 = CARTESIAN_POINT('',(70.31648525888,49.996254040807,
    -60.31145817636));
#8881 = CARTESIAN_POINT('',(70.703234095679,49.971942301637,
    -60.49949992251));
#8882 = CARTESIAN_POINT('',(71.088089807333,49.947630562466,
    -60.5017381067));
#8883 = ORIENTED_EDGE('',*,*,#599,.T.);
#8884 = ORIENTED_EDGE('',*,*,#530,.T.);
#8885 = ORIENTED_EDGE('',*,*,#461,.T.);
#8886 = ORIENTED_EDGE('',*,*,#386,.T.);
#8887 = ORIENTED_EDGE('',*,*,#317,.T.);
#8888 = ORIENTED_EDGE('',*,*,#248,.T.);
#8889 = ORIENTED_EDGE('',*,*,#176,.T.);
#8890 = ORIENTED_EDGE('',*,*,#110,.T.);
#8891 = ORIENTED_EDGE('',*,*,#8892,.T.);
#8892 = EDGE_CURVE('',#102,#713,#8893,.T.);
#8893 = B_SPLINE_CURVE_WITH_KNOTS('',3,(#8894,#8895,#8896,#8897,#8898,
    #8899,#8900,#8901,#8902,#8903,#8904,#8905,#8906,#8907,#8908,#8909,
    #8910,#8911,#8912,#8913,#8914,#8915,#8916,#8917,#8918,#8919,#8920,
    #8921,#8922,#8923,#8924,#8925,#8926,#8927,#8928,#8929,#8930,#8931,
    #8932,#8933,#8934,#8935,#8936,#8937,#8938,#8939,#8940,#8941,#8942,
    #8943,#8944,#8945,#8946,#8947,#8948,#8949,#8950,#8951,#8952,#8953,
    #8954,#8955,#8956,#8957,#8958,#8959,#8960,#8961,#8962,#8963,#8964,
    #8965,#8966,#8967,#8968,#8969,#8970,#8971,#8972),.UNSPECIFIED.,.F.,
  .F.,(4,3,3,3,3,3,3,3,3,3,3,3,3,3,3,3,3,3,3,3,3,3,3,3,3,3,4),(0.,
    1.513116655666E-02,3.094577147562E-02,4.381405313397E-02,
    4.983817765924E-02,5.292810253091E-02,6.925012858021E-02,
    8.621194576537E-02,9.813196550964E-02,0.101651985996,0.104313468026,
    0.121393320921,0.133892024742,0.150539487567,0.155255290528,
    0.158465899642,0.175489545303,0.19292213712,0.203932739351,
    0.212630040117,0.215915436635,0.233915880727,0.24696896028,
    0.251154198348,0.269342905219,0.281006954964,0.285142803995),
  .UNSPECIFIED.);
#8894 = CARTESIAN_POINT('',(69.857060854012,46.05411767968,
    -59.52699135367));
#8895 = CARTESIAN_POINT('',(69.840183051148,46.05411767968,
    -59.47946185631));
#8896 = CARTESIAN_POINT('',(69.82645111929,46.05411767968,
    -59.43104033103));
#8897 = CARTESIAN_POINT('',(69.815717518501,46.05411767968,
    -59.3820111338));
#8898 = CARTESIAN_POINT('',(69.804499106809,46.05411767968,
    -59.33076740578));
#8899 = CARTESIAN_POINT('',(69.796555659479,46.05411767968,
    -59.27885918384));
#8900 = CARTESIAN_POINT('',(69.791766620176,46.05411767968,
    -59.22657990798));
#8901 = CARTESIAN_POINT('',(69.78786979778,46.05411767968,
    -59.18404046738));
#8902 = CARTESIAN_POINT('',(69.78606242702,46.05411767968,
    -59.14125451975));
#8903 = CARTESIAN_POINT('',(69.786303424209,46.05411767968,
    -59.09837129888));
#8904 = CARTESIAN_POINT('',(69.786416244018,46.05411767968,
    -59.07829605733));
#8905 = CARTESIAN_POINT('',(69.786978274241,46.05411767968,
    -59.05819942319));
#8906 = CARTESIAN_POINT('',(69.787986910724,46.05411767968,
    -59.03809647978));
#8907 = CARTESIAN_POINT('',(69.788504265726,46.05411767968,
    -59.02778517487));
#8908 = CARTESIAN_POINT('',(69.789138779719,46.05411767968,
    -59.01748019512));
#8909 = CARTESIAN_POINT('',(69.78988909779,46.05411767968,
    -59.00718947182));
#8910 = CARTESIAN_POINT('',(69.793852531079,46.05411767968,
    -58.95283039812));
#8911 = CARTESIAN_POINT('',(69.801045769267,46.05411767968,
    -58.89881975138));
#8912 = CARTESIAN_POINT('',(69.811340333226,46.05411767968,
    -58.8454644065));
#8913 = CARTESIAN_POINT('',(69.82203842373,46.05411767968,
    -58.79001763764));
#8914 = CARTESIAN_POINT('',(69.836085447817,46.05411767968,
    -58.73527740128));
#8915 = CARTESIAN_POINT('',(69.853393387839,46.05411767968,
    -58.6815762819));
#8916 = CARTESIAN_POINT('',(69.865556647503,46.05411767968,
    -58.64383749505));
#8917 = CARTESIAN_POINT('',(69.87933155602,46.05411767968,
    -58.60661160443));
#8918 = CARTESIAN_POINT('',(69.894704221027,46.05411767968,
    -58.57001571591));
#8919 = CARTESIAN_POINT('',(69.899243818856,46.05411767968,
    -58.55920883135));
#8920 = CARTESIAN_POINT('',(69.903922837943,46.05411767968,
    -58.54845691019));
#8921 = CARTESIAN_POINT('',(69.908741147489,46.05411767968,
    -58.53776304426));
#8922 = CARTESIAN_POINT('',(69.912384263864,46.05411767968,
    -58.52967742882));
#8923 = CARTESIAN_POINT('',(69.916106228453,46.05411767968,
    -58.52162688801));
#8924 = CARTESIAN_POINT('',(69.919902860987,46.05411767968,
    -58.51362086132));
#8925 = CARTESIAN_POINT('',(69.944267453514,46.05411767968,
    -58.46224281078));
#8926 = CARTESIAN_POINT('',(69.971745722521,46.05411767968,
    -58.41260208535));
#8927 = CARTESIAN_POINT('',(70.002233504851,46.05411767968,
    -58.36502109756));
#8928 = CARTESIAN_POINT('',(70.024543870395,46.05411767968,
    -58.33020225705));
#8929 = CARTESIAN_POINT('',(70.048466943574,46.05411767968,
    -58.29648615735));
#8930 = CARTESIAN_POINT('',(70.073979385288,46.05411767968,
    -58.26400198257));
#8931 = CARTESIAN_POINT('',(70.107960302915,46.05411767968,
    -58.22073516867));
#8932 = CARTESIAN_POINT('',(70.144759242893,46.05411767968,
    -58.17965227603));
#8933 = CARTESIAN_POINT('',(70.184082165118,46.05411767968,
    -58.14082792829));
#8934 = CARTESIAN_POINT('',(70.19522134921,46.05411767968,
    -58.12982997768));
#8935 = CARTESIAN_POINT('',(70.206563334284,46.05411767968,
    -58.11901344267));
#8936 = CARTESIAN_POINT('',(70.218102025535,46.05411767968,
    -58.10838047154));
#8937 = CARTESIAN_POINT('',(70.225957787872,46.05411767968,
    -58.10114134084));
#8938 = CARTESIAN_POINT('',(70.233905479506,46.05411767968,
    -58.09398678565));
#8939 = CARTESIAN_POINT('',(70.241930386401,46.05411767968,
    -58.08692841162));
#8940 = CARTESIAN_POINT('',(70.284480932603,46.05411767968,
    -58.04950272252));
#8941 = CARTESIAN_POINT('',(70.329278182155,46.05411767968,
    -58.01470410992));
#8942 = CARTESIAN_POINT('',(70.375972229024,46.05411767968,
    -57.98258277079));
#8943 = CARTESIAN_POINT('',(70.423787971642,46.05411767968,
    -57.94968980503));
#8944 = CARTESIAN_POINT('',(70.473593457872,46.05411767968,
    -57.91960365301));
#8945 = CARTESIAN_POINT('',(70.525059688446,46.05411767968,
    -57.89240882299));
#8946 = CARTESIAN_POINT('',(70.557566282939,46.05411767968,
    -57.87523229186));
#8947 = CARTESIAN_POINT('',(70.590736302215,46.05411767968,
    -57.85920984237));
#8948 = CARTESIAN_POINT('',(70.624494002796,46.05411767968,
    -57.84437060252));
#8949 = CARTESIAN_POINT('',(70.651159290396,46.05411767968,
    -57.83264905185));
#8950 = CARTESIAN_POINT('',(70.678191379856,46.05411767968,
    -57.82166587099));
#8951 = CARTESIAN_POINT('',(70.705554671956,46.05411767968,
    -57.81143850555));
#8952 = CARTESIAN_POINT('',(70.715891127717,46.05411767968,
    -57.80757512865));
#8953 = CARTESIAN_POINT('',(70.726265930085,46.05411767968,
    -57.80382297572));
#8954 = CARTESIAN_POINT('',(70.736676059085,46.05411767968,
    -57.80018282912));
#8955 = CARTESIAN_POINT('',(70.793712384525,46.05411767968,
    -57.78023873561));
#8956 = CARTESIAN_POINT('',(70.851814490337,46.05411767968,
    -57.76365059474));
#8957 = CARTESIAN_POINT('',(70.910638513617,46.05411767968,
    -57.75052148264));
#8958 = CARTESIAN_POINT('',(70.953294942071,46.05411767968,
    -57.74100086505));
#8959 = CARTESIAN_POINT('',(70.996331863705,46.05411767968,
    -57.73329992539));
#8960 = CARTESIAN_POINT('',(71.039626310598,46.05411767968,
    -57.72747304938));
#8961 = CARTESIAN_POINT('',(71.053507905859,46.05411767968,
    -57.72560476511));
#8962 = CARTESIAN_POINT('',(71.067416877214,46.05411767968,
    -57.72392929008));
#8963 = CARTESIAN_POINT('',(71.081332700475,46.05411767968,
    -57.72245009247));
#8964 = CARTESIAN_POINT('',(71.141809745285,46.05411767968,-57.716021619
    ));
#8965 = CARTESIAN_POINT('',(71.20248681745,46.05411767968,
    -57.71328596097));
#8966 = CARTESIAN_POINT('',(71.263029860731,46.05411767968,
    -57.71436465334));
#8967 = CARTESIAN_POINT('',(71.301854889554,46.05411767968,
    -57.71505639693));
#8968 = CARTESIAN_POINT('',(71.340625305106,46.05411767968,
    -57.71731765013));
#8969 = CARTESIAN_POINT('',(71.379255790639,46.05411767968,
    -57.72119146016));
#8970 = CARTESIAN_POINT('',(71.392953422221,46.05411767968,
    -57.72256503913));
#8971 = CARTESIAN_POINT('',(71.406633469496,46.05411767968,
    -57.72414144557));
#8972 = CARTESIAN_POINT('',(71.420293102163,46.05411767968,
    -57.72591796188));
#8973 = B_SPLINE_SURFACE_WITH_KNOTS('',3,3,(
    (#8974,#8975,#8976,#8977,#8978,#8979,#8980,#8981,#8982,#8983,#8984
      ,#8985,#8986,#8987,#8988,#8989,#8990,#8991,#8992,#8993,#8994,#8995
      ,#8996,#8997,#8998,#8999,#9000,#9001,#9002,#9003,#9004,#9005,#9006
      ,#9007,#9008,#9009,#9010,#9011,#9012,#9013,#9014,#9015,#9016,#9017
      ,#9018,#9019,#9020,#9021,#9022,#9023,#9024,#9025,#9026,#9027,#9028
      ,#9029,#9030,#9031,#9032,#9033,#9034,#9035,#9036,#9037,#9038,#9039
      )
    ,(#9040,#9041,#9042,#9043,#9044,#9045,#9046,#9047,#9048,#9049,#9050
      ,#9051,#9052,#9053,#9054,#9055,#9056,#9057,#9058,#9059,#9060,#9061
      ,#9062,#9063,#9064,#9065,#9066,#9067,#9068,#9069,#9070,#9071,#9072
      ,#9073,#9074,#9075,#9076,#9077,#9078,#9079,#9080,#9081,#9082,#9083
      ,#9084,#9085,#9086,#9087,#9088,#9089,#9090,#9091,#9092,#9093,#9094
      ,#9095,#9096,#9097,#9098,#9099,#9100,#9101,#9102,#9103,#9104,#9105
      )
    ,(#9106,#9107,#9108,#9109,#9110,#9111,#9112,#9113,#9114,#9115,#9116
      ,#9117,#9118,#9119,#9120,#9121,#9122,#9123,#9124,#9125,#9126,#9127
      ,#9128,#9129,#9130,#9131,#9132,#9133,#9134,#9135,#9136,#9137,#9138
      ,#9139,#9140,#9141,#9142,#9143,#9144,#9145,#9146,#9147,#9148,#9149
      ,#9150,#9151,#9152,#9153,#9154,#9155,#9156,#9157,#9158,#9159,#9160
      ,#9161,#9162,#9163,#9164,#9165,#9166,#9167,#9168,#9169,#9170,#9171
      )
    ,(#9172,#9173,#9174,#9175,#9176,#9177,#9178,#9179,#9180,#9181,#9182
      ,#9183,#9184,#9185,#9186,#9187,#9188,#9189,#9190,#9191,#9192,#9193
      ,#9194,#9195,#9196,#9197,#9198,#9199,#9200,#9201,#9202,#9203,#9204
      ,#9205,#9206,#9207,#9208,#9209,#9210,#9211,#9212,#9213,#9214,#9215
      ,#9216,#9217,#9218,#9219,#9220,#9221,#9222,#9223,#9224,#9225,#9226
      ,#9227,#9228,#9229,#9230,#9231,#9232,#9233,#9234,#9235,#9236,#9237
      )),.UNSPECIFIED.,.F.,.F.,.F.,(4,4),(4,1,1,1,1,1,1,1,1,1,1,1,1,1,1,
    1,1,1,1,1,1,1,1,1,1,1,1,1,1,1,1,1,1,1,1,1,1,1,1,1,1,1,1,1,1,1,1,1,1,
    1,1,1,1,1,1,1,1,1,1,1,1,1,1,4),(0.,3.215840999386E-02),(
    14.398400126972,15.395277263991,16.39215440101,17.389031538029,
    18.385908675048,19.382785812067,20.379662949087,21.376540086106,
    22.373417223125,23.370294360144,24.367171497163,25.364048634182,
    26.360925771202,27.357802908221,28.35468004524,29.351557182259,
    30.348434319278,31.345311456298,32.342188593317,33.339065730336,
    34.335942867355,35.332820004374,36.329697141393,37.326574278413,
    38.323451415432,39.320328552451,40.31720568947,41.314082826489,
    42.310959963508,43.307837100528,44.304714237547,45.301591374566,
    46.298468511585,47.295345648604,48.292222785623,49.289099922643,
    50.285977059662,51.282854196681,52.2797313337,53.276608470719,
    54.273485607739,55.270362744758,56.267239881777,57.264117018796,
    58.260994155815,59.257871292834,60.254748429853,61.251625566873,
    62.248502703892,63.245379840911,64.24225697793,65.239134114949,
    66.236011251969,67.232888388988,68.229765526007,69.226642663026,
    70.223519800045,71.220396937064,72.217274074084,73.214151211103,
    74.211028348122,75.207905485141,76.20478262216,77.201659759179),
  .UNSPECIFIED.);
#8974 = CARTESIAN_POINT('',(69.596847313848,50.891050236085,
    -59.63397856658));
#8975 = CARTESIAN_POINT('',(69.729270426425,50.86460724875,
    -60.12931001134));
#8976 = CARTESIAN_POINT('',(70.525209444824,50.81172127408,
    -60.96893464455));
#8977 = CARTESIAN_POINT('',(72.240663900681,50.732392312074,
    -60.6491799605));
#8978 = CARTESIAN_POINT('',(72.899481199793,50.653063350067,
    -59.03445769122));
#8979 = CARTESIAN_POINT('',(71.903103247165,50.573734388062,
    -57.60473985229));
#8980 = CARTESIAN_POINT('',(70.160556569596,50.494405426056,
    -57.66513363279));
#8981 = CARTESIAN_POINT('',(69.265651475811,50.41507646405,
    -59.16133176396));
#8982 = CARTESIAN_POINT('',(70.036039925694,50.335747502044,
    -60.72515592581));
#8983 = CARTESIAN_POINT('',(71.767678898669,50.256418540038,
    -60.92725506476));
#8984 = CARTESIAN_POINT('',(72.877500543884,50.177089578032,
    -59.58277908998));
#8985 = CARTESIAN_POINT('',(72.351014606272,50.097760616026,
    -57.92082352486));
#8986 = CARTESIAN_POINT('',(70.669482510592,50.01843165402,
    -57.4606329265));
#8987 = CARTESIAN_POINT('',(69.370079709035,49.939102692014,
    -58.62289984092));
#8988 = CARTESIAN_POINT('',(69.640643454919,49.859773730008,
    -60.34513809552));
#8989 = CARTESIAN_POINT('',(71.233841852414,49.780444768002,
    -61.05297479473));
#8990 = CARTESIAN_POINT('',(72.693259175696,49.701115805996,
    -60.09934319788));
#8991 = CARTESIAN_POINT('',(72.684776888602,49.62178684399,
    -58.35600156191));
#8992 = CARTESIAN_POINT('',(71.216148735269,49.542457881984,
    -57.41661673915));
#8993 = CARTESIAN_POINT('',(69.6299140436,49.463128919978,
    -58.13992288182));
#8994 = CARTESIAN_POINT('',(69.376121365435,49.383799957972,
    -59.86471317436));
#8995 = CARTESIAN_POINT('',(70.686774059657,49.304470995966,
    -61.01427911097));
#8996 = CARTESIAN_POINT('',(72.363745412651,49.225142033961,
    -60.53775064257));
#8997 = CARTESIAN_POINT('',(72.874040339435,49.145813071955,
    -58.87074392686));
#8998 = CARTESIAN_POINT('',(71.751175245241,49.066484109949,
    -57.53714492871));
#8999 = CARTESIAN_POINT('',(70.021611720702,48.987155147943,
    -57.75605659795));
#9000 = CARTESIAN_POINT('',(69.266421732062,48.907826185937,
    -59.32736191072));
#9001 = CARTESIAN_POINT('',(70.175958483876,48.828497223931,
    -60.81465986421));
#9002 = CARTESIAN_POINT('',(71.91877343937,48.749168261925,
    -60.85834436819));
#9003 = CARTESIAN_POINT('',(72.901680901248,48.669839299919,
    -59.41848144886));
#9004 = CARTESIAN_POINT('',(72.226160860096,48.590510337913,
    -57.81131469363));
#9005 = CARTESIAN_POINT('',(70.509736630433,48.511181375907,
    -57.50602766656));
#9006 = CARTESIAN_POINT('',(69.321468957767,48.431852413901,
    -58.781696998));
#9007 = CARTESIAN_POINT('',(69.747606875486,48.352523451895,
    -60.4721758592));
#9008 = CARTESIAN_POINT('',(71.398598507477,48.273194489889,
    -61.03212133528));
#9009 = CARTESIAN_POINT('',(72.765197994721,48.193865527883,
    -59.94966203049));
#9010 = CARTESIAN_POINT('',(72.598135154931,48.114536565877,
    -58.21432278046));
#9011 = CARTESIAN_POINT('',(71.050129659272,48.035207603871,
    -57.41245540335));
#9012 = CARTESIAN_POINT('',(69.536283098098,47.955878641865,
    -58.2770830077));
#9013 = CARTESIAN_POINT('',(69.440470840188,47.876549679859,
    -60.01781053279));
#9014 = CARTESIAN_POINT('',(70.850279188724,47.797220717853,
    -61.04336049514));
#9015 = CARTESIAN_POINT('',(72.476938793767,47.717891755848,
    -60.41623145445));
#9016 = CARTESIAN_POINT('',(72.833446799097,47.638562793842,
    -58.70971032955));
#9017 = CARTESIAN_POINT('',(71.593903168933,47.559233831836,
    -57.48380499411));
#9018 = CARTESIAN_POINT('',(69.891430601841,47.47990486983,
    -57.85917076006));
#9019 = CARTESIAN_POINT('',(69.282335996728,47.400575907824,
    -59.49266887439));
#9020 = CARTESIAN_POINT('',(70.323420189633,47.321246945818,
    -60.89104506841));
#9021 = CARTESIAN_POINT('',(72.062981186303,47.241917983812,
    -60.77598068666));
#9022 = CARTESIAN_POINT('',(72.910807906824,47.162589021806,
    -59.25266116996));
#9023 = CARTESIAN_POINT('',(72.091863679495,47.0832600598,-57.7136217418
    ));
#9024 = CARTESIAN_POINT('',(70.354782446938,47.003931097794,
    -57.56576729475));
#9025 = CARTESIAN_POINT('',(69.287508213169,46.924602135788,
    -58.9442590925));
#9026 = CARTESIAN_POINT('',(69.865684949548,46.845273173782,
    -60.58895389936));
#9027 = CARTESIAN_POINT('',(71.5607742239,46.765944211776,
    -60.99636569719));
#9028 = CARTESIAN_POINT('',(72.823220641937,46.68661524977,
    -59.79405350096));
#9029 = CARTESIAN_POINT('',(72.498960682218,46.607286287764,
    -58.08112057132));
#9030 = CARTESIAN_POINT('',(70.884423984099,46.527957325758,
    -57.4234040812));
#9031 = CARTESIAN_POINT('',(69.455512719829,46.448628363752,
    -58.42221847513));
#9032 = CARTESIAN_POINT('',(69.518497485416,46.369299401746,
    -60.16436579732));
#9033 = CARTESIAN_POINT('',(71.015721703438,46.289970439741,
    -61.05755313241));
#9034 = CARTESIAN_POINT('',(72.578669269674,46.210641477734,
    -60.28469400073));
#9035 = CARTESIAN_POINT('',(72.77824076512,46.131312515729,
    -58.55349980548));
#9036 = CARTESIAN_POINT('',(71.432707556048,46.051983553723,
    -57.44403659122));
#9037 = CARTESIAN_POINT('',(69.770667457081,45.972654591717,
    -57.97568474321));
#9038 = CARTESIAN_POINT('',(69.467855626844,45.919768617046,
    -59.09228379442));
#9039 = CARTESIAN_POINT('',(69.586063309667,45.893325629711,
    -59.59119868159));
#9040 = CARTESIAN_POINT('',(69.686531017835,50.944647586075,
    -59.61000230713));
#9041 = CARTESIAN_POINT('',(69.810987002123,50.91820459874,
    -60.07553254054));
#9042 = CARTESIAN_POINT('',(70.559039000296,50.865318624069,
    -60.86464184423));
#9043 = CARTESIAN_POINT('',(72.171284541495,50.785989662063,
    -60.56412493929));
#9044 = CARTESIAN_POINT('',(72.790464636501,50.706660700057,
    -59.04655111503));
#9045 = CARTESIAN_POINT('',(71.854032948683,50.627331738051,
    -57.70285108084));
#9046 = CARTESIAN_POINT('',(70.216325167141,50.548002776046,
    -57.75961131892));
#9047 = CARTESIAN_POINT('',(69.375261306584,50.468673814039,
    -59.16579191293));
#9048 = CARTESIAN_POINT('',(70.099299965306,50.389344852034,
    -60.63552987277));
#9049 = CARTESIAN_POINT('',(71.726756295383,50.310015890028,
    -60.82546988228));
#9050 = CARTESIAN_POINT('',(72.769806428782,50.230686928022,
    -59.56188320518));
#9051 = CARTESIAN_POINT('',(72.274996087115,50.151357966016,
    -57.99991783771));
#9052 = CARTESIAN_POINT('',(70.694631995031,50.07202900401,
    -57.56741423042));
#9053 = CARTESIAN_POINT('',(69.473406700545,49.992700042004,
    -58.65975430628));
#9054 = CARTESIAN_POINT('',(69.72769219989,49.913371079998,
    -60.27837550451));
#9055 = CARTESIAN_POINT('',(71.225037118512,49.834042117992,
    -60.9436257875));
#9056 = CARTESIAN_POINT('',(72.596649791863,49.754713155986,
    -60.04736865591));
#9057 = CARTESIAN_POINT('',(72.588677834636,49.67538419398,
    -58.40891374399));
#9058 = CARTESIAN_POINT('',(71.208408493293,49.596055231974,
    -57.52604624098));
#9059 = CARTESIAN_POINT('',(69.71760831483,49.516726269968,
    -58.20583526101));
#9060 = CARTESIAN_POINT('',(69.479084865628,49.437397307962,
    -59.82685495591));
#9061 = CARTESIAN_POINT('',(70.710883212185,49.358068345956,
    -60.90725819791));
#9062 = CARTESIAN_POINT('',(72.286960954937,49.27873938395,
    -60.45939967517));
#9063 = CARTESIAN_POINT('',(72.766554404704,49.199410421944,
    -58.89268705544));
#9064 = CARTESIAN_POINT('',(71.711245570768,49.120081459938,
    -57.63932295057));
#9065 = CARTESIAN_POINT('',(70.085739821469,49.040752497933,
    -57.84506397823));
#9066 = CARTESIAN_POINT('',(69.375985220998,48.961423535926,
    -59.32183299167));
#9067 = CARTESIAN_POINT('',(70.230800437841,48.88209457392,
    -60.71964887991));
#9068 = CARTESIAN_POINT('',(71.868760356588,48.802765611915,
    -60.76070514142));
#9069 = CARTESIAN_POINT('',(72.792531994717,48.723436649909,
    -59.4074703973));
#9070 = CARTESIAN_POINT('',(72.157654064487,48.644107687903,
    -57.89699751577));
#9071 = CARTESIAN_POINT('',(70.544497095132,48.564778725897,
    -57.61007783305));
#9072 = CARTESIAN_POINT('',(69.427720575379,48.485449763891,
    -58.80899756225));
#9073 = CARTESIAN_POINT('',(69.82822025372,48.406120801885,
    -60.39777014502));
#9074 = CARTESIAN_POINT('',(71.37988132414,48.326791839879,
    -60.92402695938));
#9075 = CARTESIAN_POINT('',(72.664260470663,48.247462877873,
    -59.90669293356));
#9076 = CARTESIAN_POINT('',(72.507248830027,48.168133915867,
    -58.27575895058));
#9077 = CARTESIAN_POINT('',(71.052377819255,48.088804953861,
    -57.52213526855));
#9078 = CARTESIAN_POINT('',(69.629610598605,48.009475991855,
    -58.33474326006));
#9079 = CARTESIAN_POINT('',(69.539562806849,47.930147029849,
    -59.97074133695));
#9080 = CARTESIAN_POINT('',(70.864551188855,47.850818067843,
    -60.93458992437));
#9081 = CARTESIAN_POINT('',(72.393344148833,47.771489105837,
    -60.34519158964));
#9082 = CARTESIAN_POINT('',(72.728403141529,47.692160143831,
    -58.74134191284));
#9083 = CARTESIAN_POINT('',(71.563435640335,47.612831181825,
    -57.58919216952));
#9084 = CARTESIAN_POINT('',(69.963390943179,47.533502219819,
    -57.94197436109));
#9085 = CARTESIAN_POINT('',(69.390942016943,47.454173257814,
    -59.47719439703));
#9086 = CARTESIAN_POINT('',(70.369390230647,47.374844295807,
    -60.79143843075));
#9087 = CARTESIAN_POINT('',(72.004291962341,47.295515333801,
    -60.68329680345));
#9088 = CARTESIAN_POINT('',(72.801109881466,47.216186371796,
    -59.2516265599));
#9089 = CARTESIAN_POINT('',(72.031436763947,47.13685740979,
    -57.8051821805));
#9090 = CARTESIAN_POINT('',(70.398865603385,47.057528447784,
    -57.66622327536));
#9091 = CARTESIAN_POINT('',(69.395803051212,46.978199485778,
    -58.96177924125));
#9092 = CARTESIAN_POINT('',(69.939194257005,46.898870523772,
    -60.50752232988));
#9093 = CARTESIAN_POINT('',(71.532299871191,46.819541561766,
    -60.89042253002));
#9094 = CARTESIAN_POINT('',(72.718792232753,46.74021259976,
    -59.76044646398));
#9095 = CARTESIAN_POINT('',(72.414041108372,46.660883637754,
    -58.15057074343));
#9096 = CARTESIAN_POINT('',(70.896641690536,46.581554675748,
    -57.53242522815));
#9097 = CARTESIAN_POINT('',(69.5536997041,46.502225713742,
    -58.47114677077));
#9098 = CARTESIAN_POINT('',(69.612895042767,46.422896751736,
    -60.10847922382));
#9099 = CARTESIAN_POINT('',(71.020039989949,46.34356778973,
    -60.94792867323));
#9100 = CARTESIAN_POINT('',(72.488954093839,46.264238827724,
    -60.22156797926));
#9101 = CARTESIAN_POINT('',(72.676518533446,46.184909865718,
    -58.59452966723));
#9102 = CARTESIAN_POINT('',(71.411938229694,46.105580903712,
    -57.55181640007));
#9103 = CARTESIAN_POINT('',(69.849893414279,46.026251941706,
    -58.05147837571));
#9104 = CARTESIAN_POINT('',(69.565300010207,45.973365967036,
    -59.10089815802));
#9105 = CARTESIAN_POINT('',(69.676395824449,45.9469229797,
    -59.56979623895));
#9106 = CARTESIAN_POINT('',(69.776214721823,50.998244936065,
    -59.58602604769));
#9107 = CARTESIAN_POINT('',(69.892703577821,50.97180194873,
    -60.02175506975));
#9108 = CARTESIAN_POINT('',(70.592868555769,50.918915974059,
    -60.76034904391));
#9109 = CARTESIAN_POINT('',(72.101905182308,50.839587012053,
    -60.47906991808));
#9110 = CARTESIAN_POINT('',(72.68144807321,50.760258050047,
    -59.05864453884));
#9111 = CARTESIAN_POINT('',(71.804962650202,50.680929088041,
    -57.80096230939));
#9112 = CARTESIAN_POINT('',(70.272093764685,50.601600126035,
    -57.85408900505));
#9113 = CARTESIAN_POINT('',(69.484871137358,50.522271164029,
    -59.1702520619));
#9114 = CARTESIAN_POINT('',(70.162560004917,50.442942202023,
    -60.54590381974));
#9115 = CARTESIAN_POINT('',(71.685833692096,50.363613240017,
    -60.7236846998));
#9116 = CARTESIAN_POINT('',(72.66211231368,50.284284278011,
    -59.54098732039));
#9117 = CARTESIAN_POINT('',(72.198977567957,50.204955316006,
    -58.07901215055));
#9118 = CARTESIAN_POINT('',(70.719781479469,50.125626354,-57.67419553433
    ));
#9119 = CARTESIAN_POINT('',(69.576733692055,50.046297391994,
    -58.69660877163));
#9120 = CARTESIAN_POINT('',(69.814740944861,49.966968429988,
    -60.21161291351));
#9121 = CARTESIAN_POINT('',(71.21623238461,49.887639467982,
    -60.83427678026));
#9122 = CARTESIAN_POINT('',(72.500040408029,49.808310505976,
    -59.99539411394));
#9123 = CARTESIAN_POINT('',(72.492578780669,49.72898154397,
    -58.46182592606));
#9124 = CARTESIAN_POINT('',(71.200668251317,49.649652581964,
    -57.63547574282));
#9125 = CARTESIAN_POINT('',(69.80530258606,49.570323619958,
    -58.27174764019));
#9126 = CARTESIAN_POINT('',(69.58204836582,49.490994657952,
    -59.78899673745));
#9127 = CARTESIAN_POINT('',(70.734992364713,49.411665695946,
    -60.80023728484));
#9128 = CARTESIAN_POINT('',(72.210176497223,49.33233673394,
    -60.38104870776));
#9129 = CARTESIAN_POINT('',(72.659068469974,49.253007771934,
    -58.91463018402));
#9130 = CARTESIAN_POINT('',(71.671315896296,49.173678809928,
    -57.74150097243));
#9131 = CARTESIAN_POINT('',(70.149867922236,49.094349847922,
    -57.93407135851));
#9132 = CARTESIAN_POINT('',(69.485548709934,49.015020885916,
    -59.31630407261));
#9133 = CARTESIAN_POINT('',(70.285642391807,48.93569192391,
    -60.6246378956));
#9134 = CARTESIAN_POINT('',(71.818747273806,48.856362961904,
    -60.66306591466));
#9135 = CARTESIAN_POINT('',(72.683383088186,48.777033999898,
    -59.39645934574));
#9136 = CARTESIAN_POINT('',(72.089147268879,48.697705037892,
    -57.9826803379));
#9137 = CARTESIAN_POINT('',(70.57925755983,48.618376075887,
    -57.71412799955));
#9138 = CARTESIAN_POINT('',(69.533972192991,48.539047113881,
    -58.83629812649));
#9139 = CARTESIAN_POINT('',(69.908833631953,48.459718151875,
    -60.32336443084));
#9140 = CARTESIAN_POINT('',(71.361164140803,48.380389189869,
    -60.81593258348));
#9141 = CARTESIAN_POINT('',(72.563322946605,48.301060227863,
    -59.86372383664));
#9142 = CARTESIAN_POINT('',(72.416362505122,48.221731265857,
    -58.3371951207));
#9143 = CARTESIAN_POINT('',(71.054625979237,48.142402303851,
    -57.63181513374));
#9144 = CARTESIAN_POINT('',(69.722938099111,48.063073341845,
    -58.39240351242));
#9145 = CARTESIAN_POINT('',(69.63865477351,47.983744379839,
    -59.9236721411));
#9146 = CARTESIAN_POINT('',(70.878823188986,47.904415417833,
    -60.82581935361));
#9147 = CARTESIAN_POINT('',(72.309749503899,47.825086455827,
    -60.27415172482));
#9148 = CARTESIAN_POINT('',(72.62335948396,47.745757493821,
    -58.77297349613));
#9149 = CARTESIAN_POINT('',(71.532968111736,47.666428531815,
    -57.69457934493));
#9150 = CARTESIAN_POINT('',(70.035351284517,47.587099569809,
    -58.02477796212));
#9151 = CARTESIAN_POINT('',(69.499548037159,47.507770607803,
    -59.46171991968));
#9152 = CARTESIAN_POINT('',(70.415360271661,47.428441645797,
    -60.6918317931));
#9153 = CARTESIAN_POINT('',(71.945602738379,47.349112683791,
    -60.59061292023));
#9154 = CARTESIAN_POINT('',(72.691411856107,47.269783721785,
    -59.25059194983));
#9155 = CARTESIAN_POINT('',(71.971009848398,47.190454759779,
    -57.8967426192));
#9156 = CARTESIAN_POINT('',(70.442948759832,47.111125797773,
    -57.76667925597));
#9157 = CARTESIAN_POINT('',(69.504097889254,47.031796835768,-58.97929939
    ));
#9158 = CARTESIAN_POINT('',(70.012703564461,46.952467873762,
    -60.42609076039));
#9159 = CARTESIAN_POINT('',(71.503825518482,46.873138911756,
    -60.78447936285));
#9160 = CARTESIAN_POINT('',(72.614363823568,46.79380994975,-59.726839427
    ));
#9161 = CARTESIAN_POINT('',(72.329121534526,46.714480987744,
    -58.22002091555));
#9162 = CARTESIAN_POINT('',(70.908859396972,46.635152025738,
    -57.64144637509));
#9163 = CARTESIAN_POINT('',(69.651886688372,46.555823063732,
    -58.52007506641));
#9164 = CARTESIAN_POINT('',(69.707292600118,46.476494101726,
    -60.05259265032));
#9165 = CARTESIAN_POINT('',(71.024358276459,46.39716513972,
    -60.83830421405));
#9166 = CARTESIAN_POINT('',(72.399238918005,46.317836177714,
    -60.15844195779));
#9167 = CARTESIAN_POINT('',(72.574796301771,46.238507215708,
    -58.63555952897));
#9168 = CARTESIAN_POINT('',(71.39116890334,46.159178253702,
    -57.65959620893));
#9169 = CARTESIAN_POINT('',(69.929119371477,46.079849291696,
    -58.12727200822));
#9170 = CARTESIAN_POINT('',(69.662744393571,46.026963317025,
    -59.10951252162));
#9171 = CARTESIAN_POINT('',(69.76672833923,46.00052032969,
    -59.54839379631));
#9172 = CARTESIAN_POINT('',(69.865898425811,51.051842286055,
    -59.56204978825));
#9173 = CARTESIAN_POINT('',(69.974420153519,51.025399298719,
    -59.96797759895));
#9174 = CARTESIAN_POINT('',(70.626698111241,50.972513324049,
    -60.65605624359));
#9175 = CARTESIAN_POINT('',(72.032525823122,50.893184362043,
    -60.39401489688));
#9176 = CARTESIAN_POINT('',(72.572431509918,50.813855400037,
    -59.07073796266));
#9177 = CARTESIAN_POINT('',(71.755892351721,50.734526438031,
    -57.89907353795));
#9178 = CARTESIAN_POINT('',(70.327862362229,50.655197476025,
    -57.94856669119));
#9179 = CARTESIAN_POINT('',(69.594480968132,50.575868514019,
    -59.17471221086));
#9180 = CARTESIAN_POINT('',(70.225820044528,50.496539552013,
    -60.4562777667));
#9181 = CARTESIAN_POINT('',(71.644911088809,50.417210590007,
    -60.62189951732));
#9182 = CARTESIAN_POINT('',(72.554418198579,50.337881628001,
    -59.52009143559));
#9183 = CARTESIAN_POINT('',(72.122959048799,50.258552665995,
    -58.1581064634));
#9184 = CARTESIAN_POINT('',(70.744930963908,50.179223703989,
    -57.78097683824));
#9185 = CARTESIAN_POINT('',(69.680060683565,50.099894741983,
    -58.73346323699));
#9186 = CARTESIAN_POINT('',(69.901789689832,50.020565779977,
    -60.1448503225));
#9187 = CARTESIAN_POINT('',(71.207427650708,49.941236817971,
    -60.72492777302));
#9188 = CARTESIAN_POINT('',(72.403431024195,49.861907855965,
    -59.94341957197));
#9189 = CARTESIAN_POINT('',(72.396479726703,49.78257889396,
    -58.51473810814));
#9190 = CARTESIAN_POINT('',(71.192928009341,49.703249931954,
    -57.74490524465));
#9191 = CARTESIAN_POINT('',(69.892996857289,49.623920969948,
    -58.33766001938));
#9192 = CARTESIAN_POINT('',(69.685011866013,49.544592007942,
    -59.751138519));
#9193 = CARTESIAN_POINT('',(70.75910151724,49.465263045936,
    -60.69321637178));
#9194 = CARTESIAN_POINT('',(72.133392039509,49.38593408393,
    -60.30269774036));
#9195 = CARTESIAN_POINT('',(72.551582535243,49.306605121924,
    -58.93657331261));
#9196 = CARTESIAN_POINT('',(71.631386221823,49.227276159918,
    -57.84367899429));
#9197 = CARTESIAN_POINT('',(70.213996023003,49.147947197912,
    -58.02307873878));
#9198 = CARTESIAN_POINT('',(69.595112198871,49.068618235906,
    -59.31077515356));
#9199 = CARTESIAN_POINT('',(70.340484345772,48.9892892739,-60.5296269113
    ));
#9200 = CARTESIAN_POINT('',(71.768734191023,48.909960311894,
    -60.56542668789));
#9201 = CARTESIAN_POINT('',(72.574234181655,48.830631349888,
    -59.38544829418));
#9202 = CARTESIAN_POINT('',(72.02064047327,48.751302387882,
    -58.06836316003));
#9203 = CARTESIAN_POINT('',(70.614018024529,48.671973425876,
    -57.81817816604));
#9204 = CARTESIAN_POINT('',(69.640223810604,48.59264446387,
    -58.86359869074));
#9205 = CARTESIAN_POINT('',(69.989447010186,48.513315501864,
    -60.24895871665));
#9206 = CARTESIAN_POINT('',(71.342446957466,48.433986539858,
    -60.70783820758));
#9207 = CARTESIAN_POINT('',(72.462385422547,48.354657577852,
    -59.82075473972));
#9208 = CARTESIAN_POINT('',(72.325476180218,48.275328615846,
    -58.39863129082));
#9209 = CARTESIAN_POINT('',(71.056874139219,48.195999653841,
    -57.74149499894));
#9210 = CARTESIAN_POINT('',(69.816265599618,48.116670691835,
    -58.45006376479));
#9211 = CARTESIAN_POINT('',(69.737746740171,48.037341729829,
    -59.87660294526));
#9212 = CARTESIAN_POINT('',(70.893095189117,47.958012767823,
    -60.71704878285));
#9213 = CARTESIAN_POINT('',(72.226154858966,47.878683805817,
    -60.20311186001));
#9214 = CARTESIAN_POINT('',(72.518315826392,47.799354843811,
    -58.80460507942));
#9215 = CARTESIAN_POINT('',(71.502500583138,47.720025881805,
    -57.79996652034));
#9216 = CARTESIAN_POINT('',(70.107311625854,47.640696919799,
    -58.10758156315));
#9217 = CARTESIAN_POINT('',(69.608154057374,47.561367957793,
    -59.44624544232));
#9218 = CARTESIAN_POINT('',(70.461330312675,47.482038995787,
    -60.59222515544));
#9219 = CARTESIAN_POINT('',(71.886913514417,47.402710033781,
    -60.49792903702));
#9220 = CARTESIAN_POINT('',(72.581713830748,47.323381071775,
    -59.24955733976));
#9221 = CARTESIAN_POINT('',(71.91058293285,47.244052109769,
    -57.9883030579));
#9222 = CARTESIAN_POINT('',(70.487031916279,47.164723147763,
    -57.86713523658));
#9223 = CARTESIAN_POINT('',(69.612392727296,47.085394185757,
    -58.99681953876));
#9224 = CARTESIAN_POINT('',(70.086212871918,47.006065223751,
    -60.34465919091));
#9225 = CARTESIAN_POINT('',(71.475351165773,46.926736261745,
    -60.67853619568));
#9226 = CARTESIAN_POINT('',(72.509935414384,46.84740729974,
    -59.69323239002));
#9227 = CARTESIAN_POINT('',(72.24420196068,46.768078337733,
    -58.28947108766));
#9228 = CARTESIAN_POINT('',(70.921077103408,46.688749375728,
    -57.75046752204));
#9229 = CARTESIAN_POINT('',(69.750073672644,46.609420413722,
    -58.56900336205));
#9230 = CARTESIAN_POINT('',(69.801690157469,46.530091451716,
    -59.99670607683));
#9231 = CARTESIAN_POINT('',(71.02867656297,46.45076248971,
    -60.72867975487));
#9232 = CARTESIAN_POINT('',(72.30952374217,46.371433527704,
    -60.09531593633));
#9233 = CARTESIAN_POINT('',(72.473074070097,46.292104565698,
    -58.67658939071));
#9234 = CARTESIAN_POINT('',(71.370399576986,46.212775603692,
    -57.76737601778));
#9235 = CARTESIAN_POINT('',(70.008345328674,46.133446641686,
    -58.20306564072));
#9236 = CARTESIAN_POINT('',(69.760188776934,46.080560667015,
    -59.11812688521));
#9237 = CARTESIAN_POINT('',(69.857060854012,46.05411767968,
    -59.52699135367));
#9238 = ADVANCED_FACE('',(#9239),#9252,.F.);
#9239 = FACE_BOUND('',#9240,.F.);
#9240 = EDGE_LOOP('',(#9241,#9247,#9248,#9249,#9250,#9251));
#9241 = ORIENTED_EDGE('',*,*,#9242,.T.);
#9242 = EDGE_CURVE('',#7786,#8822,#9243,.T.);
#9243 = LINE('',#9244,#9245);
#9244 = CARTESIAN_POINT('',(71.087496742066,51.044057973595,
    -61.36771472472));
#9245 = VECTOR('',#9246,1.);
#9246 = DIRECTION('',(-1.206041662502E-16,-0.173648177667,0.984807753012
    ));
#9247 = ORIENTED_EDGE('',*,*,#8830,.F.);
#9248 = ORIENTED_EDGE('',*,*,#669,.F.);
#9249 = ORIENTED_EDGE('',*,*,#8821,.F.);
#9250 = ORIENTED_EDGE('',*,*,#9242,.F.);
#9251 = ORIENTED_EDGE('',*,*,#7785,.T.);
#9252 = CONICAL_SURFACE('',#9253,2.13225,1.396263401595);
#9253 = AXIS2_PLACEMENT_3D('',#9254,#9255,#9256);
#9254 = CARTESIAN_POINT('',(71.087496742066,51.044057973595,
    -59.23546472472));
#9255 = DIRECTION('',(0.,1.,-2.22044604925E-16));
#9256 = DIRECTION('',(0.,2.22044604925E-16,1.));
#9257 = ADVANCED_FACE('',(#9258),#9264,.F.);
#9258 = FACE_BOUND('',#9259,.F.);
#9259 = EDGE_LOOP('',(#9260,#9261,#9262,#9263));
#9260 = ORIENTED_EDGE('',*,*,#8272,.F.);
#9261 = ORIENTED_EDGE('',*,*,#629,.T.);
#9262 = ORIENTED_EDGE('',*,*,#8859,.F.);
#9263 = ORIENTED_EDGE('',*,*,#696,.F.);
#9264 = CYLINDRICAL_SURFACE('',#9265,1.2645);
#9265 = AXIS2_PLACEMENT_3D('',#9266,#9267,#9268);
#9266 = CARTESIAN_POINT('',(71.087496742066,43.697065711105,
    -59.23546472472));
#9267 = DIRECTION('',(0.,-1.,2.22044604925E-16));
#9268 = DIRECTION('',(0.,2.22044604925E-16,1.));
#9269 = ADVANCED_FACE('',(#9270),#9306,.F.);
#9270 = FACE_BOUND('',#9271,.T.);
#9271 = EDGE_LOOP('',(#9272,#9273,#9274,#9275,#9283,#9291,#9299,#9305));
#9272 = ORIENTED_EDGE('',*,*,#7723,.T.);
#9273 = ORIENTED_EDGE('',*,*,#8178,.T.);
#9274 = ORIENTED_EDGE('',*,*,#8211,.F.);
#9275 = ORIENTED_EDGE('',*,*,#9276,.F.);
#9276 = EDGE_CURVE('',#9277,#8204,#9279,.T.);
#9277 = VERTEX_POINT('',#9278);
#9278 = CARTESIAN_POINT('',(-74.21842575073,46.05411767968,
    4.725884914482));
#9279 = LINE('',#9280,#9281);
#9280 = CARTESIAN_POINT('',(-74.21842575073,46.05411767968,
    69.370550489982));
#9281 = VECTOR('',#9282,1.);
#9282 = DIRECTION('',(0.,-2.22044604925E-16,-1.));
#9283 = ORIENTED_EDGE('',*,*,#9284,.F.);
#9284 = EDGE_CURVE('',#9285,#9277,#9287,.T.);
#9285 = VERTEX_POINT('',#9286);
#9286 = CARTESIAN_POINT('',(-74.21842575073,46.05411767968,
    64.665884914482));
#9287 = LINE('',#9288,#9289);
#9288 = CARTESIAN_POINT('',(-74.21842575073,46.05411767968,
    64.665884914482));
#9289 = VECTOR('',#9290,1.);
#9290 = DIRECTION('',(0.,-2.22044604925E-16,-1.));
#9291 = ORIENTED_EDGE('',*,*,#9292,.F.);
#9292 = EDGE_CURVE('',#9293,#9285,#9295,.T.);
#9293 = VERTEX_POINT('',#9294);
#9294 = CARTESIAN_POINT('',(-74.21842575073,46.05411767968,
    69.370550489982));
#9295 = LINE('',#9296,#9297);
#9296 = CARTESIAN_POINT('',(-74.21842575073,46.05411767968,
    69.370550489982));
#9297 = VECTOR('',#9298,1.);
#9298 = DIRECTION('',(0.,-2.22044604925E-16,-1.));
#9299 = ORIENTED_EDGE('',*,*,#9300,.T.);
#9300 = EDGE_CURVE('',#9293,#7751,#9301,.T.);
#9301 = LINE('',#9302,#9303);
#9302 = CARTESIAN_POINT('',(-74.21842575073,46.05411767968,
    69.370550489982));
#9303 = VECTOR('',#9304,1.);
#9304 = DIRECTION('',(0.,1.,-2.22044604925E-16));
#9305 = ORIENTED_EDGE('',*,*,#7750,.T.);
#9306 = PLANE('',#9307);
#9307 = AXIS2_PLACEMENT_3D('',#9308,#9309,#9310);
#9308 = CARTESIAN_POINT('',(-74.21842575073,46.05411767968,
    69.370550489982));
#9309 = DIRECTION('',(1.,0.,0.));
#9310 = DIRECTION('',(0.,1.,-2.22044604925E-16));
#9311 = ADVANCED_FACE('',(#9312),#9330,.F.);
#9312 = FACE_BOUND('',#9313,.T.);
#9313 = EDGE_LOOP('',(#9314,#9322,#9328,#9329));
#9314 = ORIENTED_EDGE('',*,*,#9315,.T.);
#9315 = EDGE_CURVE('',#9293,#9316,#9318,.T.);
#9316 = VERTEX_POINT('',#9317);
#9317 = CARTESIAN_POINT('',(74.218425750732,46.05411767968,
    69.370550489982));
#9318 = LINE('',#9319,#9320);
#9319 = CARTESIAN_POINT('',(-74.21842575073,46.05411767968,
    69.370550489982));
#9320 = VECTOR('',#9321,1.);
#9321 = DIRECTION('',(1.,0.,0.));
#9322 = ORIENTED_EDGE('',*,*,#9323,.T.);
#9323 = EDGE_CURVE('',#9316,#7759,#9324,.T.);
#9324 = LINE('',#9325,#9326);
#9325 = CARTESIAN_POINT('',(74.218425750732,46.05411767968,
    69.370550489982));
#9326 = VECTOR('',#9327,1.);
#9327 = DIRECTION('',(0.,1.,-2.22044604925E-16));
#9328 = ORIENTED_EDGE('',*,*,#7758,.F.);
#9329 = ORIENTED_EDGE('',*,*,#9300,.F.);
#9330 = PLANE('',#9331);
#9331 = AXIS2_PLACEMENT_3D('',#9332,#9333,#9334);
#9332 = CARTESIAN_POINT('',(-74.21842575073,46.05411767968,
    69.370550489982));
#9333 = DIRECTION('',(0.,-2.22044604925E-16,-1.));
#9334 = DIRECTION('',(0.,1.,-2.22044604925E-16));
#9335 = ADVANCED_FACE('',(#9336,#9354,#9361),#9368,.F.);
#9336 = FACE_BOUND('',#9337,.T.);
#9337 = EDGE_LOOP('',(#9338,#9339,#9347,#9353));
#9338 = ORIENTED_EDGE('',*,*,#9292,.T.);
#9339 = ORIENTED_EDGE('',*,*,#9340,.F.);
#9340 = EDGE_CURVE('',#9341,#9285,#9343,.T.);
#9341 = VERTEX_POINT('',#9342);
#9342 = CARTESIAN_POINT('',(74.218425750732,46.05411767968,
    64.665884914482));
#9343 = LINE('',#9344,#9345);
#9344 = CARTESIAN_POINT('',(74.218425750732,46.05411767968,
    64.665884914482));
#9345 = VECTOR('',#9346,1.);
#9346 = DIRECTION('',(-1.,0.,0.));
#9347 = ORIENTED_EDGE('',*,*,#9348,.F.);
#9348 = EDGE_CURVE('',#9316,#9341,#9349,.T.);
#9349 = LINE('',#9350,#9351);
#9350 = CARTESIAN_POINT('',(74.218425750732,46.05411767968,
    69.370550489982));
#9351 = VECTOR('',#9352,1.);
#9352 = DIRECTION('',(0.,-2.22044604925E-16,-1.));
#9353 = ORIENTED_EDGE('',*,*,#9315,.F.);
#9354 = FACE_BOUND('',#9355,.T.);
#9355 = EDGE_LOOP('',(#9356,#9357,#9358,#9359,#9360));
#9356 = ORIENTED_EDGE('',*,*,#4716,.T.);
#9357 = ORIENTED_EDGE('',*,*,#3434,.T.);
#9358 = ORIENTED_EDGE('',*,*,#3485,.T.);
#9359 = ORIENTED_EDGE('',*,*,#5217,.T.);
#9360 = ORIENTED_EDGE('',*,*,#4107,.T.);
#9361 = FACE_BOUND('',#9362,.T.);
#9362 = EDGE_LOOP('',(#9363,#9364,#9365,#9366,#9367));
#9363 = ORIENTED_EDGE('',*,*,#5771,.T.);
#9364 = ORIENTED_EDGE('',*,*,#2306,.T.);
#9365 = ORIENTED_EDGE('',*,*,#2357,.T.);
#9366 = ORIENTED_EDGE('',*,*,#6272,.T.);
#9367 = ORIENTED_EDGE('',*,*,#2979,.T.);
#9368 = PLANE('',#9369);
#9369 = AXIS2_PLACEMENT_3D('',#9370,#9371,#9372);
#9370 = CARTESIAN_POINT('',(-74.21842575073,46.05411767968,
    69.370550489982));
#9371 = DIRECTION('',(0.,1.,-2.22044604925E-16));
#9372 = DIRECTION('',(1.,0.,0.));
#9373 = ADVANCED_FACE('',(#9374),#9407,.T.);
#9374 = FACE_BOUND('',#9375,.T.);
#9375 = EDGE_LOOP('',(#9376,#9377,#9385,#9393,#9401));
#9376 = ORIENTED_EDGE('',*,*,#9284,.T.);
#9377 = ORIENTED_EDGE('',*,*,#9378,.T.);
#9378 = EDGE_CURVE('',#9277,#9379,#9381,.T.);
#9379 = VERTEX_POINT('',#9380);
#9380 = CARTESIAN_POINT('',(-72.159,46.267965825432,4.725884914482));
#9381 = LINE('',#9382,#9383);
#9382 = CARTESIAN_POINT('',(-74.21842575073,46.05411767968,
    4.725884914482));
#9383 = VECTOR('',#9384,1.);
#9384 = DIRECTION('',(0.99465196964,0.103283393102,-2.293352021666E-17)
  );
#9385 = ORIENTED_EDGE('',*,*,#9386,.T.);
#9386 = EDGE_CURVE('',#9379,#9387,#9389,.T.);
#9387 = VERTEX_POINT('',#9388);
#9388 = CARTESIAN_POINT('',(-54.83,48.067387104118,4.725884914482));
#9389 = LINE('',#9390,#9391);
#9390 = CARTESIAN_POINT('',(-74.21842575073,46.05411767968,
    4.725884914482));
#9391 = VECTOR('',#9392,1.);
#9392 = DIRECTION('',(0.99465196964,0.103283393102,-2.293352021666E-17)
  );
#9393 = ORIENTED_EDGE('',*,*,#9394,.F.);
#9394 = EDGE_CURVE('',#9395,#9387,#9397,.T.);
#9395 = VERTEX_POINT('',#9396);
#9396 = CARTESIAN_POINT('',(-54.83,48.067387104118,64.665884914482));
#9397 = LINE('',#9398,#9399);
#9398 = CARTESIAN_POINT('',(-54.83,48.067387104118,64.665884914482));
#9399 = VECTOR('',#9400,1.);
#9400 = DIRECTION('',(0.,-2.22044604925E-16,-1.));
#9401 = ORIENTED_EDGE('',*,*,#9402,.F.);
#9402 = EDGE_CURVE('',#9285,#9395,#9403,.T.);
#9403 = LINE('',#9404,#9405);
#9404 = CARTESIAN_POINT('',(-74.21842575073,46.05411767968,
    64.665884914482));
#9405 = VECTOR('',#9406,1.);
#9406 = DIRECTION('',(0.99465196964,0.103283393102,-2.293352021666E-17)
  );
#9407 = PLANE('',#9408);
#9408 = AXIS2_PLACEMENT_3D('',#9409,#9410,#9411);
#9409 = CARTESIAN_POINT('',(-74.21842575073,46.05411767968,
    64.665884914482));
#9410 = DIRECTION('',(0.103283393102,-0.99465196964,2.208571036367E-16)
  );
#9411 = DIRECTION('',(0.99465196964,0.103283393102,-2.293352021666E-17)
  );
#9412 = ADVANCED_FACE('',(#9413,#9463,#9470),#9477,.F.);
#9413 = FACE_BOUND('',#9414,.T.);
#9414 = EDGE_LOOP('',(#9415,#9416,#9417,#9425,#9433,#9441,#9449,#9457));
#9415 = ORIENTED_EDGE('',*,*,#9276,.T.);
#9416 = ORIENTED_EDGE('',*,*,#8203,.T.);
#9417 = ORIENTED_EDGE('',*,*,#9418,.F.);
#9418 = EDGE_CURVE('',#9419,#8196,#9421,.T.);
#9419 = VERTEX_POINT('',#9420);
#9420 = CARTESIAN_POINT('',(74.218425750732,46.05411767968,
    4.725884914482));
#9421 = LINE('',#9422,#9423);
#9422 = CARTESIAN_POINT('',(74.218425750732,46.05411767968,
    69.370550489982));
#9423 = VECTOR('',#9424,1.);
#9424 = DIRECTION('',(0.,-2.22044604925E-16,-1.));
#9425 = ORIENTED_EDGE('',*,*,#9426,.T.);
#9426 = EDGE_CURVE('',#9419,#9427,#9429,.T.);
#9427 = VERTEX_POINT('',#9428);
#9428 = CARTESIAN_POINT('',(69.385,46.05411767968,4.725884914482));
#9429 = LINE('',#9430,#9431);
#9430 = CARTESIAN_POINT('',(74.218425750732,46.05411767968,
    4.725884914482));
#9431 = VECTOR('',#9432,1.);
#9432 = DIRECTION('',(-1.,0.,0.));
#9433 = ORIENTED_EDGE('',*,*,#9434,.T.);
#9434 = EDGE_CURVE('',#9427,#9435,#9437,.T.);
#9435 = VERTEX_POINT('',#9436);
#9436 = CARTESIAN_POINT('',(69.385,46.05411767968,-57.31911508551));
#9437 = LINE('',#9438,#9439);
#9438 = CARTESIAN_POINT('',(69.385,46.05411767968,37.048217702252));
#9439 = VECTOR('',#9440,1.);
#9440 = DIRECTION('',(0.,-2.22044604925E-16,-1.));
#9441 = ORIENTED_EDGE('',*,*,#9442,.T.);
#9442 = EDGE_CURVE('',#9435,#9443,#9445,.T.);
#9443 = VERTEX_POINT('',#9444);
#9444 = CARTESIAN_POINT('',(-72.159,46.05411767968,-57.31911508551));
#9445 = LINE('',#9446,#9447);
#9446 = CARTESIAN_POINT('',(-73.18871287536,46.05411767968,
    -57.31911508551));
#9447 = VECTOR('',#9448,1.);
#9448 = DIRECTION('',(-1.,0.,0.));
#9449 = ORIENTED_EDGE('',*,*,#9450,.F.);
#9450 = EDGE_CURVE('',#9451,#9443,#9453,.T.);
#9451 = VERTEX_POINT('',#9452);
#9452 = CARTESIAN_POINT('',(-72.159,46.05411767968,4.725884914482));
#9453 = LINE('',#9454,#9455);
#9454 = CARTESIAN_POINT('',(-72.159,46.05411767968,37.048217702252));
#9455 = VECTOR('',#9456,1.);
#9456 = DIRECTION('',(0.,-2.22044604925E-16,-1.));
#9457 = ORIENTED_EDGE('',*,*,#9458,.T.);
#9458 = EDGE_CURVE('',#9451,#9277,#9459,.T.);
#9459 = LINE('',#9460,#9461);
#9460 = CARTESIAN_POINT('',(74.218425750732,46.05411767968,
    4.725884914482));
#9461 = VECTOR('',#9462,1.);
#9462 = DIRECTION('',(-1.,0.,0.));
#9463 = FACE_BOUND('',#9464,.T.);
#9464 = EDGE_LOOP('',(#9465,#9466,#9467,#9468,#9469));
#9465 = ORIENTED_EDGE('',*,*,#6826,.T.);
#9466 = ORIENTED_EDGE('',*,*,#1178,.T.);
#9467 = ORIENTED_EDGE('',*,*,#1229,.T.);
#9468 = ORIENTED_EDGE('',*,*,#7327,.T.);
#9469 = ORIENTED_EDGE('',*,*,#1851,.T.);
#9470 = FACE_BOUND('',#9471,.T.);
#9471 = EDGE_LOOP('',(#9472,#9473,#9474,#9475,#9476));
#9472 = ORIENTED_EDGE('',*,*,#8391,.T.);
#9473 = ORIENTED_EDGE('',*,*,#50,.T.);
#9474 = ORIENTED_EDGE('',*,*,#101,.T.);
#9475 = ORIENTED_EDGE('',*,*,#8892,.T.);
#9476 = ORIENTED_EDGE('',*,*,#723,.T.);
#9477 = PLANE('',#9478);
#9478 = AXIS2_PLACEMENT_3D('',#9479,#9480,#9481);
#9479 = CARTESIAN_POINT('',(-74.21842575073,46.05411767968,
    69.370550489982));
#9480 = DIRECTION('',(0.,1.,-2.22044604925E-16));
#9481 = DIRECTION('',(1.,0.,0.));
#9482 = ADVANCED_FACE('',(#9483),#9496,.T.);
#9483 = FACE_BOUND('',#9484,.T.);
#9484 = EDGE_LOOP('',(#9485,#9486,#9487,#9493,#9494,#9495));
#9485 = ORIENTED_EDGE('',*,*,#9323,.F.);
#9486 = ORIENTED_EDGE('',*,*,#9348,.T.);
#9487 = ORIENTED_EDGE('',*,*,#9488,.T.);
#9488 = EDGE_CURVE('',#9341,#9419,#9489,.T.);
#9489 = LINE('',#9490,#9491);
#9490 = CARTESIAN_POINT('',(74.218425750732,46.05411767968,
    64.665884914482));
#9491 = VECTOR('',#9492,1.);
#9492 = DIRECTION('',(0.,-2.22044604925E-16,-1.));
#9493 = ORIENTED_EDGE('',*,*,#9418,.T.);
#9494 = ORIENTED_EDGE('',*,*,#8195,.T.);
#9495 = ORIENTED_EDGE('',*,*,#7766,.F.);
#9496 = PLANE('',#9497);
#9497 = AXIS2_PLACEMENT_3D('',#9498,#9499,#9500);
#9498 = CARTESIAN_POINT('',(74.218425750732,46.05411767968,
    69.370550489982));
#9499 = DIRECTION('',(1.,0.,0.));
#9500 = DIRECTION('',(0.,1.,-2.22044604925E-16));
#9501 = ADVANCED_FACE('',(#9502),#9527,.T.);
#9502 = FACE_BOUND('',#9503,.T.);
#9503 = EDGE_LOOP('',(#9504,#9512,#9520,#9526));
#9504 = ORIENTED_EDGE('',*,*,#9505,.F.);
#9505 = EDGE_CURVE('',#9506,#7797,#9508,.T.);
#9506 = VERTEX_POINT('',#9507);
#9507 = CARTESIAN_POINT('',(37.200001761418,49.453387104118,
    57.989052733302));
#9508 = LINE('',#9509,#9510);
#9509 = CARTESIAN_POINT('',(37.200001761418,36.05411767968,
    57.989052733302));
#9510 = VECTOR('',#9511,1.);
#9511 = DIRECTION('',(0.,1.,-2.22044604925E-16));
#9512 = ORIENTED_EDGE('',*,*,#9513,.F.);
#9513 = EDGE_CURVE('',#9514,#9506,#9516,.T.);
#9514 = VERTEX_POINT('',#9515);
#9515 = CARTESIAN_POINT('',(-37.20000176141,49.453387104118,
    57.989052733302));
#9516 = LINE('',#9517,#9518);
#9517 = CARTESIAN_POINT('',(-46.2800008807,49.453387104118,
    57.989052733302));
#9518 = VECTOR('',#9519,1.);
#9519 = DIRECTION('',(1.,0.,0.));
#9520 = ORIENTED_EDGE('',*,*,#9521,.T.);
#9521 = EDGE_CURVE('',#9514,#7799,#9522,.T.);
#9522 = LINE('',#9523,#9524);
#9523 = CARTESIAN_POINT('',(-37.20000176141,36.05411767968,
    57.989052733302));
#9524 = VECTOR('',#9525,1.);
#9525 = DIRECTION('',(0.,1.,-2.22044604925E-16));
#9526 = ORIENTED_EDGE('',*,*,#7796,.F.);
#9527 = PLANE('',#9528);
#9528 = AXIS2_PLACEMENT_3D('',#9529,#9530,#9531);
#9529 = CARTESIAN_POINT('',(-37.20000176141,36.05411767968,
    57.989052733302));
#9530 = DIRECTION('',(0.,-2.22044604925E-16,-1.));
#9531 = DIRECTION('',(0.,1.,-2.22044604925E-16));
#9532 = ADVANCED_FACE('',(#9533),#9551,.F.);
#9533 = FACE_BOUND('',#9534,.T.);
#9534 = EDGE_LOOP('',(#9535,#9536,#9537,#9545));
#9535 = ORIENTED_EDGE('',*,*,#9505,.T.);
#9536 = ORIENTED_EDGE('',*,*,#7822,.T.);
#9537 = ORIENTED_EDGE('',*,*,#9538,.F.);
#9538 = EDGE_CURVE('',#9539,#7815,#9541,.T.);
#9539 = VERTEX_POINT('',#9540);
#9540 = CARTESIAN_POINT('',(37.200001761418,49.453387104118,
    9.089054806522));
#9541 = LINE('',#9542,#9543);
#9542 = CARTESIAN_POINT('',(37.200001761418,36.05411767968,
    9.089054806522));
#9543 = VECTOR('',#9544,1.);
#9544 = DIRECTION('',(0.,1.,-2.22044604925E-16));
#9545 = ORIENTED_EDGE('',*,*,#9546,.T.);
#9546 = EDGE_CURVE('',#9539,#9506,#9547,.T.);
#9547 = LINE('',#9548,#9549);
#9548 = CARTESIAN_POINT('',(37.200001761418,49.453387104118,
    61.327468823892));
#9549 = VECTOR('',#9550,1.);
#9550 = DIRECTION('',(0.,2.22044604925E-16,1.));
#9551 = PLANE('',#9552);
#9552 = AXIS2_PLACEMENT_3D('',#9553,#9554,#9555);
#9553 = CARTESIAN_POINT('',(37.200001761418,36.05411767968,
    57.989052733302));
#9554 = DIRECTION('',(1.,0.,0.));
#9555 = DIRECTION('',(0.,1.,-2.22044604925E-16));
#9556 = ADVANCED_FACE('',(#9557),#9575,.T.);
#9557 = FACE_BOUND('',#9558,.T.);
#9558 = EDGE_LOOP('',(#9559,#9560,#9568,#9574));
#9559 = ORIENTED_EDGE('',*,*,#9521,.F.);
#9560 = ORIENTED_EDGE('',*,*,#9561,.F.);
#9561 = EDGE_CURVE('',#9562,#9514,#9564,.T.);
#9562 = VERTEX_POINT('',#9563);
#9563 = CARTESIAN_POINT('',(-37.20000176141,49.453387104118,
    9.089054806522));
#9564 = LINE('',#9565,#9566);
#9565 = CARTESIAN_POINT('',(-37.20000176141,49.453387104118,
    61.327468823892));
#9566 = VECTOR('',#9567,1.);
#9567 = DIRECTION('',(0.,2.22044604925E-16,1.));
#9568 = ORIENTED_EDGE('',*,*,#9569,.T.);
#9569 = EDGE_CURVE('',#9562,#7807,#9570,.T.);
#9570 = LINE('',#9571,#9572);
#9571 = CARTESIAN_POINT('',(-37.20000176141,36.05411767968,
    9.089054806522));
#9572 = VECTOR('',#9573,1.);
#9573 = DIRECTION('',(0.,1.,-2.22044604925E-16));
#9574 = ORIENTED_EDGE('',*,*,#7806,.F.);
#9575 = PLANE('',#9576);
#9576 = AXIS2_PLACEMENT_3D('',#9577,#9578,#9579);
#9577 = CARTESIAN_POINT('',(-37.20000176141,36.05411767968,
    57.989052733302));
#9578 = DIRECTION('',(1.,0.,0.));
#9579 = DIRECTION('',(0.,1.,-2.22044604925E-16));
#9580 = ADVANCED_FACE('',(#9581),#9592,.F.);
#9581 = FACE_BOUND('',#9582,.T.);
#9582 = EDGE_LOOP('',(#9583,#9584,#9585,#9586));
#9583 = ORIENTED_EDGE('',*,*,#9538,.T.);
#9584 = ORIENTED_EDGE('',*,*,#7814,.T.);
#9585 = ORIENTED_EDGE('',*,*,#9569,.F.);
#9586 = ORIENTED_EDGE('',*,*,#9587,.T.);
#9587 = EDGE_CURVE('',#9562,#9539,#9588,.T.);
#9588 = LINE('',#9589,#9590);
#9589 = CARTESIAN_POINT('',(-46.2800008807,49.453387104118,
    9.089054806522));
#9590 = VECTOR('',#9591,1.);
#9591 = DIRECTION('',(1.,0.,0.));
#9592 = PLANE('',#9593);
#9593 = AXIS2_PLACEMENT_3D('',#9594,#9595,#9596);
#9594 = CARTESIAN_POINT('',(-37.20000176141,36.05411767968,
    9.089054806522));
#9595 = DIRECTION('',(0.,-2.22044604925E-16,-1.));
#9596 = DIRECTION('',(0.,1.,-2.22044604925E-16));
#9597 = ADVANCED_FACE('',(#9598),#9617,.F.);
#9598 = FACE_BOUND('',#9599,.F.);
#9599 = EDGE_LOOP('',(#9600,#9608,#9615,#9616));
#9600 = ORIENTED_EDGE('',*,*,#9601,.T.);
#9601 = EDGE_CURVE('',#7831,#9602,#9604,.T.);
#9602 = VERTEX_POINT('',#9603);
#9603 = CARTESIAN_POINT('',(-66.19724763239,49.453387104118,
    -11.01067461356));
#9604 = LINE('',#9605,#9606);
#9605 = CARTESIAN_POINT('',(-66.19724763239,36.05411767968,
    -11.01067461356));
#9606 = VECTOR('',#9607,1.);
#9607 = DIRECTION('',(0.,-1.,2.22044604925E-16));
#9608 = ORIENTED_EDGE('',*,*,#9609,.F.);
#9609 = EDGE_CURVE('',#9602,#9602,#9610,.T.);
#9610 = CIRCLE('',#9611,4.896087989241);
#9611 = AXIS2_PLACEMENT_3D('',#9612,#9613,#9614);
#9612 = CARTESIAN_POINT('',(-61.30115964315,49.453387104118,
    -11.01067461356));
#9613 = DIRECTION('',(0.,-1.,2.22044604925E-16));
#9614 = DIRECTION('',(1.,0.,0.));
#9615 = ORIENTED_EDGE('',*,*,#9601,.F.);
#9616 = ORIENTED_EDGE('',*,*,#7830,.T.);
#9617 = CYLINDRICAL_SURFACE('',#9618,4.896087989241);
#9618 = AXIS2_PLACEMENT_3D('',#9619,#9620,#9621);
#9619 = CARTESIAN_POINT('',(-61.30115964315,36.05411767968,
    -11.01067461356));
#9620 = DIRECTION('',(0.,-1.,2.22044604925E-16));
#9621 = DIRECTION('',(1.,0.,0.));
#9622 = ADVANCED_FACE('',(#9623),#9642,.F.);
#9623 = FACE_BOUND('',#9624,.F.);
#9624 = EDGE_LOOP('',(#9625,#9633,#9640,#9641));
#9625 = ORIENTED_EDGE('',*,*,#9626,.T.);
#9626 = EDGE_CURVE('',#7842,#9627,#9629,.T.);
#9627 = VERTEX_POINT('',#9628);
#9628 = CARTESIAN_POINT('',(-52.59364200438,49.453387104118,
    -11.01067461356));
#9629 = LINE('',#9630,#9631);
#9630 = CARTESIAN_POINT('',(-52.59364200438,36.05411767968,
    -11.01067461356));
#9631 = VECTOR('',#9632,1.);
#9632 = DIRECTION('',(0.,-1.,2.22044604925E-16));
#9633 = ORIENTED_EDGE('',*,*,#9634,.F.);
#9634 = EDGE_CURVE('',#9627,#9627,#9635,.T.);
#9635 = CIRCLE('',#9636,4.896087989241);
#9636 = AXIS2_PLACEMENT_3D('',#9637,#9638,#9639);
#9637 = CARTESIAN_POINT('',(-47.69755401514,49.453387104118,
    -11.01067461356));
#9638 = DIRECTION('',(0.,-1.,2.22044604925E-16));
#9639 = DIRECTION('',(1.,0.,0.));
#9640 = ORIENTED_EDGE('',*,*,#9626,.F.);
#9641 = ORIENTED_EDGE('',*,*,#7841,.T.);
#9642 = CYLINDRICAL_SURFACE('',#9643,4.896087989241);
#9643 = AXIS2_PLACEMENT_3D('',#9644,#9645,#9646);
#9644 = CARTESIAN_POINT('',(-47.69755401514,36.05411767968,
    -11.01067461356));
#9645 = DIRECTION('',(0.,-1.,2.22044604925E-16));
#9646 = DIRECTION('',(1.,0.,0.));
#9647 = ADVANCED_FACE('',(#9648),#9667,.F.);
#9648 = FACE_BOUND('',#9649,.F.);
#9649 = EDGE_LOOP('',(#9650,#9658,#9665,#9666));
#9650 = ORIENTED_EDGE('',*,*,#9651,.T.);
#9651 = EDGE_CURVE('',#7853,#9652,#9654,.T.);
#9652 = VERTEX_POINT('',#9653);
#9653 = CARTESIAN_POINT('',(-39.0297475001,49.453387104118,
    -11.01067461356));
#9654 = LINE('',#9655,#9656);
#9655 = CARTESIAN_POINT('',(-39.0297475001,36.05411767968,
    -11.01067461356));
#9656 = VECTOR('',#9657,1.);
#9657 = DIRECTION('',(0.,-1.,2.22044604925E-16));
#9658 = ORIENTED_EDGE('',*,*,#9659,.F.);
#9659 = EDGE_CURVE('',#9652,#9652,#9660,.T.);
#9660 = CIRCLE('',#9661,4.896087989241);
#9661 = AXIS2_PLACEMENT_3D('',#9662,#9663,#9664);
#9662 = CARTESIAN_POINT('',(-34.13365951086,49.453387104118,
    -11.01067461356));
#9663 = DIRECTION('',(0.,-1.,2.22044604925E-16));
#9664 = DIRECTION('',(1.,0.,0.));
#9665 = ORIENTED_EDGE('',*,*,#9651,.F.);
#9666 = ORIENTED_EDGE('',*,*,#7852,.T.);
#9667 = CYLINDRICAL_SURFACE('',#9668,4.896087989241);
#9668 = AXIS2_PLACEMENT_3D('',#9669,#9670,#9671);
#9669 = CARTESIAN_POINT('',(-34.13365951086,36.05411767968,
    -11.01067461356));
#9670 = DIRECTION('',(0.,-1.,2.22044604925E-16));
#9671 = DIRECTION('',(1.,0.,0.));
#9672 = ADVANCED_FACE('',(#9673),#9692,.F.);
#9673 = FACE_BOUND('',#9674,.F.);
#9674 = EDGE_LOOP('',(#9675,#9683,#9690,#9691));
#9675 = ORIENTED_EDGE('',*,*,#9676,.T.);
#9676 = EDGE_CURVE('',#7864,#9677,#9679,.T.);
#9677 = VERTEX_POINT('',#9678);
#9678 = CARTESIAN_POINT('',(-25.52879914225,49.453387104118,
    -11.01067461356));
#9679 = LINE('',#9680,#9681);
#9680 = CARTESIAN_POINT('',(-25.52879914225,36.05411767968,
    -11.01067461356));
#9681 = VECTOR('',#9682,1.);
#9682 = DIRECTION('',(0.,-1.,2.22044604925E-16));
#9683 = ORIENTED_EDGE('',*,*,#9684,.F.);
#9684 = EDGE_CURVE('',#9677,#9677,#9685,.T.);
#9685 = CIRCLE('',#9686,4.896087989241);
#9686 = AXIS2_PLACEMENT_3D('',#9687,#9688,#9689);
#9687 = CARTESIAN_POINT('',(-20.63271115301,49.453387104118,
    -11.01067461356));
#9688 = DIRECTION('',(0.,-1.,2.22044604925E-16));
#9689 = DIRECTION('',(1.,0.,0.));
#9690 = ORIENTED_EDGE('',*,*,#9676,.F.);
#9691 = ORIENTED_EDGE('',*,*,#7863,.T.);
#9692 = CYLINDRICAL_SURFACE('',#9693,4.896087989241);
#9693 = AXIS2_PLACEMENT_3D('',#9694,#9695,#9696);
#9694 = CARTESIAN_POINT('',(-20.63271115301,36.05411767968,
    -11.01067461356));
#9695 = DIRECTION('',(0.,-1.,2.22044604925E-16));
#9696 = DIRECTION('',(1.,0.,0.));
#9697 = ADVANCED_FACE('',(#9698),#9717,.F.);
#9698 = FACE_BOUND('',#9699,.F.);
#9699 = EDGE_LOOP('',(#9700,#9708,#9715,#9716));
#9700 = ORIENTED_EDGE('',*,*,#9701,.T.);
#9701 = EDGE_CURVE('',#7875,#9702,#9704,.T.);
#9702 = VERTEX_POINT('',#9703);
#9703 = CARTESIAN_POINT('',(-11.93343590082,49.453387104118,
    -11.01067461356));
#9704 = LINE('',#9705,#9706);
#9705 = CARTESIAN_POINT('',(-11.93343590082,36.05411767968,
    -11.01067461356));
#9706 = VECTOR('',#9707,1.);
#9707 = DIRECTION('',(0.,-1.,2.22044604925E-16));
#9708 = ORIENTED_EDGE('',*,*,#9709,.F.);
#9709 = EDGE_CURVE('',#9702,#9702,#9710,.T.);
#9710 = CIRCLE('',#9711,4.896087989241);
#9711 = AXIS2_PLACEMENT_3D('',#9712,#9713,#9714);
#9712 = CARTESIAN_POINT('',(-7.037347911585,49.453387104118,
    -11.01067461356));
#9713 = DIRECTION('',(0.,-1.,2.22044604925E-16));
#9714 = DIRECTION('',(1.,0.,0.));
#9715 = ORIENTED_EDGE('',*,*,#9701,.F.);
#9716 = ORIENTED_EDGE('',*,*,#7874,.T.);
#9717 = CYLINDRICAL_SURFACE('',#9718,4.896087989241);
#9718 = AXIS2_PLACEMENT_3D('',#9719,#9720,#9721);
#9719 = CARTESIAN_POINT('',(-7.037347911585,36.05411767968,
    -11.01067461356));
#9720 = DIRECTION('',(0.,-1.,2.22044604925E-16));
#9721 = DIRECTION('',(1.,0.,0.));
#9722 = ADVANCED_FACE('',(#9723),#9742,.F.);
#9723 = FACE_BOUND('',#9724,.F.);
#9724 = EDGE_LOOP('',(#9725,#9733,#9740,#9741));
#9725 = ORIENTED_EDGE('',*,*,#9726,.T.);
#9726 = EDGE_CURVE('',#7886,#9727,#9729,.T.);
#9727 = VERTEX_POINT('',#9728);
#9728 = CARTESIAN_POINT('',(-66.19724763239,49.453387104118,
    -23.06219229675));
#9729 = LINE('',#9730,#9731);
#9730 = CARTESIAN_POINT('',(-66.19724763239,36.05411767968,
    -23.06219229675));
#9731 = VECTOR('',#9732,1.);
#9732 = DIRECTION('',(0.,-1.,2.22044604925E-16));
#9733 = ORIENTED_EDGE('',*,*,#9734,.F.);
#9734 = EDGE_CURVE('',#9727,#9727,#9735,.T.);
#9735 = CIRCLE('',#9736,4.896087989241);
#9736 = AXIS2_PLACEMENT_3D('',#9737,#9738,#9739);
#9737 = CARTESIAN_POINT('',(-61.30115964315,49.453387104118,
    -23.06219229675));
#9738 = DIRECTION('',(0.,-1.,2.22044604925E-16));
#9739 = DIRECTION('',(1.,0.,0.));
#9740 = ORIENTED_EDGE('',*,*,#9726,.F.);
#9741 = ORIENTED_EDGE('',*,*,#7885,.T.);
#9742 = CYLINDRICAL_SURFACE('',#9743,4.896087989241);
#9743 = AXIS2_PLACEMENT_3D('',#9744,#9745,#9746);
#9744 = CARTESIAN_POINT('',(-61.30115964315,36.05411767968,
    -23.06219229675));
#9745 = DIRECTION('',(0.,-1.,2.22044604925E-16));
#9746 = DIRECTION('',(1.,0.,0.));
#9747 = ADVANCED_FACE('',(#9748),#9767,.F.);
#9748 = FACE_BOUND('',#9749,.F.);
#9749 = EDGE_LOOP('',(#9750,#9758,#9765,#9766));
#9750 = ORIENTED_EDGE('',*,*,#9751,.T.);
#9751 = EDGE_CURVE('',#7897,#9752,#9754,.T.);
#9752 = VERTEX_POINT('',#9753);
#9753 = CARTESIAN_POINT('',(-52.59364200438,49.453387104118,
    -23.06219229675));
#9754 = LINE('',#9755,#9756);
#9755 = CARTESIAN_POINT('',(-52.59364200438,36.05411767968,
    -23.06219229675));
#9756 = VECTOR('',#9757,1.);
#9757 = DIRECTION('',(0.,-1.,2.22044604925E-16));
#9758 = ORIENTED_EDGE('',*,*,#9759,.F.);
#9759 = EDGE_CURVE('',#9752,#9752,#9760,.T.);
#9760 = CIRCLE('',#9761,4.896087989241);
#9761 = AXIS2_PLACEMENT_3D('',#9762,#9763,#9764);
#9762 = CARTESIAN_POINT('',(-47.69755401514,49.453387104118,
    -23.06219229675));
#9763 = DIRECTION('',(0.,-1.,2.22044604925E-16));
#9764 = DIRECTION('',(1.,0.,0.));
#9765 = ORIENTED_EDGE('',*,*,#9751,.F.);
#9766 = ORIENTED_EDGE('',*,*,#7896,.T.);
#9767 = CYLINDRICAL_SURFACE('',#9768,4.896087989241);
#9768 = AXIS2_PLACEMENT_3D('',#9769,#9770,#9771);
#9769 = CARTESIAN_POINT('',(-47.69755401514,36.05411767968,
    -23.06219229675));
#9770 = DIRECTION('',(0.,-1.,2.22044604925E-16));
#9771 = DIRECTION('',(1.,0.,0.));
#9772 = ADVANCED_FACE('',(#9773),#9792,.F.);
#9773 = FACE_BOUND('',#9774,.F.);
#9774 = EDGE_LOOP('',(#9775,#9783,#9790,#9791));
#9775 = ORIENTED_EDGE('',*,*,#9776,.T.);
#9776 = EDGE_CURVE('',#7908,#9777,#9779,.T.);
#9777 = VERTEX_POINT('',#9778);
#9778 = CARTESIAN_POINT('',(-39.0297475001,49.453387104118,
    -23.06219229675));
#9779 = LINE('',#9780,#9781);
#9780 = CARTESIAN_POINT('',(-39.0297475001,36.05411767968,
    -23.06219229675));
#9781 = VECTOR('',#9782,1.);
#9782 = DIRECTION('',(0.,-1.,2.22044604925E-16));
#9783 = ORIENTED_EDGE('',*,*,#9784,.F.);
#9784 = EDGE_CURVE('',#9777,#9777,#9785,.T.);
#9785 = CIRCLE('',#9786,4.896087989241);
#9786 = AXIS2_PLACEMENT_3D('',#9787,#9788,#9789);
#9787 = CARTESIAN_POINT('',(-34.13365951086,49.453387104118,
    -23.06219229675));
#9788 = DIRECTION('',(0.,-1.,2.22044604925E-16));
#9789 = DIRECTION('',(1.,0.,0.));
#9790 = ORIENTED_EDGE('',*,*,#9776,.F.);
#9791 = ORIENTED_EDGE('',*,*,#7907,.T.);
#9792 = CYLINDRICAL_SURFACE('',#9793,4.896087989241);
#9793 = AXIS2_PLACEMENT_3D('',#9794,#9795,#9796);
#9794 = CARTESIAN_POINT('',(-34.13365951086,36.05411767968,
    -23.06219229675));
#9795 = DIRECTION('',(0.,-1.,2.22044604925E-16));
#9796 = DIRECTION('',(1.,0.,0.));
#9797 = ADVANCED_FACE('',(#9798),#9817,.F.);
#9798 = FACE_BOUND('',#9799,.F.);
#9799 = EDGE_LOOP('',(#9800,#9808,#9815,#9816));
#9800 = ORIENTED_EDGE('',*,*,#9801,.T.);
#9801 = EDGE_CURVE('',#7919,#9802,#9804,.T.);
#9802 = VERTEX_POINT('',#9803);
#9803 = CARTESIAN_POINT('',(-66.19724763239,49.453387104118,
    -35.20689572326));
#9804 = LINE('',#9805,#9806);
#9805 = CARTESIAN_POINT('',(-66.19724763239,36.05411767968,
    -35.20689572326));
#9806 = VECTOR('',#9807,1.);
#9807 = DIRECTION('',(0.,-1.,2.22044604925E-16));
#9808 = ORIENTED_EDGE('',*,*,#9809,.F.);
#9809 = EDGE_CURVE('',#9802,#9802,#9810,.T.);
#9810 = CIRCLE('',#9811,4.896087989241);
#9811 = AXIS2_PLACEMENT_3D('',#9812,#9813,#9814);
#9812 = CARTESIAN_POINT('',(-61.30115964315,49.453387104118,
    -35.20689572326));
#9813 = DIRECTION('',(0.,-1.,2.22044604925E-16));
#9814 = DIRECTION('',(1.,0.,0.));
#9815 = ORIENTED_EDGE('',*,*,#9801,.F.);
#9816 = ORIENTED_EDGE('',*,*,#7918,.T.);
#9817 = CYLINDRICAL_SURFACE('',#9818,4.896087989241);
#9818 = AXIS2_PLACEMENT_3D('',#9819,#9820,#9821);
#9819 = CARTESIAN_POINT('',(-61.30115964315,36.05411767968,
    -35.20689572326));
#9820 = DIRECTION('',(0.,-1.,2.22044604925E-16));
#9821 = DIRECTION('',(1.,0.,0.));
#9822 = ADVANCED_FACE('',(#9823),#9842,.F.);
#9823 = FACE_BOUND('',#9824,.F.);
#9824 = EDGE_LOOP('',(#9825,#9833,#9840,#9841));
#9825 = ORIENTED_EDGE('',*,*,#9826,.T.);
#9826 = EDGE_CURVE('',#7930,#9827,#9829,.T.);
#9827 = VERTEX_POINT('',#9828);
#9828 = CARTESIAN_POINT('',(-52.59364200438,49.453387104118,
    -35.20689572326));
#9829 = LINE('',#9830,#9831);
#9830 = CARTESIAN_POINT('',(-52.59364200438,36.05411767968,
    -35.20689572326));
#9831 = VECTOR('',#9832,1.);
#9832 = DIRECTION('',(0.,-1.,2.22044604925E-16));
#9833 = ORIENTED_EDGE('',*,*,#9834,.F.);
#9834 = EDGE_CURVE('',#9827,#9827,#9835,.T.);
#9835 = CIRCLE('',#9836,4.896087989241);
#9836 = AXIS2_PLACEMENT_3D('',#9837,#9838,#9839);
#9837 = CARTESIAN_POINT('',(-47.69755401514,49.453387104118,
    -35.20689572326));
#9838 = DIRECTION('',(0.,-1.,2.22044604925E-16));
#9839 = DIRECTION('',(1.,0.,0.));
#9840 = ORIENTED_EDGE('',*,*,#9826,.F.);
#9841 = ORIENTED_EDGE('',*,*,#7929,.T.);
#9842 = CYLINDRICAL_SURFACE('',#9843,4.896087989241);
#9843 = AXIS2_PLACEMENT_3D('',#9844,#9845,#9846);
#9844 = CARTESIAN_POINT('',(-47.69755401514,36.05411767968,
    -35.20689572326));
#9845 = DIRECTION('',(0.,-1.,2.22044604925E-16));
#9846 = DIRECTION('',(1.,0.,0.));
#9847 = ADVANCED_FACE('',(#9848),#9867,.F.);
#9848 = FACE_BOUND('',#9849,.F.);
#9849 = EDGE_LOOP('',(#9850,#9858,#9865,#9866));
#9850 = ORIENTED_EDGE('',*,*,#9851,.T.);
#9851 = EDGE_CURVE('',#7941,#9852,#9854,.T.);
#9852 = VERTEX_POINT('',#9853);
#9853 = CARTESIAN_POINT('',(-39.0297475001,49.453387104118,
    -35.20689572326));
#9854 = LINE('',#9855,#9856);
#9855 = CARTESIAN_POINT('',(-39.0297475001,36.05411767968,
    -35.20689572326));
#9856 = VECTOR('',#9857,1.);
#9857 = DIRECTION('',(0.,-1.,2.22044604925E-16));
#9858 = ORIENTED_EDGE('',*,*,#9859,.F.);
#9859 = EDGE_CURVE('',#9852,#9852,#9860,.T.);
#9860 = CIRCLE('',#9861,4.896087989241);
#9861 = AXIS2_PLACEMENT_3D('',#9862,#9863,#9864);
#9862 = CARTESIAN_POINT('',(-34.13365951086,49.453387104118,
    -35.20689572326));
#9863 = DIRECTION('',(0.,-1.,2.22044604925E-16));
#9864 = DIRECTION('',(1.,0.,0.));
#9865 = ORIENTED_EDGE('',*,*,#9851,.F.);
#9866 = ORIENTED_EDGE('',*,*,#7940,.T.);
#9867 = CYLINDRICAL_SURFACE('',#9868,4.896087989241);
#9868 = AXIS2_PLACEMENT_3D('',#9869,#9870,#9871);
#9869 = CARTESIAN_POINT('',(-34.13365951086,36.05411767968,
    -35.20689572326));
#9870 = DIRECTION('',(0.,-1.,2.22044604925E-16));
#9871 = DIRECTION('',(1.,0.,0.));
#9872 = ADVANCED_FACE('',(#9873),#9892,.F.);
#9873 = FACE_BOUND('',#9874,.F.);
#9874 = EDGE_LOOP('',(#9875,#9883,#9890,#9891));
#9875 = ORIENTED_EDGE('',*,*,#9876,.T.);
#9876 = EDGE_CURVE('',#7952,#9877,#9879,.T.);
#9877 = VERTEX_POINT('',#9878);
#9878 = CARTESIAN_POINT('',(-25.52879914225,49.453387104118,
    -23.06219229675));
#9879 = LINE('',#9880,#9881);
#9880 = CARTESIAN_POINT('',(-25.52879914225,36.05411767968,
    -23.06219229675));
#9881 = VECTOR('',#9882,1.);
#9882 = DIRECTION('',(0.,-1.,2.22044604925E-16));
#9883 = ORIENTED_EDGE('',*,*,#9884,.F.);
#9884 = EDGE_CURVE('',#9877,#9877,#9885,.T.);
#9885 = CIRCLE('',#9886,4.896087989241);
#9886 = AXIS2_PLACEMENT_3D('',#9887,#9888,#9889);
#9887 = CARTESIAN_POINT('',(-20.63271115301,49.453387104118,
    -23.06219229675));
#9888 = DIRECTION('',(0.,-1.,2.22044604925E-16));
#9889 = DIRECTION('',(1.,0.,0.));
#9890 = ORIENTED_EDGE('',*,*,#9876,.F.);
#9891 = ORIENTED_EDGE('',*,*,#7951,.T.);
#9892 = CYLINDRICAL_SURFACE('',#9893,4.896087989241);
#9893 = AXIS2_PLACEMENT_3D('',#9894,#9895,#9896);
#9894 = CARTESIAN_POINT('',(-20.63271115301,36.05411767968,
    -23.06219229675));
#9895 = DIRECTION('',(0.,-1.,2.22044604925E-16));
#9896 = DIRECTION('',(1.,0.,0.));
#9897 = ADVANCED_FACE('',(#9898),#9917,.F.);
#9898 = FACE_BOUND('',#9899,.F.);
#9899 = EDGE_LOOP('',(#9900,#9908,#9915,#9916));
#9900 = ORIENTED_EDGE('',*,*,#9901,.T.);
#9901 = EDGE_CURVE('',#7963,#9902,#9904,.T.);
#9902 = VERTEX_POINT('',#9903);
#9903 = CARTESIAN_POINT('',(-11.93343590082,49.453387104118,
    -23.06219229675));
#9904 = LINE('',#9905,#9906);
#9905 = CARTESIAN_POINT('',(-11.93343590082,36.05411767968,
    -23.06219229675));
#9906 = VECTOR('',#9907,1.);
#9907 = DIRECTION('',(0.,-1.,2.22044604925E-16));
#9908 = ORIENTED_EDGE('',*,*,#9909,.F.);
#9909 = EDGE_CURVE('',#9902,#9902,#9910,.T.);
#9910 = CIRCLE('',#9911,4.896087989241);
#9911 = AXIS2_PLACEMENT_3D('',#9912,#9913,#9914);
#9912 = CARTESIAN_POINT('',(-7.037347911585,49.453387104118,
    -23.06219229675));
#9913 = DIRECTION('',(0.,-1.,2.22044604925E-16));
#9914 = DIRECTION('',(1.,0.,0.));
#9915 = ORIENTED_EDGE('',*,*,#9901,.F.);
#9916 = ORIENTED_EDGE('',*,*,#7962,.T.);
#9917 = CYLINDRICAL_SURFACE('',#9918,4.896087989241);
#9918 = AXIS2_PLACEMENT_3D('',#9919,#9920,#9921);
#9919 = CARTESIAN_POINT('',(-7.037347911585,36.05411767968,
    -23.06219229675));
#9920 = DIRECTION('',(0.,-1.,2.22044604925E-16));
#9921 = DIRECTION('',(1.,0.,0.));
#9922 = ADVANCED_FACE('',(#9923),#9942,.F.);
#9923 = FACE_BOUND('',#9924,.F.);
#9924 = EDGE_LOOP('',(#9925,#9933,#9940,#9941));
#9925 = ORIENTED_EDGE('',*,*,#9926,.T.);
#9926 = EDGE_CURVE('',#7974,#9927,#9929,.T.);
#9927 = VERTEX_POINT('',#9928);
#9928 = CARTESIAN_POINT('',(-25.52879914225,49.453387104118,
    -35.20689572326));
#9929 = LINE('',#9930,#9931);
#9930 = CARTESIAN_POINT('',(-25.52879914225,36.05411767968,
    -35.20689572326));
#9931 = VECTOR('',#9932,1.);
#9932 = DIRECTION('',(0.,-1.,2.22044604925E-16));
#9933 = ORIENTED_EDGE('',*,*,#9934,.F.);
#9934 = EDGE_CURVE('',#9927,#9927,#9935,.T.);
#9935 = CIRCLE('',#9936,4.896087989241);
#9936 = AXIS2_PLACEMENT_3D('',#9937,#9938,#9939);
#9937 = CARTESIAN_POINT('',(-20.63271115301,49.453387104118,
    -35.20689572326));
#9938 = DIRECTION('',(0.,-1.,2.22044604925E-16));
#9939 = DIRECTION('',(1.,0.,0.));
#9940 = ORIENTED_EDGE('',*,*,#9926,.F.);
#9941 = ORIENTED_EDGE('',*,*,#7973,.T.);
#9942 = CYLINDRICAL_SURFACE('',#9943,4.896087989241);
#9943 = AXIS2_PLACEMENT_3D('',#9944,#9945,#9946);
#9944 = CARTESIAN_POINT('',(-20.63271115301,36.05411767968,
    -35.20689572326));
#9945 = DIRECTION('',(0.,-1.,2.22044604925E-16));
#9946 = DIRECTION('',(1.,0.,0.));
#9947 = ADVANCED_FACE('',(#9948),#9967,.F.);
#9948 = FACE_BOUND('',#9949,.F.);
#9949 = EDGE_LOOP('',(#9950,#9958,#9965,#9966));
#9950 = ORIENTED_EDGE('',*,*,#9951,.T.);
#9951 = EDGE_CURVE('',#7985,#9952,#9954,.T.);
#9952 = VERTEX_POINT('',#9953);
#9953 = CARTESIAN_POINT('',(-11.93343590082,49.453387104118,
    -35.20689572326));
#9954 = LINE('',#9955,#9956);
#9955 = CARTESIAN_POINT('',(-11.93343590082,36.05411767968,
    -35.20689572326));
#9956 = VECTOR('',#9957,1.);
#9957 = DIRECTION('',(0.,-1.,2.22044604925E-16));
#9958 = ORIENTED_EDGE('',*,*,#9959,.F.);
#9959 = EDGE_CURVE('',#9952,#9952,#9960,.T.);
#9960 = CIRCLE('',#9961,4.896087989241);
#9961 = AXIS2_PLACEMENT_3D('',#9962,#9963,#9964);
#9962 = CARTESIAN_POINT('',(-7.037347911585,49.453387104118,
    -35.20689572326));
#9963 = DIRECTION('',(0.,-1.,2.22044604925E-16));
#9964 = DIRECTION('',(1.,0.,0.));
#9965 = ORIENTED_EDGE('',*,*,#9951,.F.);
#9966 = ORIENTED_EDGE('',*,*,#7984,.T.);
#9967 = CYLINDRICAL_SURFACE('',#9968,4.896087989241);
#9968 = AXIS2_PLACEMENT_3D('',#9969,#9970,#9971);
#9969 = CARTESIAN_POINT('',(-7.037347911585,36.05411767968,
    -35.20689572326));
#9970 = DIRECTION('',(0.,-1.,2.22044604925E-16));
#9971 = DIRECTION('',(1.,0.,0.));
#9972 = ADVANCED_FACE('',(#9973),#9992,.F.);
#9973 = FACE_BOUND('',#9974,.F.);
#9974 = EDGE_LOOP('',(#9975,#9983,#9990,#9991));
#9975 = ORIENTED_EDGE('',*,*,#9976,.T.);
#9976 = EDGE_CURVE('',#7996,#9977,#9979,.T.);
#9977 = VERTEX_POINT('',#9978);
#9978 = CARTESIAN_POINT('',(1.616014699745,49.453387104118,
    -11.01067461356));
#9979 = LINE('',#9980,#9981);
#9980 = CARTESIAN_POINT('',(1.616014699745,36.05411767968,
    -11.01067461356));
#9981 = VECTOR('',#9982,1.);
#9982 = DIRECTION('',(0.,-1.,2.22044604925E-16));
#9983 = ORIENTED_EDGE('',*,*,#9984,.F.);
#9984 = EDGE_CURVE('',#9977,#9977,#9985,.T.);
#9985 = CIRCLE('',#9986,4.896087989241);
#9986 = AXIS2_PLACEMENT_3D('',#9987,#9988,#9989);
#9987 = CARTESIAN_POINT('',(6.512102688986,49.453387104118,
    -11.01067461356));
#9988 = DIRECTION('',(0.,-1.,2.22044604925E-16));
#9989 = DIRECTION('',(1.,0.,0.));
#9990 = ORIENTED_EDGE('',*,*,#9976,.F.);
#9991 = ORIENTED_EDGE('',*,*,#7995,.T.);
#9992 = CYLINDRICAL_SURFACE('',#9993,4.896087989241);
#9993 = AXIS2_PLACEMENT_3D('',#9994,#9995,#9996);
#9994 = CARTESIAN_POINT('',(6.512102688986,36.05411767968,
    -11.01067461356));
#9995 = DIRECTION('',(0.,-1.,2.22044604925E-16));
#9996 = DIRECTION('',(1.,0.,0.));
#9997 = ADVANCED_FACE('',(#9998),#10017,.F.);
#9998 = FACE_BOUND('',#9999,.F.);
#9999 = EDGE_LOOP('',(#10000,#10008,#10015,#10016));
#10000 = ORIENTED_EDGE('',*,*,#10001,.T.);
#10001 = EDGE_CURVE('',#8007,#10002,#10004,.T.);
#10002 = VERTEX_POINT('',#10003);
#10003 = CARTESIAN_POINT('',(15.219619953987,49.453387104118,
    -11.01067461356));
#10004 = LINE('',#10005,#10006);
#10005 = CARTESIAN_POINT('',(15.219619953987,36.05411767968,
    -11.01067461356));
#10006 = VECTOR('',#10007,1.);
#10007 = DIRECTION('',(0.,-1.,2.22044604925E-16));
#10008 = ORIENTED_EDGE('',*,*,#10009,.F.);
#10009 = EDGE_CURVE('',#10002,#10002,#10010,.T.);
#10010 = CIRCLE('',#10011,4.896087989241);
#10011 = AXIS2_PLACEMENT_3D('',#10012,#10013,#10014);
#10012 = CARTESIAN_POINT('',(20.115707943228,49.453387104118,
    -11.01067461356));
#10013 = DIRECTION('',(0.,-1.,2.22044604925E-16));
#10014 = DIRECTION('',(1.,0.,0.));
#10015 = ORIENTED_EDGE('',*,*,#10001,.F.);
#10016 = ORIENTED_EDGE('',*,*,#8006,.T.);
#10017 = CYLINDRICAL_SURFACE('',#10018,4.896087989241);
#10018 = AXIS2_PLACEMENT_3D('',#10019,#10020,#10021);
#10019 = CARTESIAN_POINT('',(20.115707943228,36.05411767968,
    -11.01067461356));
#10020 = DIRECTION('',(0.,-1.,2.22044604925E-16));
#10021 = DIRECTION('',(1.,0.,0.));
#10022 = ADVANCED_FACE('',(#10023),#10042,.F.);
#10023 = FACE_BOUND('',#10024,.F.);
#10024 = EDGE_LOOP('',(#10025,#10033,#10040,#10041));
#10025 = ORIENTED_EDGE('',*,*,#10026,.T.);
#10026 = EDGE_CURVE('',#8018,#10027,#10029,.T.);
#10027 = VERTEX_POINT('',#10028);
#10028 = CARTESIAN_POINT('',(28.783513184153,49.453387104118,
    -11.01067461356));
#10029 = LINE('',#10030,#10031);
#10030 = CARTESIAN_POINT('',(28.783513184153,36.05411767968,
    -11.01067461356));
#10031 = VECTOR('',#10032,1.);
#10032 = DIRECTION('',(0.,-1.,2.22044604925E-16));
#10033 = ORIENTED_EDGE('',*,*,#10034,.F.);
#10034 = EDGE_CURVE('',#10027,#10027,#10035,.T.);
#10035 = CIRCLE('',#10036,4.896087989241);
#10036 = AXIS2_PLACEMENT_3D('',#10037,#10038,#10039);
#10037 = CARTESIAN_POINT('',(33.679601173394,49.453387104118,
    -11.01067461356));
#10038 = DIRECTION('',(0.,-1.,2.22044604925E-16));
#10039 = DIRECTION('',(1.,0.,0.));
#10040 = ORIENTED_EDGE('',*,*,#10026,.F.);
#10041 = ORIENTED_EDGE('',*,*,#8017,.T.);
#10042 = CYLINDRICAL_SURFACE('',#10043,4.896087989241);
#10043 = AXIS2_PLACEMENT_3D('',#10044,#10045,#10046);
#10044 = CARTESIAN_POINT('',(33.679601173394,36.05411767968,
    -11.01067461356));
#10045 = DIRECTION('',(0.,-1.,2.22044604925E-16));
#10046 = DIRECTION('',(1.,0.,0.));
#10047 = ADVANCED_FACE('',(#10048),#10067,.F.);
#10048 = FACE_BOUND('',#10049,.F.);
#10049 = EDGE_LOOP('',(#10050,#10058,#10065,#10066));
#10050 = ORIENTED_EDGE('',*,*,#10051,.T.);
#10051 = EDGE_CURVE('',#8029,#10052,#10054,.T.);
#10052 = VERTEX_POINT('',#10053);
#10053 = CARTESIAN_POINT('',(42.284467900722,49.453387104118,
    -11.01067461356));
#10054 = LINE('',#10055,#10056);
#10055 = CARTESIAN_POINT('',(42.284467900722,36.05411767968,
    -11.01067461356));
#10056 = VECTOR('',#10057,1.);
#10057 = DIRECTION('',(0.,-1.,2.22044604925E-16));
#10058 = ORIENTED_EDGE('',*,*,#10059,.F.);
#10059 = EDGE_CURVE('',#10052,#10052,#10060,.T.);
#10060 = CIRCLE('',#10061,4.896087989241);
#10061 = AXIS2_PLACEMENT_3D('',#10062,#10063,#10064);
#10062 = CARTESIAN_POINT('',(47.180555889963,49.453387104118,
    -11.01067461356));
#10063 = DIRECTION('',(0.,-1.,2.22044604925E-16));
#10064 = DIRECTION('',(1.,0.,0.));
#10065 = ORIENTED_EDGE('',*,*,#10051,.F.);
#10066 = ORIENTED_EDGE('',*,*,#8028,.T.);
#10067 = CYLINDRICAL_SURFACE('',#10068,4.896087989241);
#10068 = AXIS2_PLACEMENT_3D('',#10069,#10070,#10071);
#10069 = CARTESIAN_POINT('',(47.180555889963,36.05411767968,
    -11.01067461356));
#10070 = DIRECTION('',(0.,-1.,2.22044604925E-16));
#10071 = DIRECTION('',(1.,0.,0.));
#10072 = ADVANCED_FACE('',(#10073),#10092,.F.);
#10073 = FACE_BOUND('',#10074,.F.);
#10074 = EDGE_LOOP('',(#10075,#10083,#10090,#10091));
#10075 = ORIENTED_EDGE('',*,*,#10076,.T.);
#10076 = EDGE_CURVE('',#8040,#10077,#10079,.T.);
#10077 = VERTEX_POINT('',#10078);
#10078 = CARTESIAN_POINT('',(55.879831606219,49.453387104118,
    -11.01067461356));
#10079 = LINE('',#10080,#10081);
#10080 = CARTESIAN_POINT('',(55.879831606219,36.05411767968,
    -11.01067461356));
#10081 = VECTOR('',#10082,1.);
#10082 = DIRECTION('',(0.,-1.,2.22044604925E-16));
#10083 = ORIENTED_EDGE('',*,*,#10084,.F.);
#10084 = EDGE_CURVE('',#10077,#10077,#10085,.T.);
#10085 = CIRCLE('',#10086,4.896087989241);
#10086 = AXIS2_PLACEMENT_3D('',#10087,#10088,#10089);
#10087 = CARTESIAN_POINT('',(60.77591959546,49.453387104118,
    -11.01067461356));
#10088 = DIRECTION('',(0.,-1.,2.22044604925E-16));
#10089 = DIRECTION('',(1.,0.,0.));
#10090 = ORIENTED_EDGE('',*,*,#10076,.F.);
#10091 = ORIENTED_EDGE('',*,*,#8039,.T.);
#10092 = CYLINDRICAL_SURFACE('',#10093,4.896087989241);
#10093 = AXIS2_PLACEMENT_3D('',#10094,#10095,#10096);
#10094 = CARTESIAN_POINT('',(60.77591959546,36.05411767968,
    -11.01067461356));
#10095 = DIRECTION('',(0.,-1.,2.22044604925E-16));
#10096 = DIRECTION('',(1.,0.,0.));
#10097 = ADVANCED_FACE('',(#10098),#10117,.F.);
#10098 = FACE_BOUND('',#10099,.F.);
#10099 = EDGE_LOOP('',(#10100,#10108,#10115,#10116));
#10100 = ORIENTED_EDGE('',*,*,#10101,.T.);
#10101 = EDGE_CURVE('',#8051,#10102,#10104,.T.);
#10102 = VERTEX_POINT('',#10103);
#10103 = CARTESIAN_POINT('',(1.616014699745,49.453387104118,
    -23.06219229675));
#10104 = LINE('',#10105,#10106);
#10105 = CARTESIAN_POINT('',(1.616014699745,36.05411767968,
    -23.06219229675));
#10106 = VECTOR('',#10107,1.);
#10107 = DIRECTION('',(0.,-1.,2.22044604925E-16));
#10108 = ORIENTED_EDGE('',*,*,#10109,.F.);
#10109 = EDGE_CURVE('',#10102,#10102,#10110,.T.);
#10110 = CIRCLE('',#10111,4.896087989241);
#10111 = AXIS2_PLACEMENT_3D('',#10112,#10113,#10114);
#10112 = CARTESIAN_POINT('',(6.512102688986,49.453387104118,
    -23.06219229675));
#10113 = DIRECTION('',(0.,-1.,2.22044604925E-16));
#10114 = DIRECTION('',(1.,0.,0.));
#10115 = ORIENTED_EDGE('',*,*,#10101,.F.);
#10116 = ORIENTED_EDGE('',*,*,#8050,.T.);
#10117 = CYLINDRICAL_SURFACE('',#10118,4.896087989241);
#10118 = AXIS2_PLACEMENT_3D('',#10119,#10120,#10121);
#10119 = CARTESIAN_POINT('',(6.512102688986,36.05411767968,
    -23.06219229675));
#10120 = DIRECTION('',(0.,-1.,2.22044604925E-16));
#10121 = DIRECTION('',(1.,0.,0.));
#10122 = ADVANCED_FACE('',(#10123),#10142,.F.);
#10123 = FACE_BOUND('',#10124,.F.);
#10124 = EDGE_LOOP('',(#10125,#10133,#10140,#10141));
#10125 = ORIENTED_EDGE('',*,*,#10126,.T.);
#10126 = EDGE_CURVE('',#8062,#10127,#10129,.T.);
#10127 = VERTEX_POINT('',#10128);
#10128 = CARTESIAN_POINT('',(15.219619953987,49.453387104118,
    -23.06219229675));
#10129 = LINE('',#10130,#10131);
#10130 = CARTESIAN_POINT('',(15.219619953987,36.05411767968,
    -23.06219229675));
#10131 = VECTOR('',#10132,1.);
#10132 = DIRECTION('',(0.,-1.,2.22044604925E-16));
#10133 = ORIENTED_EDGE('',*,*,#10134,.F.);
#10134 = EDGE_CURVE('',#10127,#10127,#10135,.T.);
#10135 = CIRCLE('',#10136,4.896087989241);
#10136 = AXIS2_PLACEMENT_3D('',#10137,#10138,#10139);
#10137 = CARTESIAN_POINT('',(20.115707943228,49.453387104118,
    -23.06219229675));
#10138 = DIRECTION('',(0.,-1.,2.22044604925E-16));
#10139 = DIRECTION('',(1.,0.,0.));
#10140 = ORIENTED_EDGE('',*,*,#10126,.F.);
#10141 = ORIENTED_EDGE('',*,*,#8061,.T.);
#10142 = CYLINDRICAL_SURFACE('',#10143,4.896087989241);
#10143 = AXIS2_PLACEMENT_3D('',#10144,#10145,#10146);
#10144 = CARTESIAN_POINT('',(20.115707943228,36.05411767968,
    -23.06219229675));
#10145 = DIRECTION('',(0.,-1.,2.22044604925E-16));
#10146 = DIRECTION('',(1.,0.,0.));
#10147 = ADVANCED_FACE('',(#10148),#10167,.F.);
#10148 = FACE_BOUND('',#10149,.F.);
#10149 = EDGE_LOOP('',(#10150,#10158,#10165,#10166));
#10150 = ORIENTED_EDGE('',*,*,#10151,.T.);
#10151 = EDGE_CURVE('',#8073,#10152,#10154,.T.);
#10152 = VERTEX_POINT('',#10153);
#10153 = CARTESIAN_POINT('',(1.616014699745,49.453387104118,
    -35.20689572326));
#10154 = LINE('',#10155,#10156);
#10155 = CARTESIAN_POINT('',(1.616014699745,36.05411767968,
    -35.20689572326));
#10156 = VECTOR('',#10157,1.);
#10157 = DIRECTION('',(0.,-1.,2.22044604925E-16));
#10158 = ORIENTED_EDGE('',*,*,#10159,.F.);
#10159 = EDGE_CURVE('',#10152,#10152,#10160,.T.);
#10160 = CIRCLE('',#10161,4.896087989241);
#10161 = AXIS2_PLACEMENT_3D('',#10162,#10163,#10164);
#10162 = CARTESIAN_POINT('',(6.512102688986,49.453387104118,
    -35.20689572326));
#10163 = DIRECTION('',(0.,-1.,2.22044604925E-16));
#10164 = DIRECTION('',(1.,0.,0.));
#10165 = ORIENTED_EDGE('',*,*,#10151,.F.);
#10166 = ORIENTED_EDGE('',*,*,#8072,.T.);
#10167 = CYLINDRICAL_SURFACE('',#10168,4.896087989241);
#10168 = AXIS2_PLACEMENT_3D('',#10169,#10170,#10171);
#10169 = CARTESIAN_POINT('',(6.512102688986,36.05411767968,
    -35.20689572326));
#10170 = DIRECTION('',(0.,-1.,2.22044604925E-16));
#10171 = DIRECTION('',(1.,0.,0.));
#10172 = ADVANCED_FACE('',(#10173),#10192,.F.);
#10173 = FACE_BOUND('',#10174,.F.);
#10174 = EDGE_LOOP('',(#10175,#10183,#10190,#10191));
#10175 = ORIENTED_EDGE('',*,*,#10176,.T.);
#10176 = EDGE_CURVE('',#8084,#10177,#10179,.T.);
#10177 = VERTEX_POINT('',#10178);
#10178 = CARTESIAN_POINT('',(15.219619953987,49.453387104118,
    -35.20689572326));
#10179 = LINE('',#10180,#10181);
#10180 = CARTESIAN_POINT('',(15.219619953987,36.05411767968,
    -35.20689572326));
#10181 = VECTOR('',#10182,1.);
#10182 = DIRECTION('',(0.,-1.,2.22044604925E-16));
#10183 = ORIENTED_EDGE('',*,*,#10184,.F.);
#10184 = EDGE_CURVE('',#10177,#10177,#10185,.T.);
#10185 = CIRCLE('',#10186,4.896087989241);
#10186 = AXIS2_PLACEMENT_3D('',#10187,#10188,#10189);
#10187 = CARTESIAN_POINT('',(20.115707943228,49.453387104118,
    -35.20689572326));
#10188 = DIRECTION('',(0.,-1.,2.22044604925E-16));
#10189 = DIRECTION('',(1.,0.,0.));
#10190 = ORIENTED_EDGE('',*,*,#10176,.F.);
#10191 = ORIENTED_EDGE('',*,*,#8083,.T.);
#10192 = CYLINDRICAL_SURFACE('',#10193,4.896087989241);
#10193 = AXIS2_PLACEMENT_3D('',#10194,#10195,#10196);
#10194 = CARTESIAN_POINT('',(20.115707943228,36.05411767968,
    -35.20689572326));
#10195 = DIRECTION('',(0.,-1.,2.22044604925E-16));
#10196 = DIRECTION('',(1.,0.,0.));
#10197 = ADVANCED_FACE('',(#10198),#10217,.F.);
#10198 = FACE_BOUND('',#10199,.F.);
#10199 = EDGE_LOOP('',(#10200,#10208,#10215,#10216));
#10200 = ORIENTED_EDGE('',*,*,#10201,.T.);
#10201 = EDGE_CURVE('',#8095,#10202,#10204,.T.);
#10202 = VERTEX_POINT('',#10203);
#10203 = CARTESIAN_POINT('',(28.783513184153,49.453387104118,
    -23.06219229675));
#10204 = LINE('',#10205,#10206);
#10205 = CARTESIAN_POINT('',(28.783513184153,36.05411767968,
    -23.06219229675));
#10206 = VECTOR('',#10207,1.);
#10207 = DIRECTION('',(0.,-1.,2.22044604925E-16));
#10208 = ORIENTED_EDGE('',*,*,#10209,.F.);
#10209 = EDGE_CURVE('',#10202,#10202,#10210,.T.);
#10210 = CIRCLE('',#10211,4.896087989241);
#10211 = AXIS2_PLACEMENT_3D('',#10212,#10213,#10214);
#10212 = CARTESIAN_POINT('',(33.679601173394,49.453387104118,
    -23.06219229675));
#10213 = DIRECTION('',(0.,-1.,2.22044604925E-16));
#10214 = DIRECTION('',(1.,0.,0.));
#10215 = ORIENTED_EDGE('',*,*,#10201,.F.);
#10216 = ORIENTED_EDGE('',*,*,#8094,.T.);
#10217 = CYLINDRICAL_SURFACE('',#10218,4.896087989241);
#10218 = AXIS2_PLACEMENT_3D('',#10219,#10220,#10221);
#10219 = CARTESIAN_POINT('',(33.679601173394,36.05411767968,
    -23.06219229675));
#10220 = DIRECTION('',(0.,-1.,2.22044604925E-16));
#10221 = DIRECTION('',(1.,0.,0.));
#10222 = ADVANCED_FACE('',(#10223),#10242,.F.);
#10223 = FACE_BOUND('',#10224,.F.);
#10224 = EDGE_LOOP('',(#10225,#10233,#10240,#10241));
#10225 = ORIENTED_EDGE('',*,*,#10226,.T.);
#10226 = EDGE_CURVE('',#8106,#10227,#10229,.T.);
#10227 = VERTEX_POINT('',#10228);
#10228 = CARTESIAN_POINT('',(42.284467900722,49.453387104118,
    -23.06219229675));
#10229 = LINE('',#10230,#10231);
#10230 = CARTESIAN_POINT('',(42.284467900722,36.05411767968,
    -23.06219229675));
#10231 = VECTOR('',#10232,1.);
#10232 = DIRECTION('',(0.,-1.,2.22044604925E-16));
#10233 = ORIENTED_EDGE('',*,*,#10234,.F.);
#10234 = EDGE_CURVE('',#10227,#10227,#10235,.T.);
#10235 = CIRCLE('',#10236,4.896087989241);
#10236 = AXIS2_PLACEMENT_3D('',#10237,#10238,#10239);
#10237 = CARTESIAN_POINT('',(47.180555889963,49.453387104118,
    -23.06219229675));
#10238 = DIRECTION('',(0.,-1.,2.22044604925E-16));
#10239 = DIRECTION('',(1.,0.,0.));
#10240 = ORIENTED_EDGE('',*,*,#10226,.F.);
#10241 = ORIENTED_EDGE('',*,*,#8105,.T.);
#10242 = CYLINDRICAL_SURFACE('',#10243,4.896087989241);
#10243 = AXIS2_PLACEMENT_3D('',#10244,#10245,#10246);
#10244 = CARTESIAN_POINT('',(47.180555889963,36.05411767968,
    -23.06219229675));
#10245 = DIRECTION('',(0.,-1.,2.22044604925E-16));
#10246 = DIRECTION('',(1.,0.,0.));
#10247 = ADVANCED_FACE('',(#10248),#10267,.F.);
#10248 = FACE_BOUND('',#10249,.F.);
#10249 = EDGE_LOOP('',(#10250,#10258,#10265,#10266));
#10250 = ORIENTED_EDGE('',*,*,#10251,.T.);
#10251 = EDGE_CURVE('',#8117,#10252,#10254,.T.);
#10252 = VERTEX_POINT('',#10253);
#10253 = CARTESIAN_POINT('',(55.879831606219,49.453387104118,
    -23.06219229675));
#10254 = LINE('',#10255,#10256);
#10255 = CARTESIAN_POINT('',(55.879831606219,36.05411767968,
    -23.06219229675));
#10256 = VECTOR('',#10257,1.);
#10257 = DIRECTION('',(0.,-1.,2.22044604925E-16));
#10258 = ORIENTED_EDGE('',*,*,#10259,.F.);
#10259 = EDGE_CURVE('',#10252,#10252,#10260,.T.);
#10260 = CIRCLE('',#10261,4.896087989241);
#10261 = AXIS2_PLACEMENT_3D('',#10262,#10263,#10264);
#10262 = CARTESIAN_POINT('',(60.77591959546,49.453387104118,
    -23.06219229675));
#10263 = DIRECTION('',(0.,-1.,2.22044604925E-16));
#10264 = DIRECTION('',(1.,0.,0.));
#10265 = ORIENTED_EDGE('',*,*,#10251,.F.);
#10266 = ORIENTED_EDGE('',*,*,#8116,.T.);
#10267 = CYLINDRICAL_SURFACE('',#10268,4.896087989241);
#10268 = AXIS2_PLACEMENT_3D('',#10269,#10270,#10271);
#10269 = CARTESIAN_POINT('',(60.77591959546,36.05411767968,
    -23.06219229675));
#10270 = DIRECTION('',(0.,-1.,2.22044604925E-16));
#10271 = DIRECTION('',(1.,0.,0.));
#10272 = ADVANCED_FACE('',(#10273),#10292,.F.);
#10273 = FACE_BOUND('',#10274,.F.);
#10274 = EDGE_LOOP('',(#10275,#10283,#10290,#10291));
#10275 = ORIENTED_EDGE('',*,*,#10276,.T.);
#10276 = EDGE_CURVE('',#8128,#10277,#10279,.T.);
#10277 = VERTEX_POINT('',#10278);
#10278 = CARTESIAN_POINT('',(28.783513184153,49.453387104118,
    -35.20689572326));
#10279 = LINE('',#10280,#10281);
#10280 = CARTESIAN_POINT('',(28.783513184153,36.05411767968,
    -35.20689572326));
#10281 = VECTOR('',#10282,1.);
#10282 = DIRECTION('',(0.,-1.,2.22044604925E-16));
#10283 = ORIENTED_EDGE('',*,*,#10284,.F.);
#10284 = EDGE_CURVE('',#10277,#10277,#10285,.T.);
#10285 = CIRCLE('',#10286,4.896087989241);
#10286 = AXIS2_PLACEMENT_3D('',#10287,#10288,#10289);
#10287 = CARTESIAN_POINT('',(33.679601173394,49.453387104118,
    -35.20689572326));
#10288 = DIRECTION('',(0.,-1.,2.22044604925E-16));
#10289 = DIRECTION('',(1.,0.,0.));
#10290 = ORIENTED_EDGE('',*,*,#10276,.F.);
#10291 = ORIENTED_EDGE('',*,*,#8127,.T.);
#10292 = CYLINDRICAL_SURFACE('',#10293,4.896087989241);
#10293 = AXIS2_PLACEMENT_3D('',#10294,#10295,#10296);
#10294 = CARTESIAN_POINT('',(33.679601173394,36.05411767968,
    -35.20689572326));
#10295 = DIRECTION('',(0.,-1.,2.22044604925E-16));
#10296 = DIRECTION('',(1.,0.,0.));
#10297 = ADVANCED_FACE('',(#10298),#10317,.F.);
#10298 = FACE_BOUND('',#10299,.F.);
#10299 = EDGE_LOOP('',(#10300,#10308,#10315,#10316));
#10300 = ORIENTED_EDGE('',*,*,#10301,.T.);
#10301 = EDGE_CURVE('',#8139,#10302,#10304,.T.);
#10302 = VERTEX_POINT('',#10303);
#10303 = CARTESIAN_POINT('',(42.284467900722,49.453387104118,
    -35.20689572326));
#10304 = LINE('',#10305,#10306);
#10305 = CARTESIAN_POINT('',(42.284467900722,36.05411767968,
    -35.20689572326));
#10306 = VECTOR('',#10307,1.);
#10307 = DIRECTION('',(0.,-1.,2.22044604925E-16));
#10308 = ORIENTED_EDGE('',*,*,#10309,.F.);
#10309 = EDGE_CURVE('',#10302,#10302,#10310,.T.);
#10310 = CIRCLE('',#10311,4.896087989241);
#10311 = AXIS2_PLACEMENT_3D('',#10312,#10313,#10314);
#10312 = CARTESIAN_POINT('',(47.180555889963,49.453387104118,
    -35.20689572326));
#10313 = DIRECTION('',(0.,-1.,2.22044604925E-16));
#10314 = DIRECTION('',(1.,0.,0.));
#10315 = ORIENTED_EDGE('',*,*,#10301,.F.);
#10316 = ORIENTED_EDGE('',*,*,#8138,.T.);
#10317 = CYLINDRICAL_SURFACE('',#10318,4.896087989241);
#10318 = AXIS2_PLACEMENT_3D('',#10319,#10320,#10321);
#10319 = CARTESIAN_POINT('',(47.180555889963,36.05411767968,
    -35.20689572326));
#10320 = DIRECTION('',(0.,-1.,2.22044604925E-16));
#10321 = DIRECTION('',(1.,0.,0.));
#10322 = ADVANCED_FACE('',(#10323),#10342,.F.);
#10323 = FACE_BOUND('',#10324,.F.);
#10324 = EDGE_LOOP('',(#10325,#10333,#10340,#10341));
#10325 = ORIENTED_EDGE('',*,*,#10326,.T.);
#10326 = EDGE_CURVE('',#8150,#10327,#10329,.T.);
#10327 = VERTEX_POINT('',#10328);
#10328 = CARTESIAN_POINT('',(55.879831606219,49.453387104118,
    -35.20689572326));
#10329 = LINE('',#10330,#10331);
#10330 = CARTESIAN_POINT('',(55.879831606219,36.05411767968,
    -35.20689572326));
#10331 = VECTOR('',#10332,1.);
#10332 = DIRECTION('',(0.,-1.,2.22044604925E-16));
#10333 = ORIENTED_EDGE('',*,*,#10334,.F.);
#10334 = EDGE_CURVE('',#10327,#10327,#10335,.T.);
#10335 = CIRCLE('',#10336,4.896087989241);
#10336 = AXIS2_PLACEMENT_3D('',#10337,#10338,#10339);
#10337 = CARTESIAN_POINT('',(60.77591959546,49.453387104118,
    -35.20689572326));
#10338 = DIRECTION('',(0.,-1.,2.22044604925E-16));
#10339 = DIRECTION('',(1.,0.,0.));
#10340 = ORIENTED_EDGE('',*,*,#10326,.F.);
#10341 = ORIENTED_EDGE('',*,*,#8149,.T.);
#10342 = CYLINDRICAL_SURFACE('',#10343,4.896087989241);
#10343 = AXIS2_PLACEMENT_3D('',#10344,#10345,#10346);
#10344 = CARTESIAN_POINT('',(60.77591959546,36.05411767968,
    -35.20689572326));
#10345 = DIRECTION('',(0.,-1.,2.22044604925E-16));
#10346 = DIRECTION('',(1.,0.,0.));
#10347 = ADVANCED_FACE('',(#10348),#10382,.T.);
#10348 = FACE_BOUND('',#10349,.T.);
#10349 = EDGE_LOOP('',(#10350,#10351,#10359,#10367,#10375,#10381));
#10350 = ORIENTED_EDGE('',*,*,#9402,.T.);
#10351 = ORIENTED_EDGE('',*,*,#10352,.T.);
#10352 = EDGE_CURVE('',#9395,#10353,#10355,.T.);
#10353 = VERTEX_POINT('',#10354);
#10354 = CARTESIAN_POINT('',(-55.36,49.453387104118,64.665884914482));
#10355 = LINE('',#10356,#10357);
#10356 = CARTESIAN_POINT('',(-54.83,48.067387104118,64.665884914482));
#10357 = VECTOR('',#10358,1.);
#10358 = DIRECTION('',(-0.357172051568,0.934038610326,
    -2.073982342145E-16));
#10359 = ORIENTED_EDGE('',*,*,#10360,.T.);
#10360 = EDGE_CURVE('',#10353,#10361,#10363,.T.);
#10361 = VERTEX_POINT('',#10362);
#10362 = CARTESIAN_POINT('',(60.65,49.453387104118,64.665884914482));
#10363 = LINE('',#10364,#10365);
#10364 = CARTESIAN_POINT('',(-55.36,49.453387104118,64.665884914482));
#10365 = VECTOR('',#10366,1.);
#10366 = DIRECTION('',(1.,0.,0.));
#10367 = ORIENTED_EDGE('',*,*,#10368,.T.);
#10368 = EDGE_CURVE('',#10361,#10369,#10371,.T.);
#10369 = VERTEX_POINT('',#10370);
#10370 = CARTESIAN_POINT('',(62.3,47.892387104118,64.665884914482));
#10371 = LINE('',#10372,#10373);
#10372 = CARTESIAN_POINT('',(60.65,49.453387104118,64.665884914482));
#10373 = VECTOR('',#10374,1.);
#10374 = DIRECTION('',(0.726426833752,-0.687243810598,1.525987804114E-16
    ));
#10375 = ORIENTED_EDGE('',*,*,#10376,.T.);
#10376 = EDGE_CURVE('',#10369,#9341,#10377,.T.);
#10377 = LINE('',#10378,#10379);
#10378 = CARTESIAN_POINT('',(62.3,47.892387104118,64.665884914482));
#10379 = VECTOR('',#10380,1.);
#10380 = DIRECTION('',(0.988313482346,-0.152435102954,3.384739221214E-17
    ));
#10381 = ORIENTED_EDGE('',*,*,#9340,.T.);
#10382 = PLANE('',#10383);
#10383 = AXIS2_PLACEMENT_3D('',#10384,#10385,#10386);
#10384 = CARTESIAN_POINT('',(-0.233061537855,47.505371797562,
    64.665884914482));
#10385 = DIRECTION('',(0.,-2.22044604925E-16,-1.));
#10386 = DIRECTION('',(0.,1.,-2.22044604925E-16));
#10387 = ADVANCED_FACE('',(#10388),#10406,.T.);
#10388 = FACE_BOUND('',#10389,.T.);
#10389 = EDGE_LOOP('',(#10390,#10391,#10399,#10405));
#10390 = ORIENTED_EDGE('',*,*,#9394,.T.);
#10391 = ORIENTED_EDGE('',*,*,#10392,.T.);
#10392 = EDGE_CURVE('',#9387,#10393,#10395,.T.);
#10393 = VERTEX_POINT('',#10394);
#10394 = CARTESIAN_POINT('',(-55.36,49.453387104118,4.725884914482));
#10395 = LINE('',#10396,#10397);
#10396 = CARTESIAN_POINT('',(-54.83,48.067387104118,4.725884914482));
#10397 = VECTOR('',#10398,1.);
#10398 = DIRECTION('',(-0.357172051568,0.934038610326,
    -2.073982342145E-16));
#10399 = ORIENTED_EDGE('',*,*,#10400,.F.);
#10400 = EDGE_CURVE('',#10353,#10393,#10401,.T.);
#10401 = LINE('',#10402,#10403);
#10402 = CARTESIAN_POINT('',(-55.36,49.453387104118,64.665884914482));
#10403 = VECTOR('',#10404,1.);
#10404 = DIRECTION('',(0.,-2.22044604925E-16,-1.));
#10405 = ORIENTED_EDGE('',*,*,#10352,.F.);
#10406 = PLANE('',#10407);
#10407 = AXIS2_PLACEMENT_3D('',#10408,#10409,#10410);
#10408 = CARTESIAN_POINT('',(-54.83,48.067387104118,64.665884914482));
#10409 = DIRECTION('',(0.934038610326,0.357172051568,-7.930812708064E-17
    ));
#10410 = DIRECTION('',(-0.357172051568,0.934038610326,
    -2.073982342145E-16));
#10411 = ADVANCED_FACE('',(#10412),#10422,.F.);
#10412 = FACE_BOUND('',#10413,.T.);
#10413 = EDGE_LOOP('',(#10414,#10415,#10421));
#10414 = ORIENTED_EDGE('',*,*,#9458,.F.);
#10415 = ORIENTED_EDGE('',*,*,#10416,.T.);
#10416 = EDGE_CURVE('',#9451,#9379,#10417,.T.);
#10417 = LINE('',#10418,#10419);
#10418 = CARTESIAN_POINT('',(-72.159,36.05411767968,4.725884914482));
#10419 = VECTOR('',#10420,1.);
#10420 = DIRECTION('',(0.,1.,-2.22044604925E-16));
#10421 = ORIENTED_EDGE('',*,*,#9378,.F.);
#10422 = PLANE('',#10423);
#10423 = AXIS2_PLACEMENT_3D('',#10424,#10425,#10426);
#10424 = CARTESIAN_POINT('',(-0.233061537855,47.505371797562,
    4.725884914482));
#10425 = DIRECTION('',(0.,-2.22044604925E-16,-1.));
#10426 = DIRECTION('',(0.,1.,-2.22044604925E-16));
#10427 = ADVANCED_FACE('',(#10428),#10446,.T.);
#10428 = FACE_BOUND('',#10429,.T.);
#10429 = EDGE_LOOP('',(#10430,#10431,#10439,#10445));
#10430 = ORIENTED_EDGE('',*,*,#9386,.F.);
#10431 = ORIENTED_EDGE('',*,*,#10432,.T.);
#10432 = EDGE_CURVE('',#9379,#10433,#10435,.T.);
#10433 = VERTEX_POINT('',#10434);
#10434 = CARTESIAN_POINT('',(-72.159,49.453387104118,4.725884914482));
#10435 = LINE('',#10436,#10437);
#10436 = CARTESIAN_POINT('',(-72.159,36.05411767968,4.725884914482));
#10437 = VECTOR('',#10438,1.);
#10438 = DIRECTION('',(0.,1.,-2.22044604925E-16));
#10439 = ORIENTED_EDGE('',*,*,#10440,.T.);
#10440 = EDGE_CURVE('',#10433,#10393,#10441,.T.);
#10441 = LINE('',#10442,#10443);
#10442 = CARTESIAN_POINT('',(-72.159,49.453387104118,4.725884914482));
#10443 = VECTOR('',#10444,1.);
#10444 = DIRECTION('',(1.,0.,0.));
#10445 = ORIENTED_EDGE('',*,*,#10392,.F.);
#10446 = PLANE('',#10447);
#10447 = AXIS2_PLACEMENT_3D('',#10448,#10449,#10450);
#10448 = CARTESIAN_POINT('',(-72.159,36.05411767968,4.725884914482));
#10449 = DIRECTION('',(0.,-2.22044604925E-16,-1.));
#10450 = DIRECTION('',(0.,1.,-2.22044604925E-16));
#10451 = ADVANCED_FACE('',(#10452),#10469,.F.);
#10452 = FACE_BOUND('',#10453,.T.);
#10453 = EDGE_LOOP('',(#10454,#10455,#10463));
#10454 = ORIENTED_EDGE('',*,*,#9426,.F.);
#10455 = ORIENTED_EDGE('',*,*,#10456,.F.);
#10456 = EDGE_CURVE('',#10457,#9419,#10459,.T.);
#10457 = VERTEX_POINT('',#10458);
#10458 = CARTESIAN_POINT('',(69.385,46.799613683824,4.725884914482));
#10459 = LINE('',#10460,#10461);
#10460 = CARTESIAN_POINT('',(62.3,47.892387104118,4.725884914482));
#10461 = VECTOR('',#10462,1.);
#10462 = DIRECTION('',(0.988313482346,-0.152435102954,3.384739221214E-17
    ));
#10463 = ORIENTED_EDGE('',*,*,#10464,.F.);
#10464 = EDGE_CURVE('',#9427,#10457,#10465,.T.);
#10465 = LINE('',#10466,#10467);
#10466 = CARTESIAN_POINT('',(69.385,36.05411767968,4.725884914482));
#10467 = VECTOR('',#10468,1.);
#10468 = DIRECTION('',(0.,1.,-2.22044604925E-16));
#10469 = PLANE('',#10470);
#10470 = AXIS2_PLACEMENT_3D('',#10471,#10472,#10473);
#10471 = CARTESIAN_POINT('',(-0.233061537855,47.505371797562,
    4.725884914482));
#10472 = DIRECTION('',(0.,-2.22044604925E-16,-1.));
#10473 = DIRECTION('',(0.,1.,-2.22044604925E-16));
#10474 = ADVANCED_FACE('',(#10475),#10501,.F.);
#10475 = FACE_BOUND('',#10476,.T.);
#10476 = EDGE_LOOP('',(#10477,#10478,#10486,#10494,#10500));
#10477 = ORIENTED_EDGE('',*,*,#10464,.T.);
#10478 = ORIENTED_EDGE('',*,*,#10479,.T.);
#10479 = EDGE_CURVE('',#10457,#10480,#10482,.T.);
#10480 = VERTEX_POINT('',#10481);
#10481 = CARTESIAN_POINT('',(69.385,49.453387104118,4.725884914482));
#10482 = LINE('',#10483,#10484);
#10483 = CARTESIAN_POINT('',(69.385,36.05411767968,4.725884914482));
#10484 = VECTOR('',#10485,1.);
#10485 = DIRECTION('',(0.,1.,-2.22044604925E-16));
#10486 = ORIENTED_EDGE('',*,*,#10487,.T.);
#10487 = EDGE_CURVE('',#10480,#10488,#10490,.T.);
#10488 = VERTEX_POINT('',#10489);
#10489 = CARTESIAN_POINT('',(69.385,49.453387104118,-57.31911508551));
#10490 = LINE('',#10491,#10492);
#10491 = CARTESIAN_POINT('',(69.385,49.453387104118,4.725884914482));
#10492 = VECTOR('',#10493,1.);
#10493 = DIRECTION('',(0.,-2.22044604925E-16,-1.));
#10494 = ORIENTED_EDGE('',*,*,#10495,.F.);
#10495 = EDGE_CURVE('',#9435,#10488,#10496,.T.);
#10496 = LINE('',#10497,#10498);
#10497 = CARTESIAN_POINT('',(69.385,36.05411767968,-57.31911508551));
#10498 = VECTOR('',#10499,1.);
#10499 = DIRECTION('',(0.,1.,-2.22044604925E-16));
#10500 = ORIENTED_EDGE('',*,*,#9434,.F.);
#10501 = PLANE('',#10502);
#10502 = AXIS2_PLACEMENT_3D('',#10503,#10504,#10505);
#10503 = CARTESIAN_POINT('',(69.385,36.05411767968,4.725884914482));
#10504 = DIRECTION('',(1.,0.,0.));
#10505 = DIRECTION('',(0.,1.,-2.22044604925E-16));
#10506 = ADVANCED_FACE('',(#10507),#10525,.F.);
#10507 = FACE_BOUND('',#10508,.T.);
#10508 = EDGE_LOOP('',(#10509,#10510,#10518,#10524));
#10509 = ORIENTED_EDGE('',*,*,#10495,.T.);
#10510 = ORIENTED_EDGE('',*,*,#10511,.F.);
#10511 = EDGE_CURVE('',#10512,#10488,#10514,.T.);
#10512 = VERTEX_POINT('',#10513);
#10513 = CARTESIAN_POINT('',(-72.159,49.453387104118,-57.31911508551));
#10514 = LINE('',#10515,#10516);
#10515 = CARTESIAN_POINT('',(-72.159,49.453387104118,-57.31911508551));
#10516 = VECTOR('',#10517,1.);
#10517 = DIRECTION('',(1.,0.,0.));
#10518 = ORIENTED_EDGE('',*,*,#10519,.F.);
#10519 = EDGE_CURVE('',#9443,#10512,#10520,.T.);
#10520 = LINE('',#10521,#10522);
#10521 = CARTESIAN_POINT('',(-72.159,36.05411767968,-57.31911508551));
#10522 = VECTOR('',#10523,1.);
#10523 = DIRECTION('',(0.,1.,-2.22044604925E-16));
#10524 = ORIENTED_EDGE('',*,*,#9442,.F.);
#10525 = PLANE('',#10526);
#10526 = AXIS2_PLACEMENT_3D('',#10527,#10528,#10529);
#10527 = CARTESIAN_POINT('',(-72.159,36.05411767968,-57.31911508551));
#10528 = DIRECTION('',(0.,-2.22044604925E-16,-1.));
#10529 = DIRECTION('',(0.,1.,-2.22044604925E-16));
#10530 = ADVANCED_FACE('',(#10531),#10543,.T.);
#10531 = FACE_BOUND('',#10532,.T.);
#10532 = EDGE_LOOP('',(#10533,#10534,#10535,#10536,#10542));
#10533 = ORIENTED_EDGE('',*,*,#10416,.F.);
#10534 = ORIENTED_EDGE('',*,*,#9450,.T.);
#10535 = ORIENTED_EDGE('',*,*,#10519,.T.);
#10536 = ORIENTED_EDGE('',*,*,#10537,.F.);
#10537 = EDGE_CURVE('',#10433,#10512,#10538,.T.);
#10538 = LINE('',#10539,#10540);
#10539 = CARTESIAN_POINT('',(-72.159,49.453387104118,4.725884914482));
#10540 = VECTOR('',#10541,1.);
#10541 = DIRECTION('',(0.,-2.22044604925E-16,-1.));
#10542 = ORIENTED_EDGE('',*,*,#10432,.F.);
#10543 = PLANE('',#10544);
#10544 = AXIS2_PLACEMENT_3D('',#10545,#10546,#10547);
#10545 = CARTESIAN_POINT('',(-72.159,36.05411767968,4.725884914482));
#10546 = DIRECTION('',(1.,0.,0.));
#10547 = DIRECTION('',(0.,1.,-2.22044604925E-16));
#10548 = ADVANCED_FACE('',(#10549),#10568,.T.);
#10549 = FACE_BOUND('',#10550,.T.);
#10550 = EDGE_LOOP('',(#10551,#10559,#10565,#10566,#10567));
#10551 = ORIENTED_EDGE('',*,*,#10552,.T.);
#10552 = EDGE_CURVE('',#10369,#10553,#10555,.T.);
#10553 = VERTEX_POINT('',#10554);
#10554 = CARTESIAN_POINT('',(62.3,47.892387104118,4.725884914482));
#10555 = LINE('',#10556,#10557);
#10556 = CARTESIAN_POINT('',(62.3,47.892387104118,64.665884914482));
#10557 = VECTOR('',#10558,1.);
#10558 = DIRECTION('',(0.,-2.22044604925E-16,-1.));
#10559 = ORIENTED_EDGE('',*,*,#10560,.T.);
#10560 = EDGE_CURVE('',#10553,#10457,#10561,.T.);
#10561 = LINE('',#10562,#10563);
#10562 = CARTESIAN_POINT('',(62.3,47.892387104118,4.725884914482));
#10563 = VECTOR('',#10564,1.);
#10564 = DIRECTION('',(0.988313482346,-0.152435102954,3.384739221214E-17
    ));
#10565 = ORIENTED_EDGE('',*,*,#10456,.T.);
#10566 = ORIENTED_EDGE('',*,*,#9488,.F.);
#10567 = ORIENTED_EDGE('',*,*,#10376,.F.);
#10568 = PLANE('',#10569);
#10569 = AXIS2_PLACEMENT_3D('',#10570,#10571,#10572);
#10570 = CARTESIAN_POINT('',(62.3,47.892387104118,64.665884914482));
#10571 = DIRECTION('',(-0.152435102954,-0.988313482346,
    2.194496767297E-16));
#10572 = DIRECTION('',(0.988313482346,-0.152435102954,3.384739221214E-17
    ));
#10573 = ADVANCED_FACE('',(#10574,#10596,#10599,#10602,#10605,#10608,
    #10611,#10614,#10617,#10620,#10623,#10626,#10629,#10632,#10635,
    #10638,#10641,#10644,#10647,#10650,#10653,#10656,#10659,#10662,
    #10665,#10668,#10671,#10674,#10677,#10680,#10683,#10686),#10692,.T.
  );
#10574 = FACE_BOUND('',#10575,.T.);
#10575 = EDGE_LOOP('',(#10576,#10577,#10578,#10579,#10580,#10581,#10589,
    #10595));
#10576 = ORIENTED_EDGE('',*,*,#10400,.T.);
#10577 = ORIENTED_EDGE('',*,*,#10440,.F.);
#10578 = ORIENTED_EDGE('',*,*,#10537,.T.);
#10579 = ORIENTED_EDGE('',*,*,#10511,.T.);
#10580 = ORIENTED_EDGE('',*,*,#10487,.F.);
#10581 = ORIENTED_EDGE('',*,*,#10582,.F.);
#10582 = EDGE_CURVE('',#10583,#10480,#10585,.T.);
#10583 = VERTEX_POINT('',#10584);
#10584 = CARTESIAN_POINT('',(60.65,49.453387104118,4.725884914482));
#10585 = LINE('',#10586,#10587);
#10586 = CARTESIAN_POINT('',(-72.159,49.453387104118,4.725884914482));
#10587 = VECTOR('',#10588,1.);
#10588 = DIRECTION('',(1.,0.,0.));
#10589 = ORIENTED_EDGE('',*,*,#10590,.F.);
#10590 = EDGE_CURVE('',#10361,#10583,#10591,.T.);
#10591 = LINE('',#10592,#10593);
#10592 = CARTESIAN_POINT('',(60.65,49.453387104118,64.665884914482));
#10593 = VECTOR('',#10594,1.);
#10594 = DIRECTION('',(0.,-2.22044604925E-16,-1.));
#10595 = ORIENTED_EDGE('',*,*,#10360,.F.);
#10596 = FACE_BOUND('',#10597,.T.);
#10597 = EDGE_LOOP('',(#10598));
#10598 = ORIENTED_EDGE('',*,*,#9809,.F.);
#10599 = FACE_BOUND('',#10600,.T.);
#10600 = EDGE_LOOP('',(#10601));
#10601 = ORIENTED_EDGE('',*,*,#9834,.F.);
#10602 = FACE_BOUND('',#10603,.T.);
#10603 = EDGE_LOOP('',(#10604));
#10604 = ORIENTED_EDGE('',*,*,#9859,.F.);
#10605 = FACE_BOUND('',#10606,.T.);
#10606 = EDGE_LOOP('',(#10607));
#10607 = ORIENTED_EDGE('',*,*,#9734,.F.);
#10608 = FACE_BOUND('',#10609,.T.);
#10609 = EDGE_LOOP('',(#10610));
#10610 = ORIENTED_EDGE('',*,*,#9759,.F.);
#10611 = FACE_BOUND('',#10612,.T.);
#10612 = EDGE_LOOP('',(#10613));
#10613 = ORIENTED_EDGE('',*,*,#9784,.F.);
#10614 = FACE_BOUND('',#10615,.T.);
#10615 = EDGE_LOOP('',(#10616));
#10616 = ORIENTED_EDGE('',*,*,#9934,.F.);
#10617 = FACE_BOUND('',#10618,.T.);
#10618 = EDGE_LOOP('',(#10619));
#10619 = ORIENTED_EDGE('',*,*,#9959,.F.);
#10620 = FACE_BOUND('',#10621,.T.);
#10621 = EDGE_LOOP('',(#10622));
#10622 = ORIENTED_EDGE('',*,*,#9884,.F.);
#10623 = FACE_BOUND('',#10624,.T.);
#10624 = EDGE_LOOP('',(#10625));
#10625 = ORIENTED_EDGE('',*,*,#9909,.F.);
#10626 = FACE_BOUND('',#10627,.T.);
#10627 = EDGE_LOOP('',(#10628));
#10628 = ORIENTED_EDGE('',*,*,#9609,.F.);
#10629 = FACE_BOUND('',#10630,.T.);
#10630 = EDGE_LOOP('',(#10631));
#10631 = ORIENTED_EDGE('',*,*,#9634,.F.);
#10632 = FACE_BOUND('',#10633,.T.);
#10633 = EDGE_LOOP('',(#10634));
#10634 = ORIENTED_EDGE('',*,*,#9659,.F.);
#10635 = FACE_BOUND('',#10636,.T.);
#10636 = EDGE_LOOP('',(#10637));
#10637 = ORIENTED_EDGE('',*,*,#9684,.F.);
#10638 = FACE_BOUND('',#10639,.T.);
#10639 = EDGE_LOOP('',(#10640));
#10640 = ORIENTED_EDGE('',*,*,#9709,.F.);
#10641 = FACE_BOUND('',#10642,.T.);
#10642 = EDGE_LOOP('',(#10643));
#10643 = ORIENTED_EDGE('',*,*,#10159,.F.);
#10644 = FACE_BOUND('',#10645,.T.);
#10645 = EDGE_LOOP('',(#10646));
#10646 = ORIENTED_EDGE('',*,*,#10184,.F.);
#10647 = FACE_BOUND('',#10648,.T.);
#10648 = EDGE_LOOP('',(#10649));
#10649 = ORIENTED_EDGE('',*,*,#10109,.F.);
#10650 = FACE_BOUND('',#10651,.T.);
#10651 = EDGE_LOOP('',(#10652));
#10652 = ORIENTED_EDGE('',*,*,#10134,.F.);
#10653 = FACE_BOUND('',#10654,.T.);
#10654 = EDGE_LOOP('',(#10655));
#10655 = ORIENTED_EDGE('',*,*,#10284,.F.);
#10656 = FACE_BOUND('',#10657,.T.);
#10657 = EDGE_LOOP('',(#10658));
#10658 = ORIENTED_EDGE('',*,*,#10309,.F.);
#10659 = FACE_BOUND('',#10660,.T.);
#10660 = EDGE_LOOP('',(#10661));
#10661 = ORIENTED_EDGE('',*,*,#10334,.F.);
#10662 = FACE_BOUND('',#10663,.T.);
#10663 = EDGE_LOOP('',(#10664));
#10664 = ORIENTED_EDGE('',*,*,#10209,.F.);
#10665 = FACE_BOUND('',#10666,.T.);
#10666 = EDGE_LOOP('',(#10667));
#10667 = ORIENTED_EDGE('',*,*,#10234,.F.);
#10668 = FACE_BOUND('',#10669,.T.);
#10669 = EDGE_LOOP('',(#10670));
#10670 = ORIENTED_EDGE('',*,*,#10259,.F.);
#10671 = FACE_BOUND('',#10672,.T.);
#10672 = EDGE_LOOP('',(#10673));
#10673 = ORIENTED_EDGE('',*,*,#9984,.F.);
#10674 = FACE_BOUND('',#10675,.T.);
#10675 = EDGE_LOOP('',(#10676));
#10676 = ORIENTED_EDGE('',*,*,#10009,.F.);
#10677 = FACE_BOUND('',#10678,.T.);
#10678 = EDGE_LOOP('',(#10679));
#10679 = ORIENTED_EDGE('',*,*,#10034,.F.);
#10680 = FACE_BOUND('',#10681,.T.);
#10681 = EDGE_LOOP('',(#10682));
#10682 = ORIENTED_EDGE('',*,*,#10059,.F.);
#10683 = FACE_BOUND('',#10684,.T.);
#10684 = EDGE_LOOP('',(#10685));
#10685 = ORIENTED_EDGE('',*,*,#10084,.F.);
#10686 = FACE_BOUND('',#10687,.T.);
#10687 = EDGE_LOOP('',(#10688,#10689,#10690,#10691));
#10688 = ORIENTED_EDGE('',*,*,#9587,.F.);
#10689 = ORIENTED_EDGE('',*,*,#9561,.T.);
#10690 = ORIENTED_EDGE('',*,*,#9513,.T.);
#10691 = ORIENTED_EDGE('',*,*,#9546,.F.);
#10692 = PLANE('',#10693);
#10693 = AXIS2_PLACEMENT_3D('',#10694,#10695,#10696);
#10694 = CARTESIAN_POINT('',(-55.36,49.453387104118,64.665884914482));
#10695 = DIRECTION('',(0.,-1.,2.22044604925E-16));
#10696 = DIRECTION('',(1.,0.,0.));
#10697 = ADVANCED_FACE('',(#10698),#10709,.T.);
#10698 = FACE_BOUND('',#10699,.T.);
#10699 = EDGE_LOOP('',(#10700,#10701,#10707,#10708));
#10700 = ORIENTED_EDGE('',*,*,#10590,.T.);
#10701 = ORIENTED_EDGE('',*,*,#10702,.T.);
#10702 = EDGE_CURVE('',#10583,#10553,#10703,.T.);
#10703 = LINE('',#10704,#10705);
#10704 = CARTESIAN_POINT('',(60.65,49.453387104118,4.725884914482));
#10705 = VECTOR('',#10706,1.);
#10706 = DIRECTION('',(0.726426833752,-0.687243810598,1.525987804114E-16
    ));
#10707 = ORIENTED_EDGE('',*,*,#10552,.F.);
#10708 = ORIENTED_EDGE('',*,*,#10368,.F.);
#10709 = PLANE('',#10710);
#10710 = AXIS2_PLACEMENT_3D('',#10711,#10712,#10713);
#10711 = CARTESIAN_POINT('',(60.65,49.453387104118,64.665884914482));
#10712 = DIRECTION('',(-0.687243810598,-0.726426833752,
    1.612991593074E-16));
#10713 = DIRECTION('',(0.726426833752,-0.687243810598,1.525987804114E-16
    ));
#10714 = ADVANCED_FACE('',(#10715),#10721,.T.);
#10715 = FACE_BOUND('',#10716,.T.);
#10716 = EDGE_LOOP('',(#10717,#10718,#10719,#10720));
#10717 = ORIENTED_EDGE('',*,*,#10479,.F.);
#10718 = ORIENTED_EDGE('',*,*,#10560,.F.);
#10719 = ORIENTED_EDGE('',*,*,#10702,.F.);
#10720 = ORIENTED_EDGE('',*,*,#10582,.T.);
#10721 = PLANE('',#10722);
#10722 = AXIS2_PLACEMENT_3D('',#10723,#10724,#10725);
#10723 = CARTESIAN_POINT('',(-72.159,36.05411767968,4.725884914482));
#10724 = DIRECTION('',(0.,-2.22044604925E-16,-1.));
#10725 = DIRECTION('',(0.,1.,-2.22044604925E-16));
#10726 = ( GEOMETRIC_REPRESENTATION_CONTEXT(3) 
GLOBAL_UNCERTAINTY_ASSIGNED_CONTEXT((#10730)) 
GLOBAL_UNIT_ASSIGNED_CONTEXT((#10727,#10728,#10729)) 
REPRESENTATION_CONTEXT('Context #1',
  '3D Context with UNIT and UNCERTAINTY') );
#10727 = ( LENGTH_UNIT() NAMED_UNIT(*) SI_UNIT(.MILLI.,.METRE.) );
#10728 = ( NAMED_UNIT(*) PLANE_ANGLE_UNIT() SI_UNIT($,.RADIAN.) );
#10729 = ( NAMED_UNIT(*) SI_UNIT($,.STERADIAN.) SOLID_ANGLE_UNIT() );
#10730 = UNCERTAINTY_MEASURE_WITH_UNIT(LENGTH_MEASURE(2.E-03),#10727,
  'distance_accuracy_value','confusion accuracy');
#10731 = CONTEXT_DEPENDENT_SHAPE_REPRESENTATION(#10732,#10734);
#10732 = ( REPRESENTATION_RELATIONSHIP('','',#32,#10) 
REPRESENTATION_RELATIONSHIP_WITH_TRANSFORMATION(#10733) 
SHAPE_REPRESENTATION_RELATIONSHIP() );
#10733 = ITEM_DEFINED_TRANSFORMATION('','',#11,#15);
#10734 = PRODUCT_DEFINITION_SHAPE('Placement','Placement of an item',
  #10735);
#10735 = NEXT_ASSEMBLY_USAGE_OCCURRENCE('2','002-Tampa(1)-1','',#5,#27,$
  );
#10736 = PRODUCT_RELATED_PRODUCT_CATEGORY('part',$,(#29));
#10737 = REPRESENTATION('material name',(#10738),#10726);
#10738 = DESCRIPTIVE_REPRESENTATION_ITEM('Aço','Aço');
#10739 = DERIVED_UNIT((#10740,#10742));
#10740 = DERIVED_UNIT_ELEMENT(#10741,3.);
#10741 = ( MASS_UNIT() NAMED_UNIT(*) SI_UNIT($,.GRAM.) );
#10742 = DERIVED_UNIT_ELEMENT(#10743,2.);
#10743 = ( LENGTH_UNIT() NAMED_UNIT(*) SI_UNIT(.CENTI.,.METRE.) );
#10744 = REPRESENTATION('density',(#10745),#10726);
#10745 = MEASURE_REPRESENTATION_ITEM('density measure',
  POSITIVE_RATIO_MEASURE(7.85E-03),#10739);
#10746 = PROPERTY_DEFINITION('material property','material name',#27);
#10747 = PROPERTY_DEFINITION_REPRESENTATION(#10746,#10737);
#10748 = PROPERTY_DEFINITION('material property','density',#27);
#10749 = PROPERTY_DEFINITION_REPRESENTATION(#10748,#10744);
#10750 = MECHANICAL_DESIGN_GEOMETRIC_PRESENTATION_REPRESENTATION('',(
    #10751),#10726);
#10751 = STYLED_ITEM('color',(#10752),#33);
#10752 = PRESENTATION_STYLE_ASSIGNMENT((#10753));
#10753 = SURFACE_STYLE_USAGE(.BOTH.,#10754);
#10754 = SURFACE_SIDE_STYLE('',(#10755));
#10755 = SURFACE_STYLE_FILL_AREA(#10756);
#10756 = FILL_AREA_STYLE('',(#10757));
#10757 = FILL_AREA_STYLE_COLOUR('',#10758);
#10758 = COLOUR_RGB('',0.298039221799,0.549019611989,0.850980378684);
ENDSEC;
END-ISO-10303-21;
